ageIndex,sex,region,ageShare,ageBenchmark,ageEvidence,sexShare,sexBenchmark,sexEvidence,agePart,sexPart,score,reason
"0","male","거제","0.058600000000000006","0.0455477202279772","0.36352181914054466","0.6108","0.6106","0.00047247259007131965","0.0027264136435540846","0.0000011811814751782992","0.002727594825029263","SEPARATE_REGIONAL_MARGINALS"
"0","male","평택","0.0373037303730373","0.0455477202279772","0","0.6476000000000001","0.6106","0.084875396095786","0","0.000212188490239465","0.000212188490239465","SEPARATE_REGIONAL_MARGINALS"
"0","male","군산","0.0548","0.0455477202279772","0.26679704767882334","0.618","0.6106","0.017379248584956864","0.002000977857591175","0.00004344812146239216","0.0020444259790535673","SEPARATE_REGIONAL_MARGINALS"
"0","male","양구","0.09891978395679137","0.0455477202279772","1","0.6701999999999999","0.6106","0.13436409699769072","0.0075","0.0003359102424942268","0.007835910242494228","SEPARATE_REGIONAL_MARGINALS"
"0","male","경주","","","","","","","","","0","NO_USABLE_REGION_PROFILE"
"0","male","부산","","","","","","","","","0","NO_USABLE_REGION_PROFILE"
"0","male","고성","","","","","","","","","0","NO_USABLE_REGION_PROFILE"
"0","female","거제","0.058600000000000006","0.0455477202279772","0.36352181914054466","0.3892","0.38939999999999997","0","0.0027264136435540846","0","0.002726413643554085","SEPARATE_REGIONAL_MARGINALS"
"0","female","평택","0.0373037303730373","0.0455477202279772","0","0.35240000000000005","0.38939999999999997","0","0","0","0","SEPARATE_REGIONAL_MARGINALS"
"0","female","군산","0.0548","0.0455477202279772","0.26679704767882334","0.382","0.38939999999999997","0","0.002000977857591175","0","0.0020009778575911753","SEPARATE_REGIONAL_MARGINALS"
"0","female","양구","0.09891978395679137","0.0455477202279772","1","0.3298","0.38939999999999997","0","0.0075","0","0.0075","SEPARATE_REGIONAL_MARGINALS"
"0","female","경주","","","","","","","","","0","NO_USABLE_REGION_PROFILE"
"0","female","부산","","","","","","","","","0","NO_USABLE_REGION_PROFILE"
"0","female","고성","","","","","","","","","0","NO_USABLE_REGION_PROFILE"
"0","unspecified","거제","0.058600000000000006","0.0455477202279772","0.36352181914054466","","","0","0.0027264136435540846","0","0.002726413643554085","SEPARATE_REGIONAL_MARGINALS"
"0","unspecified","평택","0.0373037303730373","0.0455477202279772","0","","","0","0","0","0","SEPARATE_REGIONAL_MARGINALS"
"0","unspecified","군산","0.0548","0.0455477202279772","0.26679704767882334","","","0","0.002000977857591175","0","0.0020009778575911753","SEPARATE_REGIONAL_MARGINALS"
"0","unspecified","양구","0.09891978395679137","0.0455477202279772","1","","","0","0.0075","0","0.0075","SEPARATE_REGIONAL_MARGINALS"
"0","unspecified","경주","","","","","","","","","0","NO_USABLE_REGION_PROFILE"
"0","unspecified","부산","","","","","","","","","0","NO_USABLE_REGION_PROFILE"
"0","unspecified","고성","","","","","","","","","0","NO_USABLE_REGION_PROFILE"
"1","male","거제","0.1521","0.1273","0.2567877338231389","0.6108","0.6106","0.00047247259007131965","0.0019259080036735418","0.0000011811814751782992","0.0019270891851487202","SEPARATE_REGIONAL_MARGINALS"
"1","male","평택","0.1649164916491649","0.1273","0.3735032562541539","0.6476000000000001","0.6106","0.084875396095786","0.0028012744219061544","0.000212188490239465","0.0030134629121456196","SEPARATE_REGIONAL_MARGINALS"
"1","male","군산","0.1591","0.1273","0.32170141642968975","0.618","0.6106","0.017379248584956864","0.002412760623222673","0.00004344812146239216","0.0024562087446850654","SEPARATE_REGIONAL_MARGINALS"
"1","male","양구","0.23954790958191638","0.1273","0.9120818045881111","0.6701999999999999","0.6106","0.13436409699769072","0.006840613534410833","0.0003359102424942268","0.007176523776905061","SEPARATE_REGIONAL_MARGINALS"
"1","male","경주","","","","","","","","","0","NO_USABLE_REGION_PROFILE"
"1","male","부산","","","","","","","","","0","NO_USABLE_REGION_PROFILE"
"1","male","고성","","","","","","","","","0","NO_USABLE_REGION_PROFILE"
"1","female","거제","0.1521","0.1273","0.2567877338231389","0.3892","0.38939999999999997","0","0.0019259080036735418","0","0.0019259080036735418","SEPARATE_REGIONAL_MARGINALS"
"1","female","평택","0.1649164916491649","0.1273","0.3735032562541539","0.35240000000000005","0.38939999999999997","0","0.0028012744219061544","0","0.002801274421906155","SEPARATE_REGIONAL_MARGINALS"
"1","female","군산","0.1591","0.1273","0.32170141642968975","0.382","0.38939999999999997","0","0.002412760623222673","0","0.002412760623222673","SEPARATE_REGIONAL_MARGINALS"
"1","female","양구","0.23954790958191638","0.1273","0.9120818045881111","0.3298","0.38939999999999997","0","0.006840613534410833","0","0.006840613534410833","SEPARATE_REGIONAL_MARGINALS"
"1","female","경주","","","","","","","","","0","NO_USABLE_REGION_PROFILE"
"1","female","부산","","","","","","","","","0","NO_USABLE_REGION_PROFILE"
"1","female","고성","","","","","","","","","0","NO_USABLE_REGION_PROFILE"
"1","unspecified","거제","0.1521","0.1273","0.2567877338231389","","","0","0.0019259080036735418","0","0.0019259080036735418","SEPARATE_REGIONAL_MARGINALS"
"1","unspecified","평택","0.1649164916491649","0.1273","0.3735032562541539","","","0","0.0028012744219061544","0","0.002801274421906155","SEPARATE_REGIONAL_MARGINALS"
"1","unspecified","군산","0.1591","0.1273","0.32170141642968975","","","0","0.002412760623222673","0","0.002412760623222673","SEPARATE_REGIONAL_MARGINALS"
"1","unspecified","양구","0.23954790958191638","0.1273","0.9120818045881111","","","0","0.006840613534410833","0","0.006840613534410833","SEPARATE_REGIONAL_MARGINALS"
"1","unspecified","경주","","","","","","","","","0","NO_USABLE_REGION_PROFILE"
"1","unspecified","부산","","","","","","","","","0","NO_USABLE_REGION_PROFILE"
"1","unspecified","고성","","","","","","","","","0","NO_USABLE_REGION_PROFILE"
"2","male","거제","0.1729","0.15825785578557855","0.12766075339230284","0.6108","0.6106","0.00047247259007131965","0.0009574556504422713","0.0000011811814751782992","0.0009586368319174497","SEPARATE_REGIONAL_MARGINALS"
"2","male","평택","0.2046204620462046","0.15825785578557855","0.37067330621339456","0.6476000000000001","0.6106","0.084875396095786","0.002780049796600459","0.000212188490239465","0.002992238286839924","SEPARATE_REGIONAL_MARGINALS"
"2","male","군산","0.1618","0.15825785578557855","0.03193449217999848","0.618","0.6106","0.017379248584956864","0.0002395086913499886","0.00004344812146239216","0.0002829568128123808","SEPARATE_REGIONAL_MARGINALS"
"2","male","양구","0.1247249449889978","0.15825785578557855","0","0.6701999999999999","0.6106","0.13436409699769072","0","0.0003359102424942268","0.0003359102424942268","SEPARATE_REGIONAL_MARGINALS"
"2","male","경주","","","","","","","","","0","NO_USABLE_REGION_PROFILE"
"2","male","부산","","","","","","","","","0","NO_USABLE_REGION_PROFILE"
"2","male","고성","","","","","","","","","0","NO_USABLE_REGION_PROFILE"
"2","female","거제","0.1729","0.15825785578557855","0.12766075339230284","0.3892","0.38939999999999997","0","0.0009574556504422713","0","0.0009574556504422713","SEPARATE_REGIONAL_MARGINALS"
"2","female","평택","0.2046204620462046","0.15825785578557855","0.37067330621339456","0.35240000000000005","0.38939999999999997","0","0.002780049796600459","0","0.002780049796600459","SEPARATE_REGIONAL_MARGINALS"
"2","female","군산","0.1618","0.15825785578557855","0.03193449217999848","0.382","0.38939999999999997","0","0.0002395086913499886","0","0.00023950869134998863","SEPARATE_REGIONAL_MARGINALS"
"2","female","양구","0.1247249449889978","0.15825785578557855","0","0.3298","0.38939999999999997","0","0","0","0","SEPARATE_REGIONAL_MARGINALS"
"2","female","경주","","","","","","","","","0","NO_USABLE_REGION_PROFILE"
"2","female","부산","","","","","","","","","0","NO_USABLE_REGION_PROFILE"
"2","female","고성","","","","","","","","","0","NO_USABLE_REGION_PROFILE"
"2","unspecified","거제","0.1729","0.15825785578557855","0.12766075339230284","","","0","0.0009574556504422713","0","0.0009574556504422713","SEPARATE_REGIONAL_MARGINALS"
"2","unspecified","평택","0.2046204620462046","0.15825785578557855","0.37067330621339456","","","0","0.002780049796600459","0","0.002780049796600459","SEPARATE_REGIONAL_MARGINALS"
"2","unspecified","군산","0.1618","0.15825785578557855","0.03193449217999848","","","0","0.0002395086913499886","0","0.00023950869134998863","SEPARATE_REGIONAL_MARGINALS"
"2","unspecified","양구","0.1247249449889978","0.15825785578557855","0","","","0","0","0","0","SEPARATE_REGIONAL_MARGINALS"
"2","unspecified","경주","","","","","","","","","0","NO_USABLE_REGION_PROFILE"
"2","unspecified","부산","","","","","","","","","0","NO_USABLE_REGION_PROFILE"
"2","unspecified","고성","","","","","","","","","0","NO_USABLE_REGION_PROFILE"
"3","male","거제","0.1753","0.16163383323335334","0.11709678112005495","0.6108","0.6106","0.00047247259007131965","0.0008782258584004121","0.0000011811814751782992","0.0008794070398755905","SEPARATE_REGIONAL_MARGINALS"
"3","male","평택","0.1775177517751775","0.16163383323335334","0.13523408635796852","0.6476000000000001","0.6106","0.084875396095786","0.0010142556476847638","0.000212188490239465","0.0012264441379242288","SEPARATE_REGIONAL_MARGINALS"
"3","male","군산","0.1616","0.16163383323335334","0","0.618","0.6106","0.017379248584956864","0","0.00004344812146239216","0.00004344812146239216","SEPARATE_REGIONAL_MARGINALS"
"3","male","양구","0.1365273054610922","0.16163383323335334","0","0.6701999999999999","0.6106","0.13436409699769072","0","0.0003359102424942268","0.0003359102424942268","SEPARATE_REGIONAL_MARGINALS"
"3","male","경주","","","","","","","","","0","NO_USABLE_REGION_PROFILE"
"3","male","부산","","","","","","","","","0","NO_USABLE_REGION_PROFILE"
"3","male","고성","","","","","","","","","0","NO_USABLE_REGION_PROFILE"
"3","female","거제","0.1753","0.16163383323335334","0.11709678112005495","0.3892","0.38939999999999997","0","0.0008782258584004121","0","0.0008782258584004121","SEPARATE_REGIONAL_MARGINALS"
"3","female","평택","0.1775177517751775","0.16163383323335334","0.13523408635796852","0.35240000000000005","0.38939999999999997","0","0.0010142556476847638","0","0.0010142556476847638","SEPARATE_REGIONAL_MARGINALS"
"3","female","군산","0.1616","0.16163383323335334","0","0.382","0.38939999999999997","0","0","0","0","SEPARATE_REGIONAL_MARGINALS"
"3","female","양구","0.1365273054610922","0.16163383323335334","0","0.3298","0.38939999999999997","0","0","0","0","SEPARATE_REGIONAL_MARGINALS"
"3","female","경주","","","","","","","","","0","NO_USABLE_REGION_PROFILE"
"3","female","부산","","","","","","","","","0","NO_USABLE_REGION_PROFILE"
"3","female","고성","","","","","","","","","0","NO_USABLE_REGION_PROFILE"
"3","unspecified","거제","0.1753","0.16163383323335334","0.11709678112005495","","","0","0.0008782258584004121","0","0.0008782258584004121","SEPARATE_REGIONAL_MARGINALS"
"3","unspecified","평택","0.1775177517751775","0.16163383323335334","0.13523408635796852","","","0","0.0010142556476847638","0","0.0010142556476847638","SEPARATE_REGIONAL_MARGINALS"
"3","unspecified","군산","0.1616","0.16163383323335334","0","","","0","0","0","0","SEPARATE_REGIONAL_MARGINALS"
"3","unspecified","양구","0.1365273054610922","0.16163383323335334","0","","","0","0","0","0","SEPARATE_REGIONAL_MARGINALS"
"3","unspecified","경주","","","","","","","","","0","NO_USABLE_REGION_PROFILE"
"3","unspecified","부산","","","","","","","","","0","NO_USABLE_REGION_PROFILE"
"3","unspecified","고성","","","","","","","","","0","NO_USABLE_REGION_PROFILE"
"4","male","거제","0.19690000000000002","0.2174891660833917","0","0.6108","0.6106","0.00047247259007131965","0","0.0000011811814751782992","0.0000011811814751782992","SEPARATE_REGIONAL_MARGINALS"
"4","male","평택","0.20142014201420141","0.2174891660833917","0","0.6476000000000001","0.6106","0.084875396095786","0","0.000212188490239465","0.000212188490239465","SEPARATE_REGIONAL_MARGINALS"
"4","male","군산","0.20980000000000001","0.2174891660833917","0","0.618","0.6106","0.017379248584956864","0","0.00004344812146239216","0.00004344812146239216","SEPARATE_REGIONAL_MARGINALS"
"4","male","양구","0.16743348669733946","0.2174891660833917","0","0.6701999999999999","0.6106","0.13436409699769072","0","0.0003359102424942268","0.0003359102424942268","SEPARATE_REGIONAL_MARGINALS"
"4","male","경주","","","","","","","","","0","NO_USABLE_REGION_PROFILE"
"4","male","부산","","","","","","","","","0","NO_USABLE_REGION_PROFILE"
"4","male","고성","","","","","","","","","0","NO_USABLE_REGION_PROFILE"
"4","female","거제","0.19690000000000002","0.2174891660833917","0","0.3892","0.38939999999999997","0","0","0","0","SEPARATE_REGIONAL_MARGINALS"
"4","female","평택","0.20142014201420141","0.2174891660833917","0","0.35240000000000005","0.38939999999999997","0","0","0","0","SEPARATE_REGIONAL_MARGINALS"
"4","female","군산","0.20980000000000001","0.2174891660833917","0","0.382","0.38939999999999997","0","0","0","0","SEPARATE_REGIONAL_MARGINALS"
"4","female","양구","0.16743348669733946","0.2174891660833917","0","0.3298","0.38939999999999997","0","0","0","0","SEPARATE_REGIONAL_MARGINALS"
"4","female","경주","","","","","","","","","0","NO_USABLE_REGION_PROFILE"
"4","female","부산","","","","","","","","","0","NO_USABLE_REGION_PROFILE"
"4","female","고성","","","","","","","","","0","NO_USABLE_REGION_PROFILE"
"4","unspecified","거제","0.19690000000000002","0.2174891660833917","0","","","0","0","0","0","SEPARATE_REGIONAL_MARGINALS"
"4","unspecified","평택","0.20142014201420141","0.2174891660833917","0","","","0","0","0","0","SEPARATE_REGIONAL_MARGINALS"
"4","unspecified","군산","0.20980000000000001","0.2174891660833917","0","","","0","0","0","0","SEPARATE_REGIONAL_MARGINALS"
"4","unspecified","양구","0.16743348669733946","0.2174891660833917","0","","","0","0","0","0","SEPARATE_REGIONAL_MARGINALS"
"4","unspecified","경주","","","","","","","","","0","NO_USABLE_REGION_PROFILE"
"4","unspecified","부산","","","","","","","","","0","NO_USABLE_REGION_PROFILE"
"4","unspecified","고성","","","","","","","","","0","NO_USABLE_REGION_PROFILE"
"5","male","거제","0.1685","0.19655979597959794","0","0.6108","0.6106","0.00047247259007131965","0","0.0000011811814751782992","0.0000011811814751782992","SEPARATE_REGIONAL_MARGINALS"
"5","male","평택","0.154015401540154","0.19655979597959794","0","0.6476000000000001","0.6106","0.084875396095786","0","0.000212188490239465","0.000212188490239465","SEPARATE_REGIONAL_MARGINALS"
"5","male","군산","0.1714","0.19655979597959794","0","0.618","0.6106","0.017379248584956864","0","0.00004344812146239216","0.00004344812146239216","SEPARATE_REGIONAL_MARGINALS"
"5","male","양구","0.15973194638927785","0.19655979597959794","0","0.6701999999999999","0.6106","0.13436409699769072","0","0.0003359102424942268","0.0003359102424942268","SEPARATE_REGIONAL_MARGINALS"
"5","male","경주","","","","","","","","","0","NO_USABLE_REGION_PROFILE"
"5","male","부산","","","","","","","","","0","NO_USABLE_REGION_PROFILE"
"5","male","고성","","","","","","","","","0","NO_USABLE_REGION_PROFILE"
"5","female","거제","0.1685","0.19655979597959794","0","0.3892","0.38939999999999997","0","0","0","0","SEPARATE_REGIONAL_MARGINALS"
"5","female","평택","0.154015401540154","0.19655979597959794","0","0.35240000000000005","0.38939999999999997","0","0","0","0","SEPARATE_REGIONAL_MARGINALS"
"5","female","군산","0.1714","0.19655979597959794","0","0.382","0.38939999999999997","0","0","0","0","SEPARATE_REGIONAL_MARGINALS"
"5","female","양구","0.15973194638927785","0.19655979597959794","0","0.3298","0.38939999999999997","0","0","0","0","SEPARATE_REGIONAL_MARGINALS"
"5","female","경주","","","","","","","","","0","NO_USABLE_REGION_PROFILE"
"5","female","부산","","","","","","","","","0","NO_USABLE_REGION_PROFILE"
"5","female","고성","","","","","","","","","0","NO_USABLE_REGION_PROFILE"
"5","unspecified","거제","0.1685","0.19655979597959794","0","","","0","0","0","0","SEPARATE_REGIONAL_MARGINALS"
"5","unspecified","평택","0.154015401540154","0.19655979597959794","0","","","0","0","0","0","SEPARATE_REGIONAL_MARGINALS"
"5","unspecified","군산","0.1714","0.19655979597959794","0","","","0","0","0","0","SEPARATE_REGIONAL_MARGINALS"
"5","unspecified","양구","0.15973194638927785","0.19655979597959794","0","","","0","0","0","0","SEPARATE_REGIONAL_MARGINALS"
"5","unspecified","경주","","","","","","","","","0","NO_USABLE_REGION_PROFILE"
"5","unspecified","부산","","","","","","","","","0","NO_USABLE_REGION_PROFILE"
"5","unspecified","고성","","","","","","","","","0","NO_USABLE_REGION_PROFILE"
"6","male","거제","","","0","0.6108","0.6106","0.00047247259007131965","0","0.0000011811814751782992","0.0000011811814751782992","SEPARATE_REGIONAL_MARGINALS"
"6","male","평택","","","0","0.6476000000000001","0.6106","0.084875396095786","0","0.000212188490239465","0.000212188490239465","SEPARATE_REGIONAL_MARGINALS"
"6","male","군산","","","0","0.618","0.6106","0.017379248584956864","0","0.00004344812146239216","0.00004344812146239216","SEPARATE_REGIONAL_MARGINALS"
"6","male","양구","","","0","0.6701999999999999","0.6106","0.13436409699769072","0","0.0003359102424942268","0.0003359102424942268","SEPARATE_REGIONAL_MARGINALS"
"6","male","경주","","","","","","","","","0","NO_USABLE_REGION_PROFILE"
"6","male","부산","","","","","","","","","0","NO_USABLE_REGION_PROFILE"
"6","male","고성","","","","","","","","","0","NO_USABLE_REGION_PROFILE"
"6","female","거제","","","0","0.3892","0.38939999999999997","0","0","0","0","SEPARATE_REGIONAL_MARGINALS"
"6","female","평택","","","0","0.35240000000000005","0.38939999999999997","0","0","0","0","SEPARATE_REGIONAL_MARGINALS"
"6","female","군산","","","0","0.382","0.38939999999999997","0","0","0","0","SEPARATE_REGIONAL_MARGINALS"
"6","female","양구","","","0","0.3298","0.38939999999999997","0","0","0","0","SEPARATE_REGIONAL_MARGINALS"
"6","female","경주","","","","","","","","","0","NO_USABLE_REGION_PROFILE"
"6","female","부산","","","","","","","","","0","NO_USABLE_REGION_PROFILE"
"6","female","고성","","","","","","","","","0","NO_USABLE_REGION_PROFILE"
"6","unspecified","거제","","","0","","","0","0","0","0","SEPARATE_REGIONAL_MARGINALS"
"6","unspecified","평택","","","0","","","0","0","0","0","SEPARATE_REGIONAL_MARGINALS"
"6","unspecified","군산","","","0","","","0","0","0","0","SEPARATE_REGIONAL_MARGINALS"
"6","unspecified","양구","","","0","","","0","0","0","0","SEPARATE_REGIONAL_MARGINALS"
"6","unspecified","경주","","","","","","","","","0","NO_USABLE_REGION_PROFILE"
"6","unspecified","부산","","","","","","","","","0","NO_USABLE_REGION_PROFILE"
"6","unspecified","고성","","","","","","","","","0","NO_USABLE_REGION_PROFILE"
