순위,관광지명,도로명,분류,검색 건수
1,인천국제공항제1여객터미널,인천 영종구 공항로 272-0,교통시설,1780352
2,인천국제공항제2여객터미널,인천 영종구 제2터미널대로 446-0,교통시설,1718341
3,속초관광수산시장,강원 속초시 중앙로147번길 16-0,시장,670006
4,현대프리미엄아울렛송도점,인천 연수구 송도국제대로 123-0,쇼핑몰,662169
5,신세계프리미엄아울렛시흥점,경기 시흥시 서해안로 699-0,쇼핑몰,617797
6,신세계백화점센텀시티점,부산 해운대구 센텀남대로 35-0,백화점,617731
7,제주국제공항,제주 제주시 공항로 2-0,교통시설,549967
8,롯데프리미엄아울렛동부산점,부산 기장군 기장해안로 147-0,쇼핑몰,521496
9,인스파이어엔터테인먼트리조트,인천 영종구 공항문화로 127-0,콘도미니엄,435699
10,신세계사이먼부산프리미엄아울렛,부산 기장군 정관로 1133-0,쇼핑몰,371165
11,을왕리해수욕장,인천 영종구 용유서로302번길 16-15,자연경관(하천/해양),305502
12,오이도빨강등대,경기 시흥시 오이도로 170-0,랜드마크관광,278580
13,대천해수욕장,충남 보령시,자연경관(하천/해양),275989
14,월미도,인천 제물포구,자연경관(하천/해양),262711
15,인천종합어시장,인천 제물포구 연안부두로33번길 37-0,시장,254653
16,낙산사,강원 양양군 낙산사로 100-0,종교성지,246116
17,부산역,부산 동구 중앙대로 206-0,교통시설,245179
18,속초해변,강원 속초시 해오름로 186-0,자연경관(하천/해양),233577
19,광안리해수욕장,부산 수영구 광안해변로 219-0,자연경관(하천/해양),225174
20,롯데백화점광복점,부산 중구 중앙대로 2-0,백화점,219298
21,궁평항,경기 화성시 만세구 궁평항로 1049-24,자연경관(하천/해양),206794
22,해운대해수욕장,부산 해운대구 해운대해변로 264-0,자연경관(하천/해양),206656
23,경포해변,강원 강릉시,자연경관(하천/해양),197179
24,포항역,경북 포항시 북구 포항역로 1-0,교통시설,191863
25,해동용궁사,부산 기장군 용궁길 86-0,종교성지,191195
26,삽교호관광지,충남 당진시 삽교천3길 100-0,복합관광시설,191169
27,송정해수욕장,부산 해운대구 송정해변로 62-0,자연경관(하천/해양),189557
28,벡스코제1전시장,부산 해운대구 APEC로 55-0,전시시설,187243
29,소래포구종합어시장,인천 남동구 소래역로 12-0,시장,186062
30,송도컨벤시아,인천 연수구 센트럴로 123-0,전시시설,183547
31,쏠비치삼척,강원 삼척시 수로부인길 453-0,콘도미니엄,180658
32,강화풍물시장,인천 강화군 중앙로 17-9,시장,175437
33,소래포구,인천 남동구 포구로 2-9,자연경관(하천/해양),173105
34,설악케이블카,강원 속초시 설악산로 1085-0,기타관광,164985
35,통영중앙전통시장,경남 통영시 중앙시장1길 14-16,시장,156875
36,연안부두,인천 제물포구 연안부두로 0-0,자연경관(하천/해양),149187
37,주문진항,강원 강릉시 해안로 1758-14,자연경관(하천/해양),146975
38,세인트존스호텔,강원 강릉시 창해로 307-0,호텔,145430
39,주문진수산시장,강원 강릉시 시장길 38-0,시장,144416
40,신라모노그램강릉,강원 강릉시 해안로 210-0,호텔,142853
41,동막해수욕장,인천 강화군 해안남로 1481-0,자연경관(하천/해양),141832
42,파라다이스시티호텔,인천 영종구 영종해안남로321번길 186-0,호텔,138244
43,안목해변,강원 강릉시 창해로14번길 20-1,자연경관(하천/해양),138120
44,대명포구,경기 김포시,자연경관(하천/해양),134742
45,모다아울렛인천점,인천 서해구 북항로32번안길 50-0,쇼핑몰,133524
46,보문사,인천 강화군 삼산남로828번길 44-0,종교성지,132763
47,방아머리해변,경기 안산시 단원구,자연경관(하천/해양),132747
48,완도항여객선터미널,전남광주 완도군 장보고대로 339-0,교통시설,132425
49,스타필드시티명지,부산 강서구 명지국제6로 168-0,쇼핑몰,130857
50,강구항,경북 영덕군,자연경관(하천/해양),129023
51,베르힐컨트리클럽영종,인천 영종구 한상중앙로 66-0,육상레저스포츠,128666
52,쏠비치양양,강원 양양군 선사유적로 678-0,콘도미니엄,127345
53,독일마을,경남 남해군 독일로 92-0,기타관광,126043
54,대룡시장,인천 강화군 대룡안길 60-0,시장,124498
55,신세계센텀시티몰,부산 해운대구 센텀4로 15-0,백화점,123383
56,다대포해수욕장,부산 사하구 몰운대1길 14-0,자연경관(하천/해양),122831
57,낙산해수욕장,강원 양양군 해맞이길 59-0,자연경관(하천/해양),121062
58,영일대해수욕장,경북 포항시 북구,자연경관(하천/해양),120071
59,부산항국제여객터미널,부산 동구 충장대로 206-0,교통시설,119382
60,한화리조트설악쏘라노,강원 속초시 미시령로2983번길 111-0,콘도미니엄,118632
61,삼길포항,충남 서산시,자연경관(하천/해양),115715
62,LF스퀘어광양점,전남광주 광양시 순광로 466-0,쇼핑몰,115467
63,묵호항,강원 동해시,자연경관(하천/해양),115274
64,기장시장,부산 기장군 읍내로104번길 16-0,시장,113441
65,성산일출봉,제주 서귀포시 일출로 284-12,자연경관(산),112992
66,롯데리조트속초,강원 속초시 대포항길 186-0,콘도미니엄,111778
67,전등사,인천 강화군 전등사로 37-41,종교성지,111390
68,꽃지해수욕장,충남 태안군 꽃지해안로 400-0,자연경관(하천/해양),111296
69,제부도,경기 화성시 만세구,자연경관(하천/해양),110103
70,자갈치시장,부산 중구 자갈치해안로 52-0,시장,104893
71,하나개해수욕장,인천 영종구,자연경관(하천/해양),104723
72,휴휴암,강원 양양군 광진2길 3-16,종교성지,104494
73,함덕해수욕장,제주 제주시 조함해안로 525-0,자연경관(하천/해양),103889
74,대부도,경기 안산시 단원구 감나무길 0-0,자연경관(하천/해양),103574
75,신선대부두,부산 남구,자연경관(하천/해양),103314
76,대포항,강원 속초시,자연경관(하천/해양),102177
77,체스터톤스속초,강원 속초시 엑스포로 109-0,호텔,101287
78,신진항,충남 태안군 신진부두길 35-26,자연경관(하천/해양),100803
79,트리플스트리트A동,인천 연수구 송도과학로16번길 33-1,쇼핑몰,96668
80,송도해수욕장,부산 서구,자연경관(하천/해양),96225
81,보리암,경남 남해군 보리암로 665-0,종교성지,95375
82,아난티앳부산코브,부산 기장군 기장해안로 268-32,호텔,95243
83,카시아속초호텔앤리조트,강원 속초시 대포항희망길 120-0,호텔,95070
84,협재해수욕장,제주 제주시,자연경관(하천/해양),94576
85,선유도해수욕장,전북 군산시 선유도1길 235-0,자연경관(하천/해양),94245
86,남당항,충남 홍성군 남당항로213번길 1-0,자연경관(하천/해양),93996
87,매미성,경남 거제시 복항길 29-0,역사유적지,93656
88,롯데백화점센텀시티점,부산 해운대구 센텀남대로 59-0,백화점,92907
89,소노캄델피노,강원 고성군 미시령옛길 1153-0,콘도미니엄,91567
90,인천항연안여객터미널,인천 제물포구 연안부두로 70-0,교통시설,91564
91,쏠비치진도,전남광주 진도군 송군길 30-40,콘도미니엄,91089
92,고성통일전망대,강원 고성군 금강산로 481-0,랜드마크관광,90944
93,파라다이스호텔부산,부산 해운대구 해운대해변로 296-0,호텔,90518
94,속초아이파크스위트호텔앤리조트,강원 속초시 중앙로 266-0,호텔,90483
95,바람의언덕,경남 거제시,기타문화관광지,89983
96,쏠비치남해,경남 남해군 쏠비치길 21-0,콘도미니엄,88589
97,경포대,강원 강릉시 경포로 365-0,역사유적지,88383
98,아야진해수욕장,강원 고성군,자연경관(하천/해양),83662
99,소노캄거제,경남 거제시 거제대로 2660-0,콘도미니엄,83612
100,태종대,부산 영도구 전망로 24-0,역사유적지,83080
