respondent_id,data_status,score_rank,display_order,course_id,region,name,cosine_cluster,cosine_similarity,cosine_fit_score,coverage_factor,coverage_adjusted_score,contribution_herit_points,contribution_heal_points,contribution_activity_points,contribution_food_points,contribution_sea_points,operational_availability_verified
DEMO_CULTURE,SYNTHETIC_DEMONSTRATION,1,1,ct_79a18eaed83932,양산,양산시 가을 시티투어 (역사문화코스),TC07,0.9801960588196068,98.01960588196069,1.0,98.01960588196069,70.0140042014005,14.0028008402801,0.0,14.0028008402801,0.0,False
DEMO_CULTURE,SYNTHETIC_DEMONSTRATION,2,2,ct_ba6ef7945423e1,공주,가을코스2,TC07,0.9356014857063998,93.56014857063998,1.0,93.56014857063998,84.20413371357598,3.7424059428255982,1.8712029714127991,3.7424059428255982,0.0,False
DEMO_CULTURE,SYNTHETIC_DEMONSTRATION,3,3,ct_1c691124e74222,대구,도동코스,TC07,0.9219544457292886,92.19544457292886,1.0,92.19544457292886,81.34892168199606,0.0,0.0,10.846522890932809,0.0,False
DEMO_CULTURE,SYNTHETIC_DEMONSTRATION,4,4,ct_a33d720535a1e1,순천,(테마투어)산사투어,TC07,0.9203579866168443,92.03579866168442,1.0,92.03579866168442,76.69649888473703,15.339299776947406,0.0,0.0,0.0,False
DEMO_CULTURE,SYNTHETIC_DEMONSTRATION,5,5,ct_0e4d7f0c7de8e2,대구,송해코스,TC07,0.9037378388935385,90.37378388935386,1.0,90.37378388935386,71.34772412317409,19.026059766179763,0.0,0.0,0.0,False
DEMO_CULTURE,SYNTHETIC_DEMONSTRATION,6,6,ct_b53b246e98a9cd,인천,석모도투어,TC06,0.8911327886790068,89.11327886790068,1.0,89.11327886790068,49.50737714883371,19.80295085953348,0.0,19.80295085953348,0.0,False
DEMO_CULTURE,SYNTHETIC_DEMONSTRATION,7,7,ct_343d3a1d62c8a5,완주,완주힐링로드 시티투어(코레일연계 익산역),TC07,0.8708635721768007,87.08635721768006,1.0,87.08635721768006,68.75238727711584,9.166984970282112,9.166984970282112,0.0,0.0,False
DEMO_CULTURE,SYNTHETIC_DEMONSTRATION,8,8,ct_4212deac479d6b,세종,역사문화투어,TC07,0.8574929257125441,85.74929257125441,1.0,85.74929257125441,85.74929257125441,0.0,0.0,0.0,0.0,False
DEMO_CULTURE,SYNTHETIC_DEMONSTRATION,8,9,ct_73908901775f5c,익산,세계유산코스,TC07,0.8574929257125441,85.74929257125441,1.0,85.74929257125441,85.74929257125441,0.0,0.0,0.0,0.0,False
DEMO_CULTURE,SYNTHETIC_DEMONSTRATION,8,10,ct_956d44d9a821ed,양산,2025 6월 시티투어,TC04,0.8574929257125441,85.74929257125441,1.0,85.74929257125441,42.87464628562721,17.14985851425088,8.57492925712544,17.14985851425088,0.0,False
DEMO_COAST,SYNTHETIC_DEMONSTRATION,1,1,ct_83afdb6c6bad30,시흥,순환형 2층버스,TC02,0.8959786703810406,89.59786703810406,1.0,89.59786703810406,5.270462766947299,31.62277660168379,0.0,0.0,52.704627669472984,False
DEMO_COAST,SYNTHETIC_DEMONSTRATION,2,2,ct_74128602fb5dca,태안,북부코스,TC02,0.8944271909999157,89.44271909999158,1.0,89.44271909999158,0.0,33.54101966249684,0.0,0.0,55.901699437494734,False
DEMO_COAST,SYNTHETIC_DEMONSTRATION,3,3,ct_b2af495e1760b5,안산,대부도 뱃길코스(체험형 1코스),TC02,0.8499999999999999,84.99999999999999,1.0,84.99999999999999,0.0,0.0,0.0,10.0,74.99999999999999,False
DEMO_COAST,SYNTHETIC_DEMONSTRATION,4,4,ct_b6060e0e38a765,안산,대부도 뱃길코스(일반형 2코스),TC02,0.9316949906249123,93.16949906249124,0.8571428571428571,79.85957062499249,0.0,9.5831484749991,0.0,6.3887656499994,63.88765649999398,False
DEMO_COAST,SYNTHETIC_DEMONSTRATION,5,5,ct_9d994e07488f57,삼척,종일코스,TC01,0.7768985960673558,77.68985960673558,1.0,77.68985960673558,0.0,17.928429140015904,5.976143046671968,23.904572186687872,29.880715233359833,False
DEMO_COAST,SYNTHETIC_DEMONSTRATION,6,6,ct_824d1bcb38ec4b,사천,이순신승전길투어,TC02,0.8959786703810406,89.59786703810406,0.8333333333333333,74.66488919842004,0.0,26.35231383473649,4.392052305789416,0.0,43.92052305789415,False
DEMO_COAST,SYNTHETIC_DEMONSTRATION,7,7,ct_a7d1b6cc26e056,안산,대부도 뱃길코스(일반형 1코스),TC02,0.8682431421244591,86.82431421244591,0.8571428571428572,74.42084075352507,0.0,7.973661509306258,0.0,0.0,66.44717924421882,False
DEMO_COAST,SYNTHETIC_DEMONSTRATION,8,8,ct_8171ca90d9fa99,제주,야간코스(7월말~8월말 운영),TC03,0.858116330321033,85.8116330321033,0.8333333333333333,71.5096941934194,3.972760788523301,0.0,0.0,7.945521577046602,59.59141182784951,False
DEMO_COAST,SYNTHETIC_DEMONSTRATION,9,9,ct_596ccaeb2861f9,태안,남부코스,TC05,0.8366600265340753,83.66600265340753,0.8333333333333333,69.7216688778396,4.980119205559972,29.880715233359833,0.0,9.960238411119944,24.90059602779986,False
DEMO_COAST,SYNTHETIC_DEMONSTRATION,10,10,ct_330d0bc9cd3d05,서산,B코스,TC02,0.8696263565463043,86.96263565463043,0.8,69.57010852370435,6.324555320336759,18.973665961010276,0.0,12.649110640673518,31.622776601683793,False
DEMO_ACTIVE,SYNTHETIC_DEMONSTRATION,1,1,ct_d756b69f16e800,청주,청주시티투어_정기투어_힐링로드 투어(토),TC04,0.9219544457292889,92.19544457292889,1.0,92.19544457292889,5.423261445466405,2.7116307227332026,67.79076806833005,16.269784336399216,0.0,False
DEMO_ACTIVE,SYNTHETIC_DEMONSTRATION,2,2,ct_9d994e07488f57,삼척,종일코스,TC01,0.8366600265340753,83.66600265340753,1.0,83.66600265340753,0.0,5.976143046671968,29.880715233359833,35.85685828003181,11.952286093343936,False
DEMO_ACTIVE,SYNTHETIC_DEMONSTRATION,3,3,ct_6ec0ad7a54e92d,서천,문화코스,TC05,0.8944271909999157,89.44271909999158,0.8888888888888888,79.50463919999251,3.3126932999996885,6.625386599999377,49.690399499995316,19.87615979999813,0.0,False
DEMO_ACTIVE,SYNTHETIC_DEMONSTRATION,4,4,ct_956d44d9a821ed,양산,2025 6월 시티투어,TC04,0.7905694150420948,79.05694150420948,1.0,79.05694150420948,7.905694150420948,7.905694150420948,39.52847075210474,23.717082451262844,0.0,False
DEMO_ACTIVE,SYNTHETIC_DEMONSTRATION,5,5,ct_8163a6f43e6f4a,아산,예술맛집 코스,TC04,0.7778174593052022,77.78174593052022,1.0,77.78174593052022,0.0,7.0710678118654755,70.71067811865474,0.0,0.0,False
DEMO_ACTIVE,SYNTHETIC_DEMONSTRATION,5,6,ct_d3c228b00ede2b,파주,2026 파주시티투어 당일코스(화요일),TC04,0.7778174593052022,77.78174593052022,1.0,77.78174593052022,0.0,7.0710678118654755,70.71067811865474,0.0,0.0,False
DEMO_ACTIVE,SYNTHETIC_DEMONSTRATION,7,7,ct_15ca3909485d66,서천,광역코스,TC05,0.8999999999999998,89.99999999999999,0.8571428571428571,77.14285714285712,4.285714285714286,4.285714285714286,42.85714285714284,25.714285714285708,0.0,False
DEMO_ACTIVE,SYNTHETIC_DEMONSTRATION,8,8,ct_0ab41b7160d0e2,김해,문화에반해,TC04,0.7592566023652965,75.92566023652965,1.0,75.92566023652965,8.134892168199606,0.0,67.79076806833004,0.0,0.0,False
DEMO_ACTIVE,SYNTHETIC_DEMONSTRATION,9,9,ct_a0af2538872792,서천,전라권코스,TC01,0.8959786703810407,89.59786703810407,0.8333333333333333,74.66488919842006,0.0,4.392052305789416,43.92052305789415,26.35231383473649,0.0,False
DEMO_ACTIVE,SYNTHETIC_DEMONSTRATION,10,10,ct_2f8d9c4d57db08,서천,힐링코스,TC05,0.8385254915624211,83.8525491562421,0.857142857142857,71.87361356249322,4.791574237499549,4.791574237499549,23.95787118749774,28.74944542499729,9.583148474999097,False
DEMO_BALANCED,SYNTHETIC_DEMONSTRATION,1,1,ct_956d44d9a821ed,양산,2025 6월 시티투어,TC04,0.8944271909999159,89.44271909999159,1.0,89.44271909999159,22.360679774997898,22.360679774997898,22.360679774997898,22.360679774997898,0.0,False
DEMO_BALANCED,SYNTHETIC_DEMONSTRATION,2,2,ct_9d994e07488f57,삼척,종일코스,TC01,0.8451542547285165,84.51542547285165,1.0,84.51542547285165,0.0,16.90308509457033,16.90308509457033,33.80617018914066,16.90308509457033,False
DEMO_BALANCED,SYNTHETIC_DEMONSTRATION,3,3,ct_a1bc285f9c2881,여수,제1코스,TC07,0.816496580927726,81.6496580927726,1.0,81.6496580927726,32.659863237109036,0.0,8.164965809277259,16.329931618554518,24.49489742783178,False
DEMO_BALANCED,SYNTHETIC_DEMONSTRATION,4,4,ct_2f8d9c4d57db08,서천,힐링코스,TC05,0.9486832980505138,94.86832980505137,0.857142857142857,81.31571126147259,13.552618543578765,13.552618543578765,13.552618543578765,27.10523708715753,13.552618543578765,False
DEMO_BALANCED,SYNTHETIC_DEMONSTRATION,5,5,ct_52fe5a29aee3e7,합천,합천광역시티투어 누비고,TC04,0.7745966692414833,77.45966692414832,1.0,77.45966692414832,25.81988897471611,25.81988897471611,25.81988897471611,0.0,0.0,False
DEMO_BALANCED,SYNTHETIC_DEMONSTRATION,5,6,ct_b53b246e98a9cd,인천,석모도투어,TC06,0.7745966692414833,77.45966692414832,1.0,77.45966692414832,25.81988897471611,25.81988897471611,0.0,25.81988897471611,0.0,False
DEMO_BALANCED,SYNTHETIC_DEMONSTRATION,7,7,ct_1def3d2a58e430,부산,오렌지라인,TC05,0.8451542547285165,84.51542547285165,0.9090909090909092,76.83220497531968,23.049661492595906,30.73288199012788,7.68322049753197,7.68322049753197,7.68322049753197,False
DEMO_BALANCED,SYNTHETIC_DEMONSTRATION,8,8,ct_d756b69f16e800,청주,청주시티투어_정기투어_힐링로드 투어(토),TC04,0.7669649888473706,76.69649888473707,1.0,76.69649888473707,15.339299776947414,7.669649888473707,38.34824944236853,15.339299776947414,0.0,False
DEMO_BALANCED,SYNTHETIC_DEMONSTRATION,9,9,ct_6ec0ad7a54e92d,서천,문화코스,TC05,0.8432740427115677,84.32740427115677,0.8888888888888888,74.95769268547268,9.369711585684087,18.739423171368173,28.109134757052257,18.739423171368173,0.0,False
DEMO_BALANCED,SYNTHETIC_DEMONSTRATION,10,10,ct_aa2937d4d2a2d0,목포,목포랑시티투어,TC05,0.9114654303753,91.14654303753001,0.8181818181818182,74.57444430343365,20.715123417620454,12.429074050572272,24.858148101144543,8.286049367048182,8.286049367048182,False
