region,log_n_catalog_places,log_n_lodging,log_n_citytours,log_median_base_minutes,share_heal,share_activity,share_food,share_sea,unesco_mark_rate,intercept,fitted_log_share
가평,0.1988567154491844,-0.08436788049913495,0.0639076591262028,-0.24040904519761078,-0.06275913186694917,0.15877239407860316,-0.03569156258300988,0.10681022610943734,0.04428892298204132,-1.824367039368922,-1.6749587417701577
강릉,0.4599191235915785,-0.11769019036546222,-0.12019430614636008,0.0153115524275352,0.05694059414713129,-0.1263351976331232,0.14863340309218634,-0.3854672279712695,0.04428892298204132,-1.824367039368922,-1.8489603652446642
거제,0.7307736052468572,-0.09950213901842676,-0.12019430614636008,0.0153115524275352,0.037966664974644945,-0.0889780609575194,0.06132157724604076,-0.45014601755851563,0.04428892298204132,-1.824367039368922,-1.6935252401726244
거창,0.1988567154491844,-0.023208838292905404,-0.12019430614636008,-0.11739658465758031,-0.04226260343988062,0.022574499948797563,0.024941649810146755,0.1966418783139459,0.04428892298204132,-1.824367039368922,-1.6401257054015324
경기광주,0.0021063999632233233,0.029067198316989368,-0.004038898564920987,0.0153115524275352,-0.03055030148155572,0.07445941199824731,-0.07900100000669319,0.1966418783139459,-0.06732804834994692,-1.824367039368922,-1.6876988467520977
경산,-0.5210950526241489,0.08134323492688415,-0.004038898564920987,0.0153115524275352,-0.10960833970024877,-0.04228164011301462,-0.15695798736932315,0.1966418783139459,0.04428892298204132,-1.824367039368922,-2.320763369090172
경주,1.036837061787097,-0.1551306554950795,-0.12019430614636008,0.0153115524275352,0.07951088897976209,-0.030836438925636,0.014241671152530885,0.06982072226052205,-0.4153103707379103,-1.824367039368922,-1.3301169140664606
고령,-0.6322354537941908,0.08134323492688415,-0.12019430614636008,0.0153115524275352,0.10121309554959941,-0.15902269222427656,-0.15695798736932315,0.1966418783139459,-0.2161506767925979,-1.824367039368922,-2.714418394477706
고성(강원),-0.3353689598745203,-0.05378835939602017,-0.12019430614636008,0.0153115524275352,0.06022003869546226,-0.0682240961377395,-0.15695798736932315,-0.5220113393221224,0.04428892298204132,-1.824367039368922,-2.961091573509969
고양,0.15385566705133874,-0.040037963166990834,-0.12019430614636008,0.0153115524275352,0.036106475840087464,0.033256687723684286,0.22824124430484846,0.1966418783139459,-0.047630935761948996,-1.824367039368922,-1.3688167387827819
고창,-0.1836196927864049,-0.023208838292905404,-0.12019430614636008,0.0153115524275352,-0.032945999609394906,-0.15902269222427656,-0.05774000345324865,-0.09735261980990029,-0.09776904053139827,-1.824367039368922,-2.580908679795276
곡성,-0.5210950526241489,0.08134323492688415,0.0639076591262028,0.0153115524275352,-0.10960833970024877,0.07445941199824731,-0.15695798736932315,0.1966418783139459,0.04428892298204132,-1.824367039368922,-2.1360757592877864
공주,0.5790243381587418,-0.023208838292905404,0.22827191659795718,0.0153115524275352,0.024881196579826785,-0.10266494292918459,-0.044054764292410786,0.1966418783139459,-0.11736324239532098,-1.824367039368922,-1.067527945200737
광양,0.0021063999632233233,0.08134323492688415,0.11211650901651811,0.0153115524275352,-0.03055030148155572,-0.04228164011301462,0.07691297471856673,0.1966418783139459,0.04428892298204132,-1.824367039368922,-1.3684775086147776
구미,-0.42306227114417927,-0.001512322786125399,-0.12019430614636008,0.15937555153160202,-0.037138471333113474,-0.15902269222427656,0.11589146839988172,0.1966418783139459,0.04428892298204132,-1.824367039368922,-2.049099281775506
군산,0.1988567154491844,-0.09950213901842676,0.11211650901651811,0.31692227182421306,0.06022003869546226,-0.0682240961377395,0.08557486220330339,-0.34234803491310534,0.04428892298204132,-1.824367039368922,-1.516461989267471
김해,0.6327408237668879,-0.06541415375556746,0.14951019809007587,0.0153115524275352,0.02980583522303792,0.02550348691933102,-0.08654522459017351,0.1966418783139459,-0.006118741490469501,-1.824367039368922,-0.9329313844643187
남양주,-0.05531751559867258,0.08134323492688415,-0.12019430614636008,0.0153115524275352,-0.040685947407029195,-0.03330155918137908,0.010949370027110628,0.1966418783139459,-0.07591396922163834,-1.824367039368922,-1.8455343012285255
남원,0.1988567154491844,-0.001512322786125399,-0.12019430614636008,0.0153115524275352,0.01922698184132511,-0.022824798094470966,0.08557486220330339,0.10681022610943734,0.04428892298204132,-1.824367039368922,-1.4988292053830516
남해,0.357875169777394,-0.08436788049913495,-0.12019430614636008,0.15937555153160202,0.01736366107522797,-0.04758805157261744,0.04147798046282585,-0.24434986887182333,0.04428892298204132,-1.824367039368922,-1.7004858606297666
논산,-0.1836196927864049,0.029067198316989368,-0.12019430614636008,0.0153115524275352,0.06767332175985083,-0.010443171355397721,0.04147798046282585,0.1966418783139459,-0.09776904053139827,-1.824367039368922,-1.8862213189073358
단양,0.0021063999632233233,-0.023208838292905404,-0.004038898564920987,0.0153115524275352,-0.004197622075324686,0.1328299380538783,0.07691297471856673,0.08114403976529203,0.04428892298204132,-1.824367039368922,-1.5032185703915362
담양,-0.05531751559867258,-0.023208838292905404,-0.12019430614636008,0.0153115524275352,-0.040685947407029195,-0.09616212570282781,0.010949370027110628,-0.05212269702161627,0.04428892298204132,-1.824367039368922,-2.1415086241016463
당진,-0.1836196927864049,-0.001512322786125399,-0.12019430614636008,0.31692227182421306,0.10121309554959941,0.06384658907904167,0.04147798046282585,-0.39134711793374644,0.04428892298204132,-1.824367039368922,-1.9532916191238374
동해,0.1988567154491844,-0.09231399977688563,-0.004038898564920987,0.0153115524275352,0.039723510268393686,0.06797379799206611,0.024941649810146755,-0.432179687117614,0.04428892298204132,-1.824367039368922,-1.961803475898975
목포,0.39329824540911346,-0.08436788049913495,0.0639076591262028,0.0153115524275352,0.021009288661070203,0.018626734901556825,0.03285032968751502,-0.01426721816620462,0.04428892298204132,-1.824367039368922,-1.3337094048392268
무주,-0.42306227114417927,0.08134323492688415,-0.12019430614636008,-0.11739658465758031,0.00897871762779082,0.04527414897043184,0.11589146839988172,0.1966418783139459,0.04428892298204132,-1.824367039368922,-1.992601830096066
문경,-0.1836196927864049,0.08134323492688415,-0.12019430614636008,-0.24040904519761078,0.06767332175985083,0.2867158703823599,0.04147798046282585,0.1966418783139459,0.04428892298204132,-1.824367039368922,-1.6504488746713897
밀양,0.2821578442390714,-0.001512322786125399,0.11211650901651811,0.0153115524275352,-0.009468157956570893,0.08613351720937351,-0.047818205061641195,0.11579339132988818,0.04428892298204132,-1.824367039368922,-1.2273639879688316
보령,-0.11699881460393989,-0.08436788049913495,-0.12019430614636008,0.0153115524275352,0.039723510268393686,-0.022824798094470966,0.11589146839988172,-0.20760055660634258,0.04428892298204132,-1.824367039368922,-2.1611379412413187
보성,-0.3353689598745203,-0.001512322786125399,-0.12019430614636008,0.0153115524275352,0.06022003869546226,-0.0682240961377395,0.08557486220330339,-0.34234803491310534,-0.12933747686771818,-1.824367039368922,-2.66024578276819
보은,-0.42306227114417927,0.08134323492688415,-0.12019430614636008,-0.6584731387658521,0.00897871762779082,0.14742256956778602,-0.020533259484720713,0.1966418783139459,-0.1510407768489381,-1.824367039368922,-2.763284391322565
봉화,-0.11699881460393989,0.08134323492688415,0.0639076591262028,0.0153115524275352,-0.021766075012812035,0.04527414897043184,0.024941649810146755,0.1966418783139459,0.04428892298204132,-1.824367039368922,-1.4914228824284859
부안,0.0021063999632233233,-0.07548487490280018,-0.12019430614636008,0.31692227182421306,0.10121309554959941,-0.04228164011301462,0.07691297471856673,-0.611842991526631,0.04428892298204132,-1.824367039368922,-2.132727187020084
부여,0.4913310268890827,-0.001512322786125399,0.11211650901651811,0.0153115524275352,0.030263574071285104,0.029559007340069665,0.010949370027110628,0.1966418783139459,-0.2562183075271578,-1.824367039368922,-1.195924751596658
사천,0.357875169777394,0.029067198316989368,0.18006306670764186,0.0153115524275352,0.03413354797010225,0.026701708861821976,-0.00813101149521141,-0.17085124434086182,0.04428892298204132,-1.824367039368922,-1.3159081281614693
산청,-0.6322354537941908,0.08134323492688415,-0.12019430614636008,0.0153115524275352,0.039723510268393686,-0.15902269222427656,-0.15695798736932315,0.1966418783139459,0.04428892298204132,-1.824367039368922,-2.5154683799842723
삼척,0.0021063999632233233,-0.040037963166990834,-0.004038898564920987,0.31692227182421306,0.022155057330906336,-0.1006521661686456,0.07691297471856673,-0.4963451529779772,0.04428892298204132,-1.824367039368922,-2.0030555934285057
상주,-0.5210950526241489,-0.001512322786125399,-0.12019430614636008,0.0153115524275352,-0.05690298088778673,-0.04228164011301462,-0.0010440126440632305,-0.034353798783361804,0.04428892298204132,-1.824367039368922,-2.542150677944206
서산,0.32087722773742894,-0.023208838292905404,0.11211650901651811,0.0153115524275352,-0.021766075012812035,-0.12010900818718925,-0.0530153375524832,-0.18835091684823357,0.04428892298204132,-1.824367039368922,-1.738223003099022
서천,0.5216004225968458,0.08134323492688415,0.24800962439876564,0.0153115524275352,-0.0490947795822368,-0.007691698746714792,0.004730579012427878,-0.042909194231410236,-0.013586543634545176,-1.824367039368922,-1.0666538422013705
속초,0.15385566705133874,-0.13233312220390311,-0.12019430614636008,0.31692227182421306,-0.007297937299587169,-0.15902269222427656,0.0998415004134579,-0.46916919096652915,0.04428892298204132,-1.824367039368922,-2.097475925938527
수원,0.7973944834293222,0.029067198316989368,-0.12019430614636008,0.0153115524275352,0.06237756800357474,-0.00848817765975459,0.21641495210432563,0.1966418783139459,-0.07907720322699832,-1.824367039368922,-0.7149190938063421
순천,0.24154897832099773,-0.040037963166990834,0.18006306670764186,0.0153115524275352,-0.01529348708847459,-0.0730029696159783,-0.04207400599281584,0.11153820780441147,-0.03795516115731844,-1.824367039368922,-1.4842688211299138
시흥,-0.11699881460393989,0.08134323492688415,0.11211650901651811,0.0153115524275352,-0.08325566029401778,0.04527414897043184,-0.15695798736932315,-0.07285307829957975,0.04428892298204132,-1.824367039368922,-1.956098211612372
신안,-0.9122868980700388,0.08134323492688415,-0.12019430614636008,-0.4623773176517699,0.10121309554959941,0.24957099016514026,-0.15695798736932315,-0.611842991526631,-0.3463704766799175,-1.824367039368922,-4.002269696171339
아산,0.32087722773742894,-0.06541415375556746,0.18006306670764186,0.0153115524275352,-0.021766075012812035,-0.0033679560759273123,0.05092731226435674,0.11964331928150998,0.04428892298204132,-1.824367039368922,-1.1838038228127146
안동,0.5216004225968458,-0.11210108725136829,0.18006306670764186,0.0153115524275352,0.032891334126037494,-0.007691698746714792,-0.07611370417844764,0.1966418783139459,-0.18721294348430464,-1.824367039368922,-1.2609782188577512
안산,-0.05531751559867258,0.08134323492688415,0.26566560567151504,0.0153115524275352,-0.040685947407029195,0.029559007340069665,-0.07300430867110626,-0.17650498468939735,0.04428892298204132,-1.824367039368922,-1.733711472387082
안성,-0.9122868980700388,0.08134323492688415,-0.004038898564920987,-0.3550466143076564,0.10121309554959941,0.24957099016514026,-0.15695798736932315,0.1966418783139459,0.04428892298204132,-1.824367039368922,-2.5796393157432504
양구,-0.6322354537941908,0.08134323492688415,0.11211650901651811,0.0153115524275352,-0.08325566029401778,-0.022824798094470966,-0.15695798736932315,-0.07285307829957975,0.04428892298204132,-1.824367039368922,-2.5394337978675257
양산,0.4272750710706259,0.029067198316989368,0.14951019809007587,0.0153115524275352,-0.021766075012812035,0.011224675437980445,-0.11148307807445569,0.1966418783139459,-0.020820976961618488,-1.824367039368922,-1.1494065957606554
양양,0.0021063999632233233,-0.12289352088000037,-0.12019430614636008,0.31692227182421306,0.10121309554959941,-0.04228164011301462,0.07691297471856673,-0.611842991526631,0.04428892298204132,-1.824367039368922,-2.1801358329972844
양주,0.1988567154491844,-0.001512322786125399,0.22827191659795718,0.0153115524275352,-0.0012695465857434716,0.06797379799206611,-0.09632477497616651,0.1966418783139459,0.04428892298204132,-1.824367039368922,-1.1721288999542274
양평,-0.11699881460393989,-0.040037963166990834,-0.12019430614636008,0.15937555153160202,0.00897871762779082,-0.09092374515937376,0.20684128698961665,0.06189440000718306,0.04428892298204132,-1.824367039368922,-1.7111429893073526
여수,0.9526930806229703,-0.1445900363867804,0.24800962439876564,0.0153115524275352,0.029029669349923116,0.000861792188973498,-0.06205382884090406,-0.26032783072638016,0.04428892298204132,-1.824367039368922,-1.0011440933527775
여주,0.24154897832099773,-0.001512322786125399,0.0639076591262028,0.0153115524275352,0.08179533177658707,0.013016752992319977,0.015367984695437814,0.026434537294877058,-0.03795516115731844,-1.824367039368922,-1.4064517266784082
연천,-0.25604071045808946,0.08134323492688415,0.11211650901651811,0.0153115524275352,-0.12014941146274119,-0.07730395574639319,-0.15695798736932315,0.1966418783139459,0.04428892298204132,-1.824367039368922,-1.9851170067385442
영광,-0.6322354537941908,0.08134323492688415,-0.004038898564920987,0.0153115524275352,-0.08325566029401778,-0.15902269222427656,-0.15695798736932315,0.1966418783139459,0.04428892298204132,-1.824367039368922,-2.5222921429652447
영덕,-0.11699881460393989,-0.09950213901842676,-0.12019430614636008,0.31692227182421306,0.039723510268393686,-0.15902269222427656,0.20684128698961665,-0.611842991526631,0.04428892298204132,-1.824367039368922,-2.3241519908242916
영월,0.4272750710706259,-0.07548487490280018,-0.12019430614636008,0.0153115524275352,-0.006393678692510617,0.011224675437980445,-0.020533259484720713,0.12926813916056448,-0.020820976961618488,-1.824367039368922,-1.484714697460226
영주,0.1988567154491844,-0.05378835939602017,0.11211650901651811,0.0153115524275352,-0.0012695465857434716,-0.022824798094470966,-0.03569156258300988,0.1966418783139459,-0.12933747686771818,-1.824367039368922,-1.5443521276887011
예산,0.15385566705133874,-0.001512322786125399,-0.004038898564920987,0.0153115524275352,0.036106475840087464,0.033256687723684286,0.0998415004134579,0.101526011273878,0.04428892298204132,-1.824367039368922,-1.3457314430079454
완도,-0.05531751559867258,0.08134323492688415,-0.004038898564920987,0.0153115524275352,0.016073669775622246,-0.15902269222427656,0.010949370027110628,-0.5496518476927404,0.04428892298204132,-1.824367039368922,-2.424431243310339
완주,-0.1836196927864049,0.08134323492688415,0.14951019809007587,0.0153115524275352,-0.06648577339914347,-0.08473293178983714,-0.15695798736932315,0.1966418783139459,0.04428892298204132,-1.824367039368922,-1.8290676379731483
용인,0.39329824540911346,-0.023208838292905404,-0.12019430614636008,0.0153115524275352,0.05309081141648188,0.018626734901556825,0.1277544882159341,0.1263388461538957,0.04428892298204132,-1.824367039368922,-1.189060582301629
울릉,0.4272750710706259,-0.12776091151269495,-0.12019430614636008,0.0153115524275352,0.02435111394809225,-0.05687427162692236,-0.06600816877958819,-0.6792167306800123,0.04428892298204132,-1.824367039368922,-2.3631947676862053
울진,-0.05531751559867258,-0.06541415375556746,-0.12019430614636008,0.31692227182421306,0.016073669775622246,-0.09616212570282781,0.010949370027110628,-0.4252695600249595,0.04428892298204132,-1.824367039368922,-2.198490465988322
원주,-0.05531751559867258,0.029067198316989368,-0.004038898564920987,0.0153115524275352,0.07283328695827368,0.2181407069044159,0.17885672742354441,0.1966418783139459,0.04428892298204132,-1.824367039368922,-1.1285831802057698
이천,0.15385566705133874,0.08134323492688415,0.14951019809007587,0.0153115524275352,-0.05070235043926179,0.0813265327106745,0.0998415004134579,0.1966418783139459,0.04428892298204132,-1.824367039368922,-1.0529499028922302
익산,0.1988567154491844,-0.001512322786125399,0.18006306670764186,0.0153115524275352,0.039723510268393686,-0.022824798094470966,0.14620807459646004,0.1966418783139459,-0.12933747686771818,-1.824367039368922,-1.2012368393540755
인제,-0.1836196927864049,-0.023208838292905404,-0.12019430614636008,0.0153115524275352,0.0005937741803536834,-0.010443171355397721,0.04147798046282585,-0.24434986887182333,0.04428892298204132,-1.824367039368922,-2.3045106867690572
임실,-1.098012990819667,0.08134323492688415,-0.004038898564920987,0.0153115524275352,-0.14474524557522347,0.11337309603533462,-0.15695798736932315,0.1966418783139459,0.04428892298204132,-1.824367039368922,-2.7771634770123157
장성,-0.11699881460393989,0.08134323492688415,-0.12019430614636008,0.0153115524275352,-0.08325566029401778,-0.09092374515937376,0.11589146839988172,0.06189440000718306,-0.0859308769052783,-1.824367039368922,-2.0472297867164078
장수,-0.9122868980700388,0.08134323492688415,-0.12019430614636008,-0.7485760156113339,-0.267724416137635,-0.15902269222427656,-0.15695798736932315,0.1966418783139459,0.04428892298204132,-1.824367039368922,-3.8668553187050176
장흥,-0.9122868980700388,0.08134323492688415,-0.12019430614636008,-0.3550466143076564,0.00897871762779082,0.04527414897043184,0.11589146839988172,0.1966418783139459,0.04428892298204132,-1.824367039368922,-2.7194764866720016
전주,0.6063158535935365,-0.05378835939602017,-0.12019430614636008,0.0153115524275352,0.039723510268393686,0.03165435955745128,0.024941649810146755,0.1966418783139459,0.04428892298204132,-1.824367039368922,-1.0394719779582515
정선,0.357875169777394,-0.13233312220390311,0.11211650901651811,-0.6584731387658521,0.01736366107522797,0.2867158703823599,-0.00813101149521141,0.12314325378298434,0.04428892298204132,-1.824367039368922,-1.681800924817363
정읍,-0.11699881460393989,0.08134323492688415,-0.12019430614636008,0.0153115524275352,0.00897871762779082,-0.15902269222427656,0.11589146839988172,0.1966418783139459,-0.0859308769052783,-1.824367039368922,-1.888346877552739
제천,0.0021063999632233233,-0.06541415375556746,0.0639076591262028,0.0153115524275352,-0.004197622075324686,0.1328299380538783,0.07691297471856673,0.08114403976529203,0.04428892298204132,-1.824367039368922,-1.4774773281630744
진도,-0.7605376309819233,0.08134323492688415,-0.004038898564920987,-0.6584731387658521,0.10121309554959941,0.3312897266430236,-0.15695798736932315,0.1966418783139459,0.04428892298204132,-1.824367039368922,-2.649597836635447
진안,-0.9122868980700388,0.08134323492688415,-0.12019430614636008,0.31692227182421306,0.00897871762779082,-0.15902269222427656,-0.15695798736932315,-0.611842991526631,0.04428892298204132,-1.824367039368922,-3.3331387673446224
진주,0.32087722773742894,-0.040037963166990834,-0.12019430614636008,0.0153115524275352,-0.021766075012812035,-0.04228164011301462,-0.0010440126440632305,0.11964331928150998,0.04428892298204132,-1.824367039368922,-1.5495700140236472
창녕,-0.1836196927864049,0.08134323492688415,-0.12019430614636008,0.0153115524275352,0.0005937741803536834,-0.15902269222427656,0.04147798046282585,0.1966418783139459,-0.09776904053139827,-1.824367039368922,-2.049604350745817
창원,1.1132500134824468,-0.07548487490280018,-0.004038898564920987,0.0153115524275352,0.00897871762779082,0.016088885942616343,0.17435920892185416,0.08114403976529203,0.04428892298204132,-1.824367039368922,-0.4504694716870663
천안,0.2821578442390714,-0.001512322786125399,0.14951019809007587,0.0153115524275352,0.027425593212152533,0.04527414897043184,0.11589146839988172,0.1966418783139459,0.04428892298204132,-1.824367039368922,-0.9493777555199115
철원,0.39329824540911346,-0.001512322786125399,-0.12019430614636008,0.0153115524275352,-0.04315375684975317,0.018626734901556825,-0.06205382884090406,0.1966418783139459,0.04428892298204132,-1.824367039368922,-1.383113919957872
청도,-1.098012990819667,0.08134323492688415,-0.004038898564920987,0.0153115524275352,-0.021766075012812035,0.11337309603533462,-0.15695798736932315,0.1966418783139459,0.04428892298204132,-1.824367039368922,-2.654184306449904
청송,-0.11699881460393989,-0.001512322786125399,-0.12019430614636008,0.15937555153160202,-0.021766075012812035,-0.09092374515937376,0.024941649810146755,-0.20760055660634258,0.04428892298204132,-1.824367039368922,-2.1547567353600856
청주,0.4599191235915785,-0.001512322786125399,0.18006306670764186,0.0153115524275352,0.012668092744663167,0.004414780731490168,0.06132157724604076,0.1319630887266997,0.04428892298204132,-1.824367039368922,-0.9159291569973566
춘천,0.5508075122913075,-0.05378835939602017,0.22827191659795718,0.0153115524275352,-0.017373961778440215,0.10364467502606282,-0.0010440126440632305,0.1966418783139459,0.04428892298204132,-1.824367039368922,-0.7576069155485956
충주,0.4272750710706259,-0.023208838292905404,-0.004038898564920987,0.0153115524275352,-0.006393678692510617,-0.022824798094470966,0.024941649810146755,-0.005479339146198354,0.04428892298204132,-1.824367039368922,-1.3744953958695794
태백,-0.05531751559867258,-0.05378835939602017,0.0639076591262028,0.0153115524275352,-0.06906575599835492,-0.03330155918137908,0.010949370027110628,0.0722595906461648,0.04428892298204132,-1.824367039368922,-1.829123134334294
태안,0.1988567154491844,-0.09950213901842676,0.14951019809007587,0.0153115524275352,-0.021766075012812035,-0.0682240961377395,0.024941649810146755,-0.2525163827085969,0.04428892298204132,-1.824367039368922,-1.8334666934875137
통영,0.5790243381587418,-0.12776091151269495,-0.12019430614636008,0.0153115524275352,0.03760317974145555,0.09458717960363733,-0.0064203566001066695,-0.19366116229874644,0.04428892298204132,-1.824367039368922,-1.501588603013419
파주,0.4599191235915785,0.029067198316989368,0.22827191659795718,0.0153115524275352,0.012668092744663167,0.03710227532264349,0.017665664322967973,0.1966418783139459,0.04428892298204132,-1.824367039368922,-0.7834304147485998
평창,0.1988567154491844,-0.07548487490280018,0.0639076591262028,-0.24040904519761078,-0.04226260343988062,-0.022824798094470966,-0.03569156258300988,0.016978573904928792,-0.04252427694283842,-1.824367039368922,-2.003821252049217
평택,0.24154897832099773,0.08134323492688415,-0.004038898564920987,0.0153115524275352,0.004124276684537742,-0.029993108311829157,-0.15695798736932315,0.1966418783139459,0.04428892298204132,-1.824367039368922,-1.4320981899590532
포천,0.0021063999632233233,-0.023208838292905404,-0.12019430614636008,0.0153115524275352,-0.10960833970024877,0.016088885942616343,-0.07900100000669319,-0.034353798783361804,-0.06732804834994692,-1.824367039368922,-2.2245545323150635
포항,0.1988567154491844,0.08134323492688415,0.14951019809007587,0.0153115524275352,0.01922698184132511,-0.022824798094470966,-0.03569156258300988,-0.34234803491310534,0.04428892298204132,-1.824367039368922,-1.716693829242462
하동,0.10628176761423737,-0.040037963166990834,-0.12019430614636008,0.0153115524275352,0.03203731210824297,0.04527414897043184,0.0476791044575805,0.09558126958387375,0.04428892298204132,-1.824367039368922,-1.59814523053833
함안,-0.1836196927864049,0.08134323492688415,-0.12019430614636008,0.0153115524275352,0.0005937741803536834,-0.08473293178983714,0.04147798046282585,0.1966418783139459,-0.09776904053139827,-1.824367039368922,-1.9753145903113776
함양,-0.25604071045808946,0.029067198316989368,-0.12019430614636008,0.31692227182421306,0.06431934438087597,0.004414780731490168,0.17046135955372269,-0.1267520696222849,-0.11197483688274223,-1.824367039368922,-1.8541440076711075
합천,0.0021063999632233233,0.029067198316989368,-0.004038898564920987,0.0153115524275352,-0.004197622075324686,0.07445941199824731,0.07691297471856673,0.08114403976529203,-0.06732804834994692,-1.824367039368922,-1.6209300311692607
해남,-0.11699881460393989,-0.001512322786125399,-0.004038898564920987,0.0153115524275352,0.07046830290899654,0.04527414897043184,0.024941649810146755,-0.07285307829957975,-0.0859308769052783,-1.824367039368922,-1.9497053764116559
홍성,0.10628176761423737,0.029067198316989368,0.18006306670764186,0.0153115524275352,-0.037138471333113474,-0.00580006132824526,0.11589146839988172,0.1966418783139459,0.04428892298204132,-1.824367039368922,-1.1797597172680079
홍천,-0.9122868980700388,0.08134323492688415,-0.004038898564920987,0.0153115524275352,-0.17549003821582634,-0.15902269222427656,-0.15695798736932315,0.1966418783139459,0.04428892298204132,-1.824367039368922,-2.8945779651629016
화성,0.39329824540911346,0.08134323492688415,0.3444273241793963,0.0153115524275352,-0.07523527960516485,0.0541566203267235,-0.15695798736932315,0.1263388461538957,0.04428892298204132,-1.824367039368922,-0.9973955599378201
화순,-0.05531751559867258,0.029067198316989368,0.0639076591262028,0.0153115524275352,-0.06906575599835492,-0.09616212570282781,0.010949370027110628,0.0722595906461648,-0.07591396922163834,-1.824367039368922,-1.9293310353464128
화천,-1.098012990819667,0.08134323492688415,0.0639076591262028,0.0153115524275352,0.10121309554959941,0.11337309603533462,-0.15695798736932315,0.1966418783139459,0.04428892298204132,-1.824367039368922,-2.4632585781963687
횡성,-1.098012990819667,0.08134323492688415,-0.12019430614636008,-0.24040904519761078,-0.021766075012812035,0.3857688842949458,-0.15695798736932315,0.1966418783139459,0.04428892298204132,-1.824367039368922,-2.7536645233968784
