source_index,baseline_cluster,cosine_cluster,assigned_cosine,margin_to_second
0,T01,TC02,0.8992192345968405,0.5612627331718352
1,T05,TC07,0.8926932137554396,0.10023700950290881
2,T02,TC03,0.7506024200975796,0.1861746605141712
3,T05,TC05,0.9811722681853501,0.3852369809371736
4,T05,TC05,0.8918499850770585,0.3727905519648186
5,T05,TC05,0.905954972922827,0.37551565890016325
6,T02,TC03,0.8153181618357318,0.18937257899178772
7,T05,TC05,0.8855107926500482,0.5825701337847169
8,T02,TC03,0.8622988899967493,0.18262349433520164
11,T05,TC06,0.8374905640909004,0.05292542847893722
16,T02,TC03,0.9069329897313154,0.38766377136587615
18,T05,TC05,0.8286920309635396,0.03617476755960103
19,T05,TC07,0.8317398701124192,0.04292585283096839
21,T02,TC03,0.8959700900291615,0.4171619002036726
22,T02,TC03,0.9270835435395655,0.250727579089116
23,T05,TC05,0.8385171842200139,0.10260285763066035
24,T02,TC03,0.9711750661167269,0.5179121432232132
25,T06,TC07,0.933790149038567,0.3733604236066279
27,T05,TC05,0.7674917762054166,0.12366546046193139
28,T05,TC07,0.7907890370674171,0.07373972909753135
29,T02,TC03,0.9528528850858858,0.5108526197086845
30,T05,TC05,0.9183755461780306,0.29197721764055695
46,T03,TC04,0.9115159715057044,0.10590285793684429
47,T05,TC07,0.8926932137554396,0.10023700950290881
48,T03,TC04,0.8721287599070726,0.08535129314120526
49,T05,TC05,0.8518741379220987,0.07546036955898405
50,T01,TC02,0.9321178313730676,0.3303332102205706
51,T03,TC04,0.7565349640883796,0.14664206709968586
52,T01,TC02,0.8713056953026003,0.23418534720000805
53,T01,TC02,0.9031331186332748,0.3142075788405819
54,T02,TC03,0.8868902096050175,0.37773529817682905
56,T05,TC07,0.8730924004671113,0.2176284754564508
57,T05,TC05,0.861003437142692,0.18294428495982795
59,T06,TC07,0.9368379269085253,0.38285663452729857
61,T06,TC07,0.956956323144308,0.4943665762035564
63,T03,TC01,0.9487717779641341,0.14769745970797044
64,T06,TC07,0.7272216589475067,0.18569742375830434
65,T04,TC01,0.9241866056087605,0.2396616862505042
66,T03,TC04,0.93937444940788,0.27314373086350086
67,T06,TC07,0.9422374309563475,0.4661896056813165
68,T05,TC02,0.7798976955225901,0.0428263341320545
69,T05,TC02,0.7798976955225901,0.0428263341320545
70,T06,TC07,0.9315868631518704,0.32178536767269517
71,T03,TC04,0.7235736510045957,0.08232388000682045
72,T04,TC06,0.9466631547373443,0.14696143945561746
73,T06,TC07,0.9391713175944603,0.1432079493771211
74,T03,TC07,0.9033323142027267,0.10407804046807478
76,T05,TC04,0.8545942702289938,0.020372434649883475
79,T04,TC06,0.9247764188611813,0.15539224620511927
80,T03,TC04,0.9283427448842348,0.2463557625694316
81,T04,TC06,0.966005127496271,0.289367544664216
84,T03,TC04,0.7648866630109924,0.4020186600428233
85,T03,TC04,0.7648866630109924,0.4020186600428233
87,T03,TC01,0.9608610682477857,0.36970255551364284
89,T03,TC04,0.8687673527950484,0.163858607949262
90,T03,TC04,0.8796334344396654,0.24981824530750307
91,T05,TC05,0.7267660184495436,0.006995300611851829
92,T05,TC05,0.8693558986899841,0.12247742425723174
93,T01,TC02,0.8436253543086282,0.4520250268891381
94,T05,TC05,0.8777909260761158,0.1259814325363241
95,T03,TC01,0.9487717779641341,0.14769745970797044
96,T06,TC07,0.9035015567067194,0.15982242787144196
97,T03,TC04,0.8428085872571297,0.016821132282641482
98,T04,TC01,0.9031119753381499,0.213553594644603
99,T04,TC06,0.871096472783275,0.1039117756015242
100,T04,TC06,0.871096472783275,0.1039117756015242
101,T03,TC01,0.9350996201488062,0.1350407619285614
104,T05,TC05,0.9041516736422555,0.10315672226160078
105,T02,TC03,0.9293268958346024,0.4140645417371409
106,T04,TC06,0.8885854638309955,0.14767819562695572
107,T05,TC07,0.9014593694145766,0.18510219448766463
108,T05,TC05,0.8904335631460795,0.3951247141537143
110,T01,TC01,0.8355906206013258,0.06679613357239134
112,T03,TC01,0.7691877378588595,0.1755960040780299
114,T03,TC04,0.8682516456851045,0.21323247112867005
115,T03,TC07,0.7710665947968047,0.039628712240613484
116,T04,TC06,0.9384318292860798,0.16659578236956607
117,T06,TC07,0.9422374309563475,0.4661896056813165
119,T04,TC06,0.9984151220978651,0.3722219880076735
120,T04,TC06,0.9984151220978651,0.3722219880076735
121,T03,TC04,0.9277975784809328,0.36044949027296636
124,T01,TC02,0.8961719702616721,0.16513569466650557
126,T06,TC07,0.9484273447043813,0.47649598749664096
127,T06,TC07,0.8977004124395015,0.06503665524111346
130,T04,TC06,0.8076329984533216,0.05055751697225552
131,T03,TC01,0.9487717779641341,0.14769745970797044
132,T01,TC02,0.8548758907992056,0.5855843653296737
133,T03,TC04,0.9328875506820598,0.13228359344480167
134,T01,TC02,0.8548758907992056,0.5855843653296737
137,T01,TC02,0.7872375877886189,0.16758580205369955
139,T05,TC07,0.8419774100571883,0.03474367910070297
142,T03,TC04,0.9457849906434264,0.13703303453220061
143,T05,TC05,0.8437995010025598,0.2707809070107635
144,T06,TC07,0.880398452640713,0.08626067916520064
145,T04,TC06,0.9125681475632038,0.10762874602000572
147,T01,TC02,0.8604705474121638,0.19094516855329613
148,T01,TC02,0.8604705474121638,0.19094516855329613
150,T01,TC02,0.8634772876043431,0.492298635155433
151,T01,TC02,0.8935027165308186,0.4006759593775295
152,T01,TC02,0.8976007667828837,0.5025687429621177
153,T03,TC04,0.8951366870577603,0.2079878180609771
154,T02,TC03,0.920782942856518,0.4166256683619729
155,T03,TC04,0.9347163907486621,0.16956279206563618
156,T04,TC06,0.9420192771150393,0.13505541318207603
157,T03,TC04,0.9347163907486621,0.16956279206563618
158,T06,TC07,0.956956323144308,0.4943665762035564
159,T04,TC01,0.9031119753381499,0.213553594644603
160,T04,TC01,0.9031119753381499,0.213553594644603
161,T04,TC06,0.9384318292860798,0.16659578236956607
162,T04,TC01,0.9031119753381499,0.213553594644603
163,T04,TC06,0.8188027269815825,0.11106509772294704
164,T04,TC06,0.8694868808214385,0.3135267921518704
166,T01,TC02,0.8356600923651798,0.04533676611199311
167,T05,TC05,0.8398981742031078,0.05814752043286686
168,T01,TC02,0.872899699612687,0.21942789249619488
169,T03,TC04,0.8774812017210671,0.09899874514285079
170,T03,TC04,0.8774812017210671,0.09899874514285079
171,T05,TC04,0.8545942702289938,0.020372434649883475
174,T04,TC06,0.9466631547373443,0.14696143945561746
176,T05,TC05,0.942413035571002,0.3797641056737514
178,T03,TC04,0.8190543294045759,0.18022893004635576
179,T06,TC07,0.9486496170028449,0.4252707220776283
180,T04,TC04,0.9031938439365705,0.024349368768016633
182,T01,TC01,0.6669396707765485,0.20568315249225072
183,T05,TC05,0.9139177900625652,0.24473213163920526
185,T05,TC05,0.9139177900625652,0.24473213163920526
187,T05,TC05,0.8804415835355779,0.09324851736112971
188,T05,TC05,0.8355823389060556,0.010595174100083926
189,T03,TC01,0.8531932959321236,0.10873559695295809
190,T05,TC05,0.8919299679406058,0.2180535808270454
192,T01,TC01,0.9385063460955249,0.31519308622687203
193,T06,TC07,0.8855058786150387,0.09997407733781538
194,T05,TC07,0.8594307290354778,0.09199197021651362
195,T05,TC07,0.8915125485279034,0.08401054464047097
196,T05,TC07,0.8934623039092107,0.21921845302381238
199,T05,TC05,0.9374645023838593,0.5075510263167843
201,T04,TC06,0.8302191356320635,0.19725645581637796
202,T06,TC07,0.9589357953206226,0.4996470885417693
203,T06,TC07,0.9626877272561972,0.514414333255709
204,T06,TC07,0.9626877272561972,0.514414333255709
205,T06,TC07,0.9726353261831847,0.32789853138822556
206,T03,TC04,0.9283427448842348,0.2463557625694316
207,T01,TC01,0.8355906206013258,0.06679613357239134
208,T01,TC02,0.8356600923651798,0.04533676611199311
209,T01,TC02,0.7646096550990722,0.19832705460281086
210,T05,TC05,0.7151730362203963,0.04162849560884552
213,T04,TC06,0.8594822672927488,0.3087489477403269
214,T04,TC06,0.9043246389291147,0.3254173187065109
216,T03,TC07,0.7619130707638165,0.03289669733544398
217,T04,TC06,0.9984151220978651,0.3722219880076735
218,T06,TC07,0.836450450266822,0.34644777370890334
220,T03,TC04,0.9328875506820598,0.13228359344480167
221,T04,TC06,0.9384318292860798,0.16659578236956607
222,T06,TC07,0.9391713175944603,0.1432079493771211
226,T04,TC06,0.9466631547373443,0.14696143945561746
230,T03,TC04,0.8774812017210671,0.09899874514285079
232,T03,TC01,0.8594465045114422,0.14101990601183134
233,T03,TC05,0.7938862882885699,0.033998128494281965
234,T05,TC05,0.8595845015167264,0.08624134009532924
235,T05,TC05,0.9245342679721406,0.23726833569985895
238,T06,TC07,0.9268948591033032,0.12208883832110418
239,T03,TC07,0.7619130707638165,0.03289669733544398
240,T06,TC07,0.8170856184339332,0.13038119508780743
241,T04,TC06,0.9984151220978651,0.3722219880076735
242,T02,TC03,0.823151005284071,0.1815189877053397
244,T03,TC04,0.9277975784809328,0.36044949027296636
245,T04,TC06,0.9384318292860798,0.16659578236956607
246,T03,TC04,0.8951366870577603,0.2079878180609771
247,T04,TC06,0.9053441337813413,0.3258599402396124
253,T04,TC06,0.9043246389291147,0.3254173187065109
255,T01,TC02,0.7528005325980159,0.0834558039079315
257,T06,TC07,0.960655430245342,0.2469128460772949
258,T06,TC07,0.960655430245342,0.2469128460772949
260,T05,TC05,0.8573674035862032,0.1017302839367974
263,T06,TC07,0.8163999146274958,0.16808032279049623
264,T06,TC07,0.9599924299540479,0.48668145198587964
265,T06,TC07,0.9615190181985689,0.25262106123635353
267,T06,TC07,0.9203072964789529,0.3087352898574188
272,T05,TC07,0.8730924004671113,0.2176284754564508
