PC1,PC2,PC3,PC4,PC5,PC6,PC7,source_index
-0.0032295507370476983,-0.8486705374970034,-0.7263240110135375,-0.3824601618044031,-0.34552629219376574,-0.4537472233879359,0.10272229449451076,0
0.29435058936567027,-0.05749453929315723,0.2031238420405062,0.20576162726721983,0.06214191346780634,-0.12830999619025096,-0.07874411312976692,1
-0.4222778191962778,-0.5303578167169387,-0.8979028707397743,-1.2721373102914053,0.6515830528198707,-0.012277326959165613,-0.1245929394610128,2
-0.050703942565481164,-0.08669784848798451,-0.11477106485630768,0.8336931198782459,0.047104242612436426,-0.1392765683947248,0.19673470881385358,3
-0.39400934377625096,-0.12796683492164002,-0.09606302413925875,0.7942636473912272,0.05473987593914598,-0.24885786348885658,-0.07936855232807793,4
-0.3546737287745721,-0.3825327939107937,-0.3362185279751964,0.7323703781387061,-0.10933980152195755,0.09456054095894358,0.06539741096813045,5
-0.17251111753201073,-0.9135508336879958,-0.9406622265451315,-0.39326465149399287,0.7722100490017088,0.1421683944764318,0.2714666899698748,6
-0.23085288568904716,-0.37872965561597416,-0.2903891223671741,1.384743399224306,0.1014691850446098,-0.15100087299866782,0.026666669749334848,7
-0.816095514346323,0.41195931298030725,-0.04542893734050328,-0.20471459361966007,0.9941400595447366,0.46891724394660694,0.36590602441634956,8
-0.25020957881838723,0.3168006637327527,-0.16670185510213656,0.5333881355402768,-0.009863481015781689,-0.1096230889037128,-0.17557176811933917,11
-0.5543677466475831,0.05373423707817093,0.03849858590173362,-0.39209238324137935,1.0968649206959575,0.13075435377621025,-0.15433818721716874,16
0.2645244874442989,-0.39463122259885874,-0.23084566837731835,0.24792913425370525,-0.09260900458810328,0.011257706453498162,-0.12616105657766907,18
0.23148659664020732,-0.20492557536535705,-0.059954166600602696,0.21613245660744348,-0.10054849310789199,0.3397572339544731,-0.18811757793976858,19
-0.636024457344669,-0.4093156996355212,-0.7648587715042985,0.22665079652973144,0.9961715671977341,-0.07459294232038682,-0.04767448085404846,21
-0.32523203952152646,0.45412007139524463,-0.6346556905958279,0.007870420240087952,1.02158421025204,-0.01578031612429709,0.1228253709613335,22
-0.1821531486132421,-0.476532457968564,0.23280165148795232,0.2862634360372236,0.05061277656048985,-0.23970385821640527,-0.08564731343003795,23
-0.11117658036190077,-0.1507081258497912,-0.6527109239073757,-0.2456954805948152,0.9663554923133645,0.03217079266179207,-0.03849763409021445,24
1.5331864275673637,-0.15300404695864908,-0.09664981959205828,0.3748093778990471,0.10473711860568863,-0.12849460936617074,0.10297972760085894,25
-0.5433335255370892,0.07298885290520918,0.08561838836719082,0.5472148756019898,0.03971897204466257,-0.12782464080411388,-0.22849216266405348,27
0.44014464336859016,-0.5662842974472254,-0.21621409111629888,-0.18018779800389667,-0.21637923650485846,0.07101049371160471,0.31305819613502994,28
-0.5475283422822222,-0.2710015254906327,-0.6335090254890914,-0.2565648931831297,0.8424461569848363,0.45905242228960663,0.017759575597954713,29
-0.017700229998283634,-0.5545899079959329,0.2904631517147982,0.6158852860085158,0.11046780263268452,-0.12568816950037687,0.12860764639893962,30
0.12027084330077303,0.4235550832553145,0.4628890566037459,-0.2973138937734165,0.03039442391170835,-0.24101968035113858,0.19910211005036582,46
0.29435058936567027,-0.05749453929315723,0.2031238420405062,0.20576162726721983,0.06214191346780634,-0.12830999619025096,-0.07874411312976692,47
0.23002403686364886,-0.12120384201858714,0.5014135125641629,0.1464598390009621,0.1339403107137423,-0.22710803614054031,0.08063889458596218,48
0.15510914639209877,0.12669351099516113,-0.13377028961531806,0.4650342239360961,0.011334982031094565,-0.08642109089584565,-0.17020856554976216,49
-0.18523268362400552,-0.5018548174935451,-0.048744711166976304,-0.2112346038712091,-0.13560438781836381,-0.24080222824920872,-0.11434891913816825,50
-0.04202559352749277,-0.40921340490654573,0.2916927140038319,-0.3722363608052841,-0.06718598082990737,-0.11266349811117055,-0.2255928350321274,51
-0.6472012962878588,-0.22787293581560697,-0.20983414824560448,0.05434091933467788,-0.14630939730814663,-0.41601536788520904,0.1052268890803052,52
-0.4999345818126365,-0.49302112525778236,-0.030600692876541144,-0.46546558924224146,-0.20120968432650393,-0.3671514394700401,0.027212492630443452,53
-0.35434391457385056,-0.767136902454034,-0.5413435842384379,-0.2052284183709551,0.9843212503090725,-0.08484281784723519,-0.025096463963942606,54
0.4679225196796576,-0.3158214144622855,-0.0407440867332919,0.17625934150500477,-0.08818272299721418,0.35329173279239556,-0.18498904310751518,56
-0.004949326399242865,-0.09402973626842859,-0.07916424646791347,0.2560055717098821,-0.1129142632185698,0.32622273511655053,-0.19124611277202186,57
0.8315489879465922,-0.21557691476158422,-0.05674566874852893,0.18531718532860017,0.015075056443226043,-0.002442958564116554,-0.23187005118098952,59
1.8566807763426252,0.22465987109339575,-0.09038306941643114,-0.2839726376174583,-0.004233211243137136,-0.09250937199927245,0.1990557699612986,61
-0.5003807353182514,0.03011133345330458,0.3670792484670884,-0.12867542315070618,-0.13448809740120665,0.38130140119787004,0.051075235640898886,63
0.4674147039287474,-0.09309866708294207,-0.024846800943850354,-0.35631846529784655,-0.27025484901833274,0.7221837776141544,-0.013387749905130697,64
-0.40389090656521937,0.1256752875414494,-0.0803552573183967,-0.03972274075131961,-0.24218569327011058,0.529498461123304,-0.18799927593269483,65
-0.7607386307892323,0.4176016462069971,0.7328811416277855,-0.08442199450738364,0.09099885729632415,-0.34110119227609975,0.21044263060752122,66
1.1946676404626166,0.10739033231846051,-0.0568499649743244,-0.3382027776506558,-0.0637392901374523,0.010714394901130214,-0.10714976605207926,67
-0.047403598934490004,-0.16184811038068747,-0.32390077028027603,0.012304311637956936,-0.24294610378581483,0.19148099771155858,0.10692065594380418,68
-0.047403598934490004,-0.16184811038068747,-0.32390077028027603,0.012304311637956936,-0.24294610378581483,0.19148099771155858,0.10692065594380418,69
0.5645987167308559,-0.25439642791064787,0.315851619940163,-0.05379086108651689,0.053475547831338094,-0.07219226802375894,-0.14029028642486951,70
-0.3840726468629393,-0.48609229200682713,0.8972938221860859,-0.377920055882307,-0.03432275037100567,0.3511256629615055,0.06988119970121909,71
0.14154879583518248,0.27604203709250136,-0.10435763034125224,-0.026135975015926533,-0.08729902410945026,-0.004103575911464152,-0.25832078804290626,72
0.6380586477451888,0.36399419117370285,-0.1295074586728323,0.014536630008971603,-0.04266946493871387,-0.08152140108676614,-0.028666636032872783,73
0.39971285164132553,0.014134324358963779,0.37189199524519906,-0.17489833006897113,0.03894722692547037,-0.13199888758001438,-0.014553474220932672,74
-0.17852125671323008,0.16429713890069975,0.1647036823058846,0.28550785747209717,0.037410373246450745,-0.155378993866096,-0.0850011827942736,76
-0.12017897186355725,0.6342671129946376,-0.18828515358348918,0.16124181460579273,-0.19002388526067127,0.33405931425893254,0.26192342359061216,79
-0.45145088482785595,0.09252592892315503,0.3682267037758129,-0.15576126244021124,-0.02423098741128271,-0.07488281066159619,-0.24890042847934601,80
-0.09589396932807426,0.4247164862900858,-0.15442423071658093,0.24130032134461657,-0.05633457805844944,-0.08053447464568136,-0.16284354127053347,81
-0.38666484130548584,-0.3819859561331297,1.2033749260045161,-0.6838702107820817,0.10444214105766117,-0.17803023109922195,-0.08202880721591865,84
-0.38666484130548584,-0.3819859561331297,1.2033749260045161,-0.6838702107820817,0.10444214105766117,-0.17803023109922195,-0.08202880721591865,85
-0.4783431408764624,-0.15847149009474146,0.2880313624299219,0.05270387400262554,-0.18831732375475607,0.6871539338806145,0.14843897096208758,87
-0.7157196552941518,0.32237951436912676,0.4245731930949198,0.3059522994107168,0.08447723027103105,-0.2812460314922304,0.06812475525694894,89
-0.0726600065764418,-0.3211107039084685,0.8388628981276245,-0.10728671242120957,0.0618162270809757,0.12964436101790694,0.2909637561569215,90
0.2600727614893724,-0.4989189726563325,0.4715335344585508,0.1956608375511268,0.06280560149993913,0.13976904361086132,0.022698630016458,91
-0.15499052199545565,-0.3826640162051746,0.3789670673732935,0.37632580622728384,0.05322174573081778,0.10548134426432071,-0.06440854632539095,92
-0.3634707400100665,-0.7887258309782561,-0.09946072433425454,-0.1593816811082744,-0.15635239575975055,-0.25865360563311635,-0.18846450760405953,93
0.3016492330674822,-0.23673959542359124,-0.08761667348805775,0.5025544022177203,-0.04856795825751484,0.30966108827314476,-0.056248527861398445,94
-0.5003807353182514,0.03011133345330458,0.3670792484670884,-0.12867542315070618,-0.13448809740120665,0.38130140119787004,0.051075235640898886,95
0.5891287972547933,0.30157959570385234,-0.13065491398155682,0.04162246929847666,-0.15292657492863782,0.37466281077270003,0.2713090280873721,96
-0.0038708834082451238,0.11806348753450602,0.34192942013550837,-0.08800281812580804,-0.08985853823047027,0.303883576022568,0.28072938765093236,97
-0.47832898822905323,0.3504846893047718,-0.10168712041309351,-0.1968260048880918,-0.319717929461044,0.6680457822624644,-0.025901889234143938,98
-0.509604929055512,0.3506277416532209,0.10311941691631415,-0.031138946074410884,-0.0743136609263832,-0.059794941543413915,-0.25830341050950606,99
-0.509604929055512,0.3506277416532209,0.10311941691631415,-0.031138946074410884,-0.0743136609263832,-0.059794941543413915,-0.25830341050950606,100
-0.43919926048414604,-0.10853981371886107,0.2889493266769015,0.031035202571021485,-0.10011163576281693,0.3222065643930416,-0.09154156033410832,101
0.2778692439361639,-0.2533142747327385,0.13667430705904704,0.44453514137327443,0.0604093946718991,0.0074704523806946865,-0.08669910413472404,104
-0.21711156603093584,0.18921474978114555,-0.4633141060918513,0.10847852493718682,1.086707884107755,0.14905621052199983,-0.14982194924782544,105
-0.178498052308849,0.22459530309278236,-0.3892068603801064,0.11886920047212426,-0.1487146167229133,-0.26788342912727,0.04315496265822716,106
0.43240836557428974,0.10863479608157711,-0.10923800328201463,0.16727351653036776,-0.11486241778476186,0.3168956920529056,0.08464547362307029,107
0.29524859535852704,-0.28402847179531243,-0.08924550169741663,1.4245896258497885,0.24093601003352186,-0.2698928496207581,0.04412464816997508,108
-0.5071460102911878,-0.12447619145517991,-0.37383354439780353,-0.192761641841935,-0.3576607416006904,0.29531226802131827,0.06949885397825595,110
-0.28758281810990727,-0.39052833791868224,0.44985931640060084,-0.28896737348292034,-0.14202034623990958,0.4993227228869396,-0.16919331187237463,112
-0.642691112972568,-0.12481458587661737,0.2841077136643235,0.09706506512883042,0.0024723654915092125,-0.3586892791008412,0.09294447685540053,114
0.3718893150025451,-0.40163028959991165,0.5566002245198378,0.03959853877948596,0.12891881148794035,-0.148427155014494,-0.06620680375622012,115
0.24892394830481585,0.5509736887061742,-0.13369028444356756,-0.17871031724090106,-0.11320237058016355,-0.043423600450559874,-0.1196639053810925,116
1.1946676404626166,0.10739033231846051,-0.0568499649743244,-0.3382027776506558,-0.0637392901374523,0.010714394901130214,-0.10714976605207926,117
-0.03480660797297647,1.1118265838688233,-0.24406370835491745,0.03501228320205119,-0.10315937212855963,-0.20078536270265257,0.17402749130327222,119
-0.03480660797297647,1.1118265838688233,-0.24406370835491745,0.03501228320205119,-0.10315937212855963,-0.20078536270265257,0.17402749130327222,120
-0.6703953975832783,0.17886693902951945,1.0930015020931663,-0.4701476103391295,0.11448513950926506,-0.3353919933513147,0.21166258946844607,121
-0.2611021352896237,0.02447411989547893,-0.6239894900436319,-0.0035619204003680682,-0.24109465538737718,-0.4552323836088586,0.2491534665869879,124
1.2984365663731439,-0.03110792158693304,-0.07302467437962443,-0.07799687600883938,-0.1158292645966044,0.41526630728646763,0.28069463258413196,126
0.6985217937279358,0.5654399328200082,-0.194663956047109,0.30637648938445355,0.01507271661472874,-0.20440299492616454,0.20460310194552,127
0.1836841476509552,0.46775422807970707,-0.13522022485520024,-0.14259586485489434,-0.2602118505667288,0.5648220153620618,0.28030364677923403,130
-0.5003807353182514,0.03011133345330458,0.3670792484670884,-0.12867542315070618,-0.13448809740120665,0.38130140119787004,0.051075235640898886,131
-0.4047055745666494,-0.7942193558890882,-0.7723925216351959,-0.8547667939586918,-0.49068491014096227,-0.4073345862366932,-0.03289915831629964,132
0.045058967082150375,0.18047808300435647,0.3430768754442329,-0.1150886574153131,0.02039857175945367,-0.15230063583689818,-0.01924627646931254,133
-0.4047055745666494,-0.7942193558890882,-0.7723925216351959,-0.8547667939586918,-0.49068491014096227,-0.4073345862366932,-0.03289915831629964,134
-0.13338912873808464,-0.5850260341933332,0.11078980215104373,-0.21419477227308495,-0.136562805833979,0.01583385244880131,-0.08988649926005099,137
0.225513853548358,-0.22426219195757677,0.007471650654234998,0.10373569320680953,-0.014841452085913545,-0.28443412492490816,0.09292130681086697,139
-0.22766088411805052,0.10529470822883047,0.35507806195566066,-0.12188204028300967,-0.05704476282087651,0.11450038268048587,0.015914479585793173,142
-0.5179889256529717,-0.556741452798225,-0.14285446948301905,0.540593646688577,-0.11797828384375436,0.12398302807937354,0.0495690147974035,143
0.5478184316687998,0.34527598040106494,-0.16711909265987882,0.39903978577155236,0.02511805489482996,-0.15980472081620928,0.06182134550337526,144
0.3013139121999308,0.49507820955504694,-0.17454409338184496,0.273838405364535,-0.02063093072186034,-0.14246873478592298,0.02087978033749327,145
-0.4582161598007923,-0.062061595985329454,-0.372686089089079,-0.21984748113144006,-0.24740363161076648,-0.1608719438381479,-0.2304768101419889,147
-0.4582161598007923,-0.062061595985329454,-0.372686089089079,-0.21984748113144006,-0.24740363161076648,-0.1608719438381479,-0.2304768101419889,148
-0.5008583005347804,-1.0454188208204254,-0.8780100506231048,-0.6591313943553799,-0.5961430871005531,-0.05503879649358365,0.3642265662868841,150
-0.5547034547541512,-0.8216290552852716,-0.7291879347751348,-0.007369733466742093,-0.37092140110743055,-0.20510885575801902,0.20144362429635654,151
-0.5857464566030501,-0.9289072744434312,-0.896234124358382,-0.1102981565410967,-0.373903080159234,-0.5996062300217058,0.17717074760533147,152
-0.5417422925792355,0.3062855444803793,0.49642216104585263,-0.35154403380661403,-0.029111654982606816,-0.13779591345073594,-0.10710342596301214,153
-0.1057643603835517,-0.027038105923003652,-0.0599806896154622,-0.19442650564183214,1.1448936076729517,0.10096209920303345,-0.0532365287601001,154
-0.0028474985638245465,0.011753585921980447,0.2697474282586171,0.04190461515933593,0.023797699565711344,-0.10467506523477299,-0.14779877002227737,155
0.28340476318601354,0.5303379498190954,-0.1583225784737985,0.07434630266262957,-0.06121812010473059,-0.10182314934364989,-0.03335943828125276,156
-0.0028474985638245465,0.011753585921980447,0.2697474282586171,0.04190461515933593,0.023797699565711344,-0.10467506523477299,-0.14779877002227737,157
1.8566807763426252,0.22465987109339575,-0.09038306941643114,-0.2839726376174583,-0.004233211243137136,-0.09250937199927245,0.1990557699612986,158
-0.47832898822905323,0.3504846893047718,-0.10168712041309351,-0.1968260048880918,-0.319717929461044,0.6680457822624644,-0.025901889234143938,159
-0.47832898822905323,0.3504846893047718,-0.10168712041309351,-0.1968260048880918,-0.319717929461044,0.6680457822624644,-0.025901889234143938,160
0.24892394830481585,0.5509736887061742,-0.13369028444356756,-0.17871031724090106,-0.11320237058016355,-0.043423600450559874,-0.1196639053810925,161
-0.47832898822905323,0.3504846893047718,-0.10168712041309351,-0.1968260048880918,-0.319717929461044,0.6680457822624644,-0.025901889234143938,162
-0.7932583809310265,0.6665152646758814,0.07109681061558813,0.4721153878984506,0.01770033225089708,-0.2611288726679874,0.05558744588340214,163
-0.6633401846227547,0.6908665001227139,-0.20052842239812682,0.3369957975904693,-0.0860124263240762,-0.11301727185669541,-0.17035202486794143,164
0.03829369210921407,0.025890558095871985,-0.39783591742065905,-0.17917487610654192,-0.2027740724400301,-0.2382897690134499,-0.0008226581319554782,166
-0.2156513403554513,0.01962905864847636,-0.3300031498098596,0.260840937870948,-0.18487612954648774,0.091417725255847,0.12726500551079445,167
-0.774269180735105,0.10842659639002805,-0.7489444441019983,-0.21259443188984126,-0.3553464311026434,-0.5130794586292031,0.24728986728223545,168
-0.28516946973094603,-0.1889188598283284,0.5618680139536419,0.39845252054894514,0.1659652230795832,-0.25571995247266416,0.01527515115792022,169
-0.28516946973094603,-0.1889188598283284,0.5618680139536419,0.39845252054894514,0.1659652230795832,-0.25571995247266416,0.01527515115792022,170
-0.17852125671323008,0.16429713890069975,0.1647036823058846,0.28550785747209717,0.037410373246450745,-0.155378993866096,-0.0850011827942736,171
0.14154879583518248,0.27604203709250136,-0.10435763034125224,-0.026135975015926533,-0.08729902410945026,-0.004103575911464152,-0.25832078804290626,174
-0.40967781440883394,-0.2953212953303707,-0.13520630420849372,0.7569931938885346,-0.047812076266122855,0.06179158669749782,0.14556458201349587,176
0.36137706711594964,-0.3395314424592469,1.0844337878901826,-0.3884733288341581,0.19672749630947475,-0.2952838166236306,0.23392401938282115,178
1.4935621238266004,-0.09830737598664896,-0.09027877319063564,0.23954732536179765,0.07458113533754118,-0.10566672546451922,0.07433548483238839,179
-0.1231599374108653,0.45840608871691474,0.29405793645057854,0.2000080082138341,0.07245267300423189,-0.29072844439664347,0.21214865761418167,180
-0.29554725234459356,-0.6414683362148739,-0.20362814388327277,0.03806049360440037,-0.29817690743853187,0.6045141788644518,-0.1195453831000961,182
-0.09397479013248752,-0.3425395746732206,-0.24045363025705457,0.27822415698854036,-0.14746157015744435,0.15211443231664118,-0.10875079725954007,183
-0.09397479013248752,-0.3425395746732206,-0.24045363025705457,0.27822415698854036,-0.14746157015744435,0.15211443231664118,-0.10875079725954007,185
-0.1837478139867803,0.021827163469820277,0.1362779013087191,0.39096263112221913,0.047373860144333146,-0.1268663678959211,-0.16482550294201337,187
0.18419196340186517,0.24503148070036357,-0.1511175106446418,0.389981941947957,-0.07813972454561026,0.19592997054030284,0.10870235357684954,188
-0.57852460349754,-0.15437015030677811,0.4050147147370712,0.3478462832106337,-0.04259538744519849,0.3540417400862505,0.18338689008887232,189
-0.024326037955714447,0.07907725502722712,-0.1497946415997299,0.7047990008608738,0.0447258206848378,-0.11506603050938186,-0.1752601652276362,190
-0.5609472238572372,-0.3585926732920449,0.0532487327663964,-0.06972724686986677,-0.28069736241921994,0.49980497939902596,0.3544374748908482,192
0.5931426893796734,0.20176340506145757,0.5013092163383674,-0.3770601239782939,0.055125964133063976,-0.21395068267529355,0.2053591797148724,193
0.19977994446511627,-0.2270251477775533,0.23910047412887034,0.13877344214818235,0.0447546441313266,-0.0631636139021271,-0.22871834630420262,194
0.5324679570366445,-0.09907912486805939,-0.10149441287634214,0.4121579347830613,-0.03047061777341431,0.19745759960314505,0.0065693022313834115,195
0.6268896364341917,-0.3583871420053629,0.2021410322823561,0.25425480791385796,0.08977078623808565,-0.08046237188018679,-0.15409909780285913,196
-0.04140364756194864,-0.38984968221054106,-0.20812544361517327,0.7346735477728131,-0.013765449284671258,0.028598896506684318,-0.13390738522620982,199
0.1708611847770483,0.5173286585744923,-0.08914807497197375,-0.5287638319518939,-0.18640095061677053,0.05501874794262794,-0.2842287410217847,201
0.8508565649535331,-0.056645480198284026,-0.04672739073931989,-0.1457553203232426,-0.05020171377741681,0.03649992060230339,-0.24893518354614635,202
1.3473664168635393,0.03130667388291741,-0.07187721907089992,-0.10508271529834445,-0.005572154606680452,-0.04091790457299857,-0.019281031536112936,203
1.3473664168635393,0.03130667388291741,-0.07187721907089992,-0.10508271529834445,-0.005572154606680452,-0.04091790457299857,-0.019281031536112936,204
0.7199926811041631,0.1224670577527841,-0.08869115236043834,-0.052066425512382955,-0.10156414435302732,0.2055813656875017,0.011186922270612909,205
-0.45145088482785595,0.09252592892315503,0.3682267037758129,-0.15576126244021124,-0.02423098741128271,-0.07488281066159619,-0.24890042847934601,206
-0.5071460102911878,-0.12447619145517991,-0.37383354439780353,-0.192761641841935,-0.3576607416006904,0.29531226802131827,0.06949885397825595,207
0.03829369210921407,0.025890558095871985,-0.39783591742065905,-0.17917487610654192,-0.2027740724400301,-0.2382897690134499,-0.0008226581319554782,208
-0.4722170752891294,-0.8718134041056929,0.2444736905720281,-0.4348914167908478,-0.11653374747564471,-0.44157930464680023,0.09551968747547335,209
0.08100308723588062,-0.7099796894118895,-0.3265562847805561,0.23549030380379624,-0.13499535559785236,-0.054897637326388304,-0.1736995797722235,210
-0.5384465843413022,0.8500161758652776,-0.1467783145739061,-0.40914448664457786,-0.22349826094880396,0.01441525142886041,-0.2936143455185446,213
-0.9640424187579908,1.691295518609251,-0.3123384504409309,-0.08856058598014949,-0.20843376327139806,-0.22162739194927866,0.14692274950800255,214
0.4040013995785653,-0.1372978119073346,0.5732624805150958,-0.5110364942163688,0.020351425460104433,-0.08365791809904588,-0.0945892866339989,216
-0.03480660797297647,1.1118265838688233,-0.24406370835491745,0.03501228320205119,-0.10315937212855963,-0.20078536270265257,0.17402749130327222,217
0.880168953895399,0.18464114128370696,-0.03151783537004138,-0.6483831772592099,-0.14930364028473708,0.09562224445639549,-0.2748431365250248,218
0.045058967082150375,0.18047808300435647,0.3430768754442329,-0.1150886574153131,0.02039857175945367,-0.15230063583689818,-0.01924627646931254,220
0.24892394830481585,0.5509736887061742,-0.13369028444356756,-0.17871031724090106,-0.11320237058016355,-0.043423600450559874,-0.1196639053810925,221
0.6380586477451888,0.36399419117370285,-0.1295074586728323,0.014536630008971603,-0.04266946493871387,-0.08152140108676614,-0.028666636032872783,222
0.14154879583518248,0.27604203709250136,-0.10435763034125224,-0.026135975015926533,-0.08729902410945026,-0.004103575911464152,-0.25832078804290626,226
-0.28516946973094603,-0.1889188598283284,0.5618680139536419,0.39845252054894514,0.1659652230795832,-0.25571995247266416,0.01527515115792022,230
-0.4972288996702202,-0.32169284141998966,0.533416676594637,0.12834415135377134,-0.07257524816713815,0.4843613465724839,0.17440091073291075,232
-0.17320587828705394,-0.3444773030443697,0.43794628022388965,0.2794923716064531,-0.021396924398322234,0.3772437380941177,0.18875009265844944,233
-0.17707174970016043,-0.4328130315635037,0.014567541443951452,0.24287167521146522,-0.1489241496551701,0.3281070905646596,0.1992778745655105,234
0.04163687462638005,-0.2833264443071539,0.3627166181273315,0.732294098477798,0.18335894145072565,-0.18046495026563786,0.10228388696156399,235
0.9109370841848243,0.6682432274811096,-0.16722338888567428,-0.12448017720770355,-0.053696291685848385,-0.1466473673509625,0.18654163063228546,238
0.4040013995785653,-0.1372978119073346,0.5732624805150958,-0.5110364942163688,0.020351425460104433,-0.08365791809904588,-0.0945892866339989,239
0.6616610483859665,-0.3484890451232761,-0.1330981250021568,-0.6286715040543328,-0.17566066344611375,-0.34872001906827227,0.24246131353822864,240
-0.03480660797297647,1.1118265838688233,-0.24406370835491745,0.03501228320205119,-0.10315937212855963,-0.20078536270265257,0.17402749130327222,241
-0.6413634461610294,0.8112244840202933,-0.47650643244798535,-0.645475607445746,0.8975976471584363,0.22005241586666685,-0.19905210425636732,242
-0.6703953975832783,0.17886693902951945,1.0930015020931663,-0.4701476103391295,0.11448513950926506,-0.3353919933513147,0.21166258946844607,244
0.24892394830481585,0.5509736887061742,-0.13369028444356756,-0.17871031724090106,-0.11320237058016355,-0.043423600450559874,-0.1196639053810925,245
-0.5417422925792355,0.3062855444803793,0.49642216104585263,-0.35154403380661403,-0.029111654982606816,-0.13779591345073594,-0.10710342596301214,246
-0.696819743852985,0.9945570450938881,-0.21053060391281073,-0.01921785683114634,-0.1626654510228748,-0.09756159580224993,-0.13217804471010575,247
-0.9640424187579908,1.691295518609251,-0.3123384504409309,-0.08856058598014949,-0.20843376327139806,-0.22162739194927866,0.14692274950800255,253
0.08478675222207607,-0.5248793343729125,0.10118885294190155,-0.2087600659789277,-0.07460813816971489,-0.19760696236510594,-0.11801510410413563,255
0.49620268039435766,0.10969827844710861,-0.07554251054028606,-0.08594564766958457,-0.06875036894343353,0.016198172345419648,-0.25362798579452633,257
0.49620268039435766,0.10969827844710861,-0.07554251054028606,-0.08594564766958457,-0.06875036894343353,0.016198172345419648,-0.25362798579452633,258
-0.322566536596403,-0.3298618021538057,0.49373358195764727,0.5209541457603128,0.06713326940369313,0.1796968098492856,0.21018524074479217,260
1.1378481971289678,0.18546973243854076,-0.2737923647778476,-0.5281679943694136,1.0738907159325946,0.2538675610288235,0.3170701002824797,263
1.0389984612612866,-0.10758354137517082,-0.06221584735348913,0.04990936885291087,0.0030211184728040352,-0.015568880223653297,-0.14782657407571764,264
0.6505842465344506,0.16878149590199792,-0.11883895249115685,0.172708222824525,-0.05290775012049773,0.10345487723899832,0.05651686877898565,265
1.066014535458574,-0.0200282731323993,0.5397293760729891,-0.4568063541831712,0.0798575043544196,-0.18688168499944852,0.21161624937937906,267
0.4679225196796576,-0.3158214144622855,-0.0407440867332919,0.17625934150500477,-0.08818272299721418,0.35329173279239556,-0.18498904310751518,272
