course_id,region,name,parsed_stop_count,cluster_eligible,search_candidate_slots,search_unique_listed_pois,best_listed_source_rank,listed_poi_names,search_link_verified,search_score_bonus,search_stay_multiplier
ct_ff41044d0b7080,부산,동부산테마노선,7,True,1,1,19.0,광안리해수욕장,False,0.0,1.0
ct_4ba7f5cc1ffeda,부산,서부산생태투어,8,True,0,0,,,False,0.0,1.0
ct_5082aae98cb9d3,부산,야경투어,4,True,1,1,19.0,광안리해수욕장,False,0.0,1.0
ct_1def3d2a58e430,부산,오렌지라인,13,True,1,1,56.0,다대포해수욕장,False,0.0,1.0
ct_edd6e5375f387f,부산,그린라인,13,True,1,1,100.0,태종대,False,0.0,1.0
ct_c83f7c6960b76b,부산,레드라인,13,True,2,2,19.0,광안리해수욕장 | 해운대해수욕장,False,0.0,1.0
ct_8171ca90d9fa99,제주,야간코스(7월말~8월말 운영),8,True,0,0,,,False,0.0,1.0
ct_98323d74dbd87a,제주,순환형코스,21,True,0,0,,,False,0.0,1.0
ct_4e0d701d9aadd5,대구,테마(야경 4~10월),6,True,0,0,,,False,0.0,1.0
ct_e99ec2b47f0201,대구,테마-전통5일장-군위전통시장,10,False,0,0,,,False,0.0,1.0
ct_ceba5f847db171,대구,테마-전통5일장-현풍백년도깨비시장,8,False,0,0,,,False,0.0,1.0
ct_da6b197f9d64eb,대구,테마-방방곡곡(사시사철),9,True,0,0,,,False,0.0,1.0
ct_1d6ad4598dff93,대구,테마-방방곡곡(군위군 돋보기),11,True,0,0,,,False,0.0,1.0
ct_d3a976675ffc53,대구,테마-방방곡곡(낙동강),8,True,0,0,,,False,0.0,1.0
ct_f1756d1e5ece58,대구,테마-방방곡곡(팔공산),11,False,0,0,,,False,0.0,1.0
ct_9857f916bfa916,대구,도심순환코스(12개 정류장),17,True,0,0,,,False,0.0,1.0
ct_b75e8d4cf1e318,대구,테마(야경 11~3월),6,True,0,0,,,False,0.0,1.0
ct_4b24fed6566e54,해남,해남시티투어,2,True,0,0,,,False,0.0,1.0
ct_49fb403c953735,광양,광양역사코스,11,True,0,0,,,False,0.0,1.0
ct_b97fea5cc3f414,광양,광양힐링코스,10,True,0,0,,,False,0.0,1.0
ct_941018a965809c,광양,야경코스,10,True,0,0,,,False,0.0,1.0
ct_83465bf3a690f2,여수,야간테마코스(시간을달리는버스커),11,True,0,0,,,False,0.0,1.0
ct_0b7a755a267601,여수,2층야간코스,7,True,0,0,,,False,0.0,1.0
ct_0f4dbe3b938a90,여수,2층주간코스,10,True,0,0,,,False,0.0,1.0
ct_ff41dfabaec78b,여수,야경코스,7,True,0,0,,,False,0.0,1.0
ct_a70933018dfe45,여수,이순신문화유적코스,9,True,0,0,,,False,0.0,1.0
ct_64b3f2e630ba51,여수,다크투어리즘코스,8,True,0,0,,,False,0.0,1.0
ct_a7f13a177e5633,여수,제2코스,13,True,0,0,,,False,0.0,1.0
ct_a1bc285f9c2881,여수,제1코스,7,True,0,0,,,False,0.0,1.0
ct_1845f5c9950df4,목포,별빛물결시티투어,7,True,0,0,,,False,0.0,1.0
ct_aa2937d4d2a2d0,목포,목포랑시티투어,12,True,0,0,,,False,0.0,1.0
ct_02725290337c6e,화성,테마와 하루(해양생태 체험),4,False,0,0,,,False,0.0,1.0
ct_0647088739be8e,화성,테마와 하루(문화예술 체험),5,False,0,0,,,False,0.0,1.0
ct_18f8d2d6e6ecbb,화성,테마와 하루(목장 체험),4,False,0,0,,,False,0.0,1.0
ct_1fde4efbf20ca7,화성,테마와 하루(농어촌 체험),3,False,0,0,,,False,0.0,1.0
ct_ece2f86aee7798,화성,소소한 하루,3,False,0,0,,,False,0.0,1.0
ct_1312c067f4f09c,화성,별과 하루,1,False,0,0,,,False,0.0,1.0
ct_57dcb7b9ef372a,화성,노을과 하루,1,False,0,0,,,False,0.0,1.0
ct_a8823fdcbfa445,화성,바다와 하루,5,False,0,0,,,False,0.0,1.0
ct_bdf659310ea2d8,화성,열차와 하루,6,False,1,1,69.0,제부도,False,0.0,1.0
ct_787fd471a42547,화성,모두와 하루(무장애 여행),4,False,0,0,,,False,0.0,1.0
ct_2cc8b9554c96b1,화성,역사와 하루2,4,False,0,0,,,False,0.0,1.0
ct_7c8399d1ee9697,화성,역사와 하루1,4,False,0,0,,,False,0.0,1.0
ct_fcdcec3c020261,화성,자연과 하루,3,False,0,0,,,False,0.0,1.0
ct_4015a60380a6a5,화성,섬과 하루,1,False,0,0,,,False,0.0,1.0
ct_8f8d80c41a8119,화성,테마와 하루(지역축제 체험),5,False,0,0,,,False,0.0,1.0
ct_52fe5a29aee3e7,합천,합천광역시티투어 누비고,3,True,0,0,,,False,0.0,1.0
ct_17e0dd4d30822e,밀양,삼랑진권 투어,8,True,0,0,,,False,0.0,1.0
ct_20eb1ae44f44d4,밀양,영남알프스권 투어 1,9,True,0,0,,,False,0.0,1.0
ct_d1e99a0d119f73,밀양,시내권 투어 1,10,True,0,0,,,False,0.0,1.0
ct_78497ddd68fd45,사천,우주항공산업투어,10,True,0,0,,,False,0.0,1.0
ct_18935ddc8bc32f,사천,오감체험투어,5,False,0,0,,,False,0.0,1.0
ct_824d1bcb38ec4b,사천,이순신승전길투어,7,False,0,0,,,False,0.0,1.0
ct_6b62f6c5e28b9c,사천,바다투어,8,True,0,0,,,False,0.0,1.0
ct_b8b6f8a37ebdf8,사천,별빛투어,12,True,0,0,,,False,0.0,1.0
ct_da9b92ef0368b0,영주,특별운영,1,False,0,0,,,False,0.0,1.0
ct_572b4d8191127a,영주,선비 코스,10,True,0,0,,,False,0.0,1.0
ct_c93b13bf48e761,영주,물돌이 코스,10,True,0,0,,,False,0.0,1.0
ct_e613bd3839189c,익산,순환형2,8,True,0,0,,,False,0.0,1.0
ct_c543fc703f1159,익산,순환형1,8,True,0,0,,,False,0.0,1.0
ct_ba0c8e297c39cc,익산,맞춤형코스,1,False,0,0,,,False,0.0,1.0
ct_73908901775f5c,익산,세계유산코스,5,True,0,0,,,False,0.0,1.0
ct_68e342ed3c052f,익산,익산숨은보석찾기코스,7,True,0,0,,,False,0.0,1.0
ct_84ffabae716404,홍성,죽도코스,6,True,1,1,86.0,남당항,False,0.0,1.0
ct_1d32ffebd246d5,홍성,"전통시장코스(홍성) 1,6일 운영",5,True,0,0,,,False,0.0,1.0
ct_c722d90ff66eb2,홍성,"전통시장코스(광천) 4,9일 운영",6,True,0,0,,,False,0.0,1.0
ct_8b988867d0e267,홍성,남당항 코스,6,True,0,0,,,False,0.0,1.0
ct_ba06e511559567,홍성,역사·문화 코스,5,True,0,0,,,False,0.0,1.0
ct_94cebe436c068a,서산,C코스,7,True,0,0,,,False,0.0,1.0
ct_330d0bc9cd3d05,서산,B코스,7,True,1,1,61.0,삼길포항,False,0.0,1.0
ct_3ed5105d35b251,서산,A코스,7,True,0,0,,,False,0.0,1.0
ct_e4444e050c482f,천안,일요일,4,True,0,0,,,False,0.0,1.0
ct_566165b1b827e0,천안,토요일,4,True,0,0,,,False,0.0,1.0
ct_6bfb1cb10f19bb,천안,목요일,4,True,0,0,,,False,0.0,1.0
ct_2c0d1fe873d818,천안,화요일,5,True,0,0,,,False,0.0,1.0
ct_4078e0f90b0ed3,충주,충주시티투어,6,False,0,0,,,False,0.0,1.0
ct_a11be8ffeee88a,태백,통리장 코스,8,True,0,0,,,False,0.0,1.0
ct_36b90ac2b7ebec,태백,황지자유시장 코스,9,True,0,0,,,False,0.0,1.0
ct_cba721781124d5,원주,원주시티투어(순환형),15,True,0,0,,,False,0.0,1.0
ct_809907e22355c9,연천,연천명소코스,6,True,0,0,,,False,0.0,1.0
ct_ed3a5516a8c6ca,연천,안보자연코스,6,True,0,0,,,False,0.0,1.0
ct_bd00bd65a80b11,연천,역사자연코스,7,True,0,0,,,False,0.0,1.0
ct_768d8183a336c4,이천,승마체험코스,3,False,0,0,,,False,0.0,1.0
ct_8e34c83e5dbe39,이천,농촌체험코스(북부),3,False,0,0,,,False,0.0,1.0
ct_f48a1e387a5d08,이천,농촌체험코스(중부),3,True,0,0,,,False,0.0,1.0
ct_95906ed6ab2982,이천,농촌체험코스(남부),3,False,0,0,,,False,0.0,1.0
ct_6e5834d70408a0,평택,"문화유산코스 /관광코스 ※무장애코스 월2회 정기운영(3~6월,9~11월)",28,False,0,0,,,False,0.0,1.0
ct_3dd54d8970e115,의정부,의정부포레스트:오감이 깨어나는 숲 속 여행,5,True,0,0,,,False,0.0,1.0
ct_1ec5a8d64c0dc7,청주,청주시티투어_수시투어,1,False,0,0,,,False,0.0,1.0
ct_77585e7300bc39,청주,청주시티투어_정기투어_트레킹 투어(토),9,True,0,0,,,False,0.0,1.0
ct_d756b69f16e800,청주,청주시티투어_정기투어_힐링로드 투어(토),8,True,0,0,,,False,0.0,1.0
ct_a726fc60353090,청주,청주시티투어_정기투어_초정힐링 투어(토),8,True,0,0,,,False,0.0,1.0
ct_86dc46ed127655,청주,청주시티투어_정기투어_청남대 투어(수토일),9,True,0,0,,,False,0.0,1.0
ct_c68da356b898d6,여주,꽃섬투어,9,True,0,0,,,False,0.0,1.0
ct_7cdced2e0d065a,여주,시티투어,11,True,0,0,,,False,0.0,1.0
ct_bd2de54ec11e6b,양산,양산시 가을 시티투어 (자연관광코스),6,True,0,0,,,False,0.0,1.0
ct_79a18eaed83932,양산,양산시 가을 시티투어 (역사문화코스),6,True,0,0,,,False,0.0,1.0
ct_956d44d9a821ed,양산,2025 6월 시티투어,6,True,0,0,,,False,0.0,1.0
ct_a98893fa363590,양산,봄꽃체험코스,5,True,0,0,,,False,0.0,1.0
ct_36cdd5661df6fd,봉화,송이축제 문화유적탐방버스,5,True,0,0,,,False,0.0,1.0
ct_69c07f148cbc8b,봉화,은어축제 문화유적탐방버스,5,True,0,0,,,False,0.0,1.0
ct_de90b5933f0b40,청도,시티투어,5,True,0,0,,,False,0.0,1.0
ct_a8109db7ba07e7,안동,봉정사&만휴정테마,12,False,0,0,,,False,0.0,1.0
ct_bdc4b066f6280d,안동,도산서원&예끼마을테마,11,True,0,0,,,False,0.0,1.0
ct_ec90f983bc7ed6,안동,하회마을테마,12,True,0,0,,,False,0.0,1.0
ct_40252d247000a5,안동,야간도심테마,7,True,0,0,,,False,0.0,1.0
ct_ab2a31c9b0dd1c,안동,주간도심테마,11,True,0,0,,,False,0.0,1.0
ct_b96c711c2cd94d,예산,예산군 버스투어,7,True,0,0,,,False,0.0,1.0
ct_03101958100a14,부여,부여테마여행,21,True,0,0,,,False,0.0,1.0
ct_6c4aceb7545355,부여,롯데리조트부여와 함께하는 부여 감성야행,19,False,0,0,,,False,0.0,1.0
ct_abd1e371e69550,정선,아리랑열차 연계형 시티투어2,7,True,0,0,,,False,0.0,1.0
ct_370b108b4609ce,정선,아리랑열차 연계형 시티투어 1,5,False,0,0,,,False,0.0,1.0
ct_516add9e1cef4a,정선,와와정선 2층 투어버스,7,True,0,0,,,False,0.0,1.0
ct_ebbc3131233e25,가평,가평순환버스B코스,6,True,0,0,,,False,0.0,1.0
ct_2827a8d7943bdf,가평,가평순환버스A코스,9,True,0,0,,,False,0.0,1.0
ct_c825dbc2a63555,파주,2026 파주시티투어 1박2일코스(토요일~일요일),6,True,0,0,,,False,0.0,1.0
ct_f534f220e539af,파주,2026 파주시티투어 당일코스(일요일),3,True,0,0,,,False,0.0,1.0
ct_9f8a8ca65b1ebb,파주,2026 파주시티투어 당일코스(토요일),3,True,0,0,,,False,0.0,1.0
ct_d916d0f4237246,파주,2026 파주시티투어 당일코스(금요일),3,True,0,0,,,False,0.0,1.0
ct_62dfed5cce4635,파주,2026 파주시티투어 당일코스(목요일),3,True,0,0,,,False,0.0,1.0
ct_5c692156a089c1,파주,2026 파주시티투어 당일코스(수요일),3,True,0,0,,,False,0.0,1.0
ct_d3c228b00ede2b,파주,2026 파주시티투어 당일코스(화요일),3,True,0,0,,,False,0.0,1.0
ct_7e32361fcd1ee4,시흥,테마형 수시코스,1,False,0,0,,,False,0.0,1.0
ct_4be058672a95ae,시흥,테마형 정기코스,11,True,0,0,,,False,0.0,1.0
ct_83afdb6c6bad30,시흥,순환형 2층버스,5,True,0,0,,,False,0.0,1.0
ct_5af4a6ea0ae672,부천,정규코스. 특별코스,2,False,0,0,,,False,0.0,1.0
ct_1c691124e74222,대구,도동코스,4,True,0,0,,,False,0.0,1.0
ct_0e4d7f0c7de8e2,대구,송해코스,5,True,0,0,,,False,0.0,1.0
ct_62ce3cfd4b2223,대구,현풍코스,7,True,0,0,,,False,0.0,1.0
ct_3502e24db497bb,인천,노을야경투어,5,False,0,0,,,False,0.0,1.0
ct_b53b246e98a9cd,인천,석모도투어,5,True,0,0,,,False,0.0,1.0
ct_59c60fcaf04aa6,인천,교동도투어,6,True,0,0,,,False,0.0,1.0
ct_30fd00f9cfda89,인천,선재영흥투어,5,True,0,0,,,False,0.0,1.0
ct_0ed3eb88438a1d,인천,청라투어,6,True,0,0,,,False,0.0,1.0
ct_008becedc70ab4,인천,무의도투어,5,True,1,1,71.0,하나개해수욕장,False,0.0,1.0
ct_2be78db2f756ab,인천,바다노선,9,True,2,2,9.0,송도컨벤시아 | 인스파이어엔터테인먼트리조트,False,0.0,1.0
ct_424fda831e8a80,인천,인천레트로노선,9,True,1,1,30.0,송도컨벤시아,False,0.0,1.0
ct_55438211f07ef0,임실,명소탐방 임실 시티투어,5,True,0,0,,,False,0.0,1.0
ct_d2de6dc991c57d,군산,(박물관 출발) 고군산코스,3,False,0,0,,,False,0.0,1.0
ct_3aa92169f5cb7c,군산,(익산역 출발) 고군산시간여행코스,8,True,0,0,,,False,0.0,1.0
ct_c343406b7388f2,군산,고군산시간여행코스,7,True,0,0,,,False,0.0,1.0
ct_c5a98dca8ee2d1,제천,제천관광택시,1,False,0,0,,,False,0.0,1.0
ct_5728bf247a42c1,제천,시티투어,4,True,0,0,,,False,0.0,1.0
ct_0af000fbdb8ad6,동해,관광문화코스,12,True,0,0,,,False,0.0,1.0
ct_fc9f85899d40a4,안산,안산 시내권코스(토요일),8,True,0,0,,,False,0.0,1.0
ct_a3932d2baa3d16,안산,안산 시내권코스(목요일),7,True,0,0,,,False,0.0,1.0
ct_b3b0773f44a533,안산,대부도 해변코스(체험형 1코스),6,True,0,0,,,False,0.0,1.0
ct_ec6acb453717fd,안산,대부도 해변코스(일반형 2코스),6,True,0,0,,,False,0.0,1.0
ct_14b70a907c3324,안산,대부도 해변코스(일반형 1코스),6,True,1,1,47.0,방아머리해변,False,0.0,1.0
ct_0ebeda6387230e,안산,대부도 뱃길코스(체험형 2코스),7,True,1,1,47.0,방아머리해변,False,0.0,1.0
ct_b2af495e1760b5,안산,대부도 뱃길코스(체험형 1코스),6,True,1,1,47.0,방아머리해변,False,0.0,1.0
ct_b6060e0e38a765,안산,대부도 뱃길코스(일반형 2코스),9,True,1,1,47.0,방아머리해변,False,0.0,1.0
ct_a7d1b6cc26e056,안산,대부도 뱃길코스(일반형 1코스),9,True,2,1,47.0,방아머리해변,False,0.0,1.0
ct_0946c67481033f,세종,행복투어B,3,True,0,0,,,False,0.0,1.0
ct_6beed8d2daa9dc,세종,야경투어,5,False,0,0,,,False,0.0,1.0
ct_f355a62ad61675,세종,정원투어,5,False,0,0,,,False,0.0,1.0
ct_fe508b5dbba88f,세종,역사산책투어,4,True,0,0,,,False,0.0,1.0
ct_a8b35f46bb8621,세종,행복투어A,5,False,0,0,,,False,0.0,1.0
ct_4212deac479d6b,세종,역사문화투어,3,True,0,0,,,False,0.0,1.0
ct_a8b6f564bf7384,세종,봄꽃파닭B투어,3,True,0,0,,,False,0.0,1.0
ct_3e1bfccd397508,세종,봄꽃파닭A투어,3,True,0,0,,,False,0.0,1.0
ct_037c18bb42946f,세종,천안연계투어,4,True,0,0,,,False,0.0,1.0
ct_ca13864967c1fb,세종,세종관광명소B투어,4,True,0,0,,,False,0.0,1.0
ct_6df930eb64d3ad,세종,세종관광명소A투어,6,True,0,0,,,False,0.0,1.0
ct_82edd01ea220e6,화순,화순적벽 버스투어(적벽 셔틀버스),7,True,0,0,,,False,0.0,1.0
ct_0d87fb5d8ec759,화순,화순적벽 버스투어(적벽투어),3,False,0,0,,,False,0.0,1.0
ct_4e89a607500203,태안,광역코스,5,True,1,1,68.0,꽃지해수욕장,False,0.0,1.0
ct_596ccaeb2861f9,태안,남부코스,6,True,1,1,68.0,꽃지해수욕장,False,0.0,1.0
ct_74128602fb5dca,태안,북부코스,4,True,0,0,,,False,0.0,1.0
ct_72a42eb150b5d4,춘천,일요일,11,True,0,0,,,False,0.0,1.0
ct_2c5b83ca1acb5c,춘천,토요일,11,True,0,0,,,False,0.0,1.0
ct_dfc58b1c3324c1,춘천,금요일,8,True,0,0,,,False,0.0,1.0
ct_166c38f36d6640,춘천,목요일,4,True,0,0,,,False,0.0,1.0
ct_38e990a88a3094,춘천,수요일,4,True,0,0,,,False,0.0,1.0
ct_452018aaa6c847,춘천,화요일,5,True,0,0,,,False,0.0,1.0
ct_d0cdc53f7d6755,춘천,월요일,5,True,0,0,,,False,0.0,1.0
ct_aa87321b8b5003,창원,창원시티투어,14,True,0,0,,,False,0.0,1.0
ct_1d8d8a70616c41,경기광주,광주시티투어,7,True,0,0,,,False,0.0,1.0
ct_0ab41b7160d0e2,김해,문화에반해,4,False,0,0,,,False,0.0,1.0
ct_caab077d4954a7,김해,역사에반해,6,True,0,0,,,False,0.0,1.0
ct_37faafbf7ac90b,김해,자연에반해,5,False,0,0,,,False,0.0,1.0
ct_084dcff739bc51,김해,김해에반해,12,True,0,0,,,False,0.0,1.0
ct_8de53de429d379,포항,퐝순환코스,8,True,1,1,58.0,영일대해수욕장,False,0.0,1.0
ct_ac7ca37140e6b6,포항,퐝랜드마크B코스,9,True,0,0,,,False,0.0,1.0
ct_00435b9cca499b,포항,퐝랜드마크A코스,9,True,0,0,,,False,0.0,1.0
ct_e346ea988fedc3,포항,씨(SEA)하게 보는 포항코스,8,True,1,1,58.0,영일대해수욕장,False,0.0,1.0
ct_7dba0d730780c9,서천,동백코스(익산-군산 광역),7,True,0,0,,,False,0.0,1.0
ct_ba3c89379bf8c1,서천,금빛코스,7,True,0,0,,,False,0.0,1.0
ct_c188dbb343674a,서천,푸른빛코스,6,True,0,0,,,False,0.0,1.0
ct_507ac7569b1306,서천,보랏빛코스,7,True,0,0,,,False,0.0,1.0
ct_6be92119035c7f,영광,"영광쉼,투어",9,True,0,0,,,False,0.0,1.0
ct_2528f0bf880396,평창,남부권 코스,8,False,0,0,,,False,0.0,1.0
ct_9d994e07488f57,삼척,종일코스,5,True,0,0,,,False,0.0,1.0
ct_343d3a1d62c8a5,완주,완주힐링로드 시티투어(코레일연계 익산역),11,True,0,0,,,False,0.0,1.0
ct_506425657ddce1,완주,완주힐링로드 시티투어(서울권역),12,True,0,0,,,False,0.0,1.0
ct_1dab0b645e521d,완주,완주힐링로드시티투어 2코스,9,True,0,0,,,False,0.0,1.0
ct_820bca31911e89,완주,완주힐링로드시티투어 1코스,13,True,0,0,,,False,0.0,1.0
ct_e588b4efe19ef3,평창,북부권 코스,9,True,0,0,,,False,0.0,1.0
ct_d8a5c2013f976d,공주,축제코스,1,False,0,0,,,False,0.0,1.0
ct_987d7b91b042a8,완도,해양치유시티투어,14,True,0,0,,,False,0.0,1.0
ct_75d07d35d33328,진도,진도시티투어,29,True,0,0,,,False,0.0,1.0
ct_ff36074cae8347,양주,자연친화코스1,7,True,0,0,,,False,0.0,1.0
ct_cec518ee1213c1,양주,서울우유견학코스,10,True,0,0,,,False,0.0,1.0
ct_e4521f5325216f,양주,박물관투어,10,True,0,0,,,False,0.0,1.0
ct_82e2c317c54d7e,양주,역사투어,10,True,0,0,,,False,0.0,1.0
ct_6e6a0f2ecaee7f,양주,기본코스,10,True,0,0,,,False,0.0,1.0
ct_68d8eff6357673,양구,해안DMZ트래킹 코스,6,True,0,0,,,False,0.0,1.0
ct_f6d09076696e6d,양구,힐링산책코스,6,True,0,0,,,False,0.0,1.0
ct_618497cad743bc,양구,방산나들이코스,6,True,0,0,,,False,0.0,1.0
ct_88364cbd4a5650,곡성,압록권역 순환버스,7,True,0,0,,,False,0.0,1.0
ct_23c35eeaf17398,곡성,읍권 순환버스,9,True,0,0,,,False,0.0,1.0
ct_d562a83e7c0f28,대전,가족여행,4,False,0,0,,,False,0.0,1.0
ct_cf9f8ad6cdda8f,대전,야경,6,True,0,0,,,False,0.0,1.0
ct_661e12e8488117,대전,힐링(장태산),4,True,0,0,,,False,0.0,1.0
ct_f0549cce13f623,대전,힐링(만인산),4,True,0,0,,,False,0.0,1.0
ct_0d96bb8740671d,대전,역사문화(동춘당),6,False,0,0,,,False,0.0,1.0
ct_1a59c2f3801f38,대전,역사문화(효월드),5,True,0,0,,,False,0.0,1.0
ct_d038c55e01951b,대전,대덕특구탐방,5,True,0,0,,,False,0.0,1.0
ct_c59f7d050e72e0,대전,생태교육,5,True,0,0,,,False,0.0,1.0
ct_db611b0ecd14e4,대전,다크투어,7,False,0,0,,,False,0.0,1.0
ct_4309f65e431d83,아산,인생네컷 코스,6,True,0,0,,,False,0.0,1.0
ct_1b0e0fd1157aaa,아산,休캉스 코스,5,True,0,0,,,False,0.0,1.0
ct_fa87b733ddf357,아산,아산도심핫플코스,6,True,0,0,,,False,0.0,1.0
ct_636360ac200b66,대전,"광역투어(셋째주, 일)",8,True,0,0,,,False,0.0,1.0
ct_45e65111200294,대전,"광역투어(셋째주, 토)",9,True,0,0,,,False,0.0,1.0
ct_6c466761af057c,대전,"광역투어(둘째주, 일)",7,True,0,0,,,False,0.0,1.0
ct_7799bf62ca5138,대전,"광역투어(둘째주, 토)",6,True,0,0,,,False,0.0,1.0
ct_2d10b95a5e902e,대전,"광역투어(첫주, 일)",9,True,0,0,,,False,0.0,1.0
ct_6f6ed56249f477,대전,"광역투어(첫주, 토)",7,False,0,0,,,False,0.0,1.0
ct_e353674363d7f4,대전,대청호코스,11,True,0,0,,,False,0.0,1.0
ct_c53b5abd9a30ab,대전,남부코스,10,True,0,0,,,False,0.0,1.0
ct_a32a31da4ac4a1,태안,북부코스남부코스,1,False,0,0,,,False,0.0,1.0
ct_a0af2538872792,서천,전라권코스,6,True,0,0,,,False,0.0,1.0
ct_15ca3909485d66,서천,광역코스,7,True,0,0,,,False,0.0,1.0
ct_2f8d9c4d57db08,서천,힐링코스,7,True,0,0,,,False,0.0,1.0
ct_61845aa89a1c1a,홍천,홍천시티투어,11,True,0,0,,,False,0.0,1.0
ct_9845cf0683e6c7,화천,화천시티투어(백암산케이블카),5,True,0,0,,,False,0.0,1.0
ct_53a12bc8caced9,화천,화천시티투어(평화누리호),6,True,0,0,,,False,0.0,1.0
ct_a33d720535a1e1,순천,(테마투어)산사투어,5,True,0,0,,,False,0.0,1.0
ct_7d1c2151bda037,순천,(테마투어)세계유산투어,7,True,0,0,,,False,0.0,1.0
ct_02181b9e7a671f,순천,(테마투어)성곽투어,7,True,0,0,,,False,0.0,1.0
ct_6b11aef24a24ef,순천,(테마투어)생태투어,5,True,0,0,,,False,0.0,1.0
ct_f8bd00d4bc40b3,순천,(기획투어)나이트가든투어,4,True,0,0,,,False,0.0,1.0
ct_cfd77d72cf4c59,나주,정기코스,6,True,0,0,,,False,0.0,1.0
ct_8163a6f43e6f4a,아산,예술맛집 코스,5,True,0,0,,,False,0.0,1.0
ct_f558345dd00dbf,아산,역사기행 코스,5,True,0,0,,,False,0.0,1.0
ct_c3ec7bb154c2c1,대전,언택트세이프(B),5,True,0,0,,,False,0.0,1.0
ct_5997fa12423936,대전,언택트세이프(A),5,True,0,0,,,False,0.0,1.0
ct_7350d2221bf4e5,대전,"광역투어(다섯째주, 일)",8,True,0,0,,,False,0.0,1.0
ct_a8a8ecfbd0eefc,대전,"광역투어(다섯째주, 토)",9,True,0,0,,,False,0.0,1.0
ct_3f9d81407b910a,대전,"광역투어(넷재주, 일)",8,False,0,0,,,False,0.0,1.0
ct_3764c5ee83c6b9,대전,"광역투어(넷재주, 토)",7,True,0,0,,,False,0.0,1.0
ct_1c94bb0caf5c4f,안성,안성시티투어,5,True,0,0,,,False,0.0,1.0
ct_f55bded1011de2,대전,언택트세이프?,4,True,0,0,,,False,0.0,1.0
ct_2897644f6a83e3,경산,"소원성취코스,삼성현명품투어코스",7,False,0,0,,,False,0.0,1.0
ct_5e83dbf18d6227,울산,장생포 대왕암 코스,7,True,0,0,,,False,0.0,1.0
ct_2390c56fce5420,울산,태화강 국가정원 코스,18,True,0,0,,,False,0.0,1.0
ct_658464b2619d71,양주,천일홍축제,10,True,0,0,,,False,0.0,1.0
ct_c4d1ab4265b00c,양주,왕실축제,10,True,0,0,,,False,0.0,1.0
ct_e25ef9dd702427,단양,단양군시티투어,1,False,0,0,,,False,0.0,1.0
ct_6ec0ad7a54e92d,서천,문화코스,9,True,0,0,,,False,0.0,1.0
ct_77986f2809a784,부여,백제문화단지-부소산성-궁남지-정림사지-백제문화단지,1,False,0,0,,,False,0.0,1.0
ct_bd82b0443efede,공주,봄·여름·가을 코스,6,False,0,0,,,False,0.0,1.0
ct_ba6ef7945423e1,공주,가을코스2,5,False,0,0,,,False,0.0,1.0
ct_104171b078b959,공주,가을코스,7,True,0,0,,,False,0.0,1.0
ct_fcbc8def0ff021,공주,여름코스,7,True,0,0,,,False,0.0,1.0
ct_2d7ad6be7d0219,공주,봄코스,11,True,0,0,,,False,0.0,1.0
ct_2749460936eb31,공주,반일코스,5,True,0,0,,,False,0.0,1.0
ct_2921659630cea0,서울,EG투어버스 B코스,5,True,0,0,,,False,0.0,1.0
ct_10510d067f8caa,서울,EG투어버스 A코스,5,False,0,0,,,False,0.0,1.0
ct_59f67b28d9aad1,서울,EG투어버스 G코스,5,True,0,0,,,False,0.0,1.0
ct_7c0261fb1fd42d,서울,EG투어버스 F코스,5,False,0,0,,,False,0.0,1.0
ct_1fe72a79d47a7f,서울,EG투어버스 E코스,6,True,0,0,,,False,0.0,1.0
ct_82029ce72f5013,서울,EG투어버스 D코스,5,True,0,0,,,False,0.0,1.0
ct_c0c761a6bb3927,서울,EG투어버스 C코스,7,True,0,0,,,False,0.0,1.0
ct_c410c248858e88,서울,EG투어버스 L코스,6,True,0,0,,,False,0.0,1.0
ct_52149303f1b0d4,서울,EG투어버스 K 코스,5,True,0,0,,,False,0.0,1.0
ct_07b4b0458851e1,서울,EG투어버스 J코스,5,True,0,0,,,False,0.0,1.0
ct_aabd87818ef08f,서울,EG투어버스 I코스,5,True,0,0,,,False,0.0,1.0
ct_a407c821a8382e,서울,EG투어버스 H코스,5,True,0,0,,,False,0.0,1.0
