source_index,share_herit,share_heal,share_activity,share_food,share_sea,log_visit_count_robust,night_flag
0,0.31622776601683794,0.0,0.0,0.0,0.9486832980505138,0.0,0.0
1,0.816496580927726,0.408248290463863,0.408248290463863,0.0,0.0,0.0,0.0
2,0.0,0.0,0.0,0.0,0.5432372957312683,-0.4086996259414575,0.7333879302810288
3,0.44660856162108126,0.5954780821614417,0.14886952054036043,0.14886952054036043,0.14886952054036043,0.6160034447260254,0.0
4,0.18312201214401375,0.732488048576055,0.18312201214401375,0.0,0.18312201214401375,0.6023788215883973,0.0
5,0.17455230873103117,0.5236569261930936,0.34910461746206234,0.34910461746206234,0.34910461746206234,0.5741888307575038,0.0
6,0.18680909354961892,0.5604272806488568,0.0,0.18680909354961892,0.18680909354961892,0.09376784019714093,0.756594966247331
7,0.28938631305332196,0.5787726261066439,0.0,0.12402270559428083,0.08268180372952057,0.7477030807186306,0.0
8,0.0,0.5454028384462901,0.27270141922314506,0.27270141922314506,0.0,-0.10793060584978582,0.7363114830307844
11,0.31622776601683794,0.9486832980505138,0.0,0.0,0.0,0.0,0.0
12,0.408248290463863,0.816496580927726,0.408248290463863,0.0,0.0,0.0,0.0
13,0.0,0.9809764189987467,0.0,0.0,0.0,-0.19412693107447884,0.0
15,0.09187605556486472,0.6431323889540532,0.3675042222594589,0.18375211112972945,0.0,0.6396212386787451,0.0
16,0.0,0.3238196254205855,0.647639250841171,0.0,0.0,-0.21376525297562368,0.6557504613666894
17,0.624266819250547,0.624266819250547,0.0,0.0,0.0,-0.46966144909456825,0.0
18,0.9251337736881551,0.23128344342203877,0.0,0.11564172171101939,0.11564172171101939,0.2527636326289451,0.0
19,0.48033646679734077,0.48033646679734077,0.6404486223964543,0.32022431119822714,0.0,0.16073490572181057,0.0
20,0.0,0.394858960157269,0.0,0.1974294800786345,0.394858960157269,0.09909868725582596,0.7996085628275205
21,0.14782764285755132,0.36956910714387825,0.0,0.0,0.36956910714387825,0.2602305809903989,0.7982884082926001
22,0.25865630738711737,0.6466407684677933,0.0,0.0,0.12932815369355868,-0.10237178831957691,0.698388771976404
23,0.3493350222563806,0.3493350222563806,0.6986700445127612,0.0,0.3493350222563806,0.3817791188317382,0.0
24,0.26360396054443397,0.26360396054443397,0.0,0.0,0.26360396054443397,0.0,0.8896846946845075
25,0.9838131599673363,0.0,0.0,0.0,0.0,0.17919728311300992,0.0
26,0.9922183907939711,0.0,0.0,0.0,0.0,0.1245096982978525,0.0
27,0.0,0.49915486799753606,0.16638495599917869,0.0,0.49915486799753606,0.6884801245685137,0.0
28,0.7302967433402214,0.0,0.18257418583505536,0.3651483716701107,0.5477225575051661,0.0,0.0
29,0.0,0.26360396054443397,0.0,0.26360396054443397,0.26360396054443397,0.0,0.8896846946845075
30,0.659194447555754,0.329597223777877,0.329597223777877,0.1647986118889385,0.1647986118889385,0.5421041002487017,0.0
46,0.5394948314408229,0.5394948314408229,0.5394948314408229,0.0,0.0,-0.3561403944316267,0.0
47,0.9045340337332909,0.30151134457776363,0.30151134457776363,0.0,0.0,0.0,0.0
48,0.6575266988540445,0.32876334942702223,0.6575266988540445,0.0,0.0,0.1650210309679687,0.0
49,0.6263970868169842,0.6263970868169842,0.3131985434084921,0.0,0.0,0.3422865052279883,0.0
50,0.22235878126275335,0.4447175625255067,0.6670763437882601,0.0,0.0,0.5547900625775501,0.0
53,0.0,0.7033195736654245,0.46887971577694965,0.0,0.46887971577694965,0.25621319553243005,0.0
54,0.11780849434020907,0.1570779924536121,0.3926949811340302,0.0,0.1570779924536121,0.38753037476427904,0.7952264002546571
56,0.9630324354645692,0.0,0.0,0.2407581088661423,0.0,0.12084726417416065,0.0
57,0.2981165810508041,0.8943497431524123,0.0,0.2981165810508041,0.0,0.14963804706147737,0.0
58,0.6263970868169842,0.0,0.6263970868169842,0.3131985434084921,0.0,0.3422865052279883,0.0
59,0.6575266988540445,0.0,0.6575266988540445,0.32876334942702223,0.0,0.1650210309679687,0.0
61,0.9766351201368105,0.0,0.0,0.0,0.0,-0.214904262673772,0.0
62,0.3333333333333333,0.0,0.6666666666666666,0.6666666666666666,0.0,0.0,0.0
63,0.0,0.49048820949937333,0.49048820949937333,0.49048820949937333,0.49048820949937333,-0.19412693107447884,0.0
64,0.6407386417609148,0.0,0.0,0.6407386417609148,0.0,-0.4229751599192984,0.0
65,0.0,0.6809429768256091,0.0,0.6809429768256091,0.0,-0.2695057042508671,0.0
66,0.0,0.700284050958175,0.700284050958175,0.0,0.0,-0.13858028700798786,0.0
67,0.9766351201368105,0.0,0.0,0.0,0.0,-0.214904262673772,0.0
68,0.5,0.5,0.0,0.5,0.5,0.0,0.0
69,0.5,0.5,0.0,0.5,0.5,0.0,0.0
70,0.9486832980505138,0.0,0.31622776601683794,0.0,0.0,0.0,0.0
71,0.5394948314408229,0.0,0.5394948314408229,0.5394948314408229,0.0,-0.3561403944316267,0.0
72,0.6407386417609148,0.6407386417609148,0.0,0.0,0.0,-0.4229751599192984,0.0
73,0.8578256656401987,0.42891283282009934,0.0,0.0,0.0,-0.2831411471531253,0.0
74,0.8060425462323881,0.40302127311619407,0.40302127311619407,0.0,0.0,-0.1595089981625258,0.0
76,0.408248290463863,0.816496580927726,0.408248290463863,0.0,0.0,0.0,0.0
77,0.34811420494316847,0.6962284098863369,0.34811420494316847,0.34811420494316847,0.34811420494316847,0.1747340909332964,0.0
78,0.23443985788847482,0.0,0.9377594315538993,0.0,0.0,0.25621319553243005,0.0
79,0.40302127311619407,0.8060425462323881,0.0,0.40302127311619407,0.0,-0.1595089981625258,0.0
80,0.0,0.44036867131718244,0.8807373426343649,0.0,0.0,-0.17429046620999303,0.0
81,0.7071067811865476,0.7071067811865476,0.0,0.0,0.0,0.0,0.0
84,0.0,0.0,0.9496093169767468,0.0,0.0,-0.3134360303330753,0.0
87,0.0,0.408248290463863,0.408248290463863,0.816496580927726,0.0,0.0,0.0
89,0.0,0.9099279268798759,0.3639711707519503,0.0,0.0,0.19888729156370416,0.0
90,0.2856915652421159,0.2856915652421159,0.8570746957263478,0.2856915652421159,0.0,0.14340137584457774,0.0
91,0.6575266988540445,0.0,0.6575266988540445,0.32876334942702223,0.0,0.1650210309679687,0.0
92,0.37796447300922725,0.37796447300922725,0.7559289460184545,0.37796447300922725,0.0,0.0,0.0
93,0.3728237029225411,0.0,0.3728237029225411,0.0,0.7456474058450822,0.4074492842486642,0.0
94,0.6511724585915378,0.2170574861971793,0.2170574861971793,0.4341149723943586,0.0,0.5415632144878563,0.0
95,0.0,0.5628428850566934,0.5628428850566934,0.5628428850566934,0.0,-0.22276368694913784,0.0
96,0.8060425462323881,0.40302127311619407,0.0,0.40302127311619407,0.0,-0.1595089981625258,0.0
97,0.49048820949937333,0.49048820949937333,0.49048820949937333,0.49048820949937333,0.0,-0.19412693107447884,0.0
98,0.0,0.6407386417609148,0.0,0.6407386417609148,0.0,-0.4229751599192984,0.0
99,0.0,0.7071067811865476,0.7071067811865476,0.0,0.0,0.0,0.0
100,0.0,0.7071067811865476,0.7071067811865476,0.0,0.0,0.0,0.0
101,0.0,0.408248290463863,0.408248290463863,0.816496580927726,0.0,0.0,0.0
103,0.6755677784313568,0.0,0.5404542227450854,0.40534066705881405,0.0,0.2953241498601876,0.0
104,0.7711630200402905,0.44066458288016597,0.22033229144008298,0.11016614572004149,0.0,0.38786521319053696,0.0
105,0.246998893436777,0.493997786873554,0.0,0.0,0.0,0.0,0.8336412497021954
106,0.47011498438816046,0.7051724765822407,0.0,0.23505749219408023,0.23505749219408023,0.4137869384737134,0.0
107,0.571383130484232,0.571383130484232,0.0,0.571383130484232,0.0,0.14340137584457777,0.0
108,0.5727258566910067,0.28636292834550336,0.09545430944850113,0.0,0.0,0.7621481753272459,0.0
110,0.0,0.816496580927726,0.0,0.408248290463863,0.408248290463863,0.0,0.0
112,0.0,0.5628428850566934,0.5628428850566934,0.5628428850566934,0.0,-0.22276368694913784,0.0
113,0.0,0.8807373426343649,0.44036867131718244,0.0,0.0,-0.17429046620999303,0.0
114,0.0,0.5861614441033149,0.7815485921377533,0.0,0.0,0.21353350925372835,0.0
115,0.696228409886337,0.0,0.696228409886337,0.0,0.0,0.17473409093329642,0.0
116,0.9002270785972313,0.22505676964930782,0.22505676964930782,0.0,0.0,-0.29713651379514316,0.0
117,0.8578256656401987,0.0,0.42891283282009934,0.0,0.0,-0.2831411471531253,0.0
118,0.0,0.0,0.9496093169767468,0.0,0.0,-0.3134360303330753,0.0
119,0.42891283282009934,0.8578256656401987,0.0,0.0,0.0,-0.2831411471531253,0.0
120,0.5040626978870042,0.7560940468305064,0.2520313489435021,0.0,0.0,-0.3327503389871471,0.0
121,0.0,0.42891283282009934,0.8578256656401987,0.0,0.0,-0.2831411471531253,0.0
123,0.0,0.6521754917655002,0.26087019670620004,0.0,0.6521754917655002,0.2850982222872048,0.0
124,0.3333333333333333,0.6666666666666666,0.0,0.0,0.6666666666666666,0.0,0.0
126,0.9413391785756001,0.0,0.0,0.3137797261918667,0.0,-0.12418870443631976,0.0
127,0.8320502943378436,0.5547001962252291,0.0,0.0,0.0,0.0,0.0
128,0.9630324354645692,0.0,0.0,0.2407581088661423,0.0,0.12084726417416065,0.0
130,0.5394948314408229,0.5394948314408229,0.0,0.5394948314408229,0.0,-0.3561403944316267,0.0
131,0.5628428850566934,0.5628428850566934,0.5628428850566934,0.0,0.0,-0.22276368694913784,0.0
132,0.0,0.0,0.0,0.0,0.9496093169767468,-0.3134360303330753,0.0
133,0.0,0.6809429768256091,0.6809429768256091,0.0,0.0,-0.2695057042508671,0.0
134,0.0,0.0,0.0,0.0,0.9766351201368105,-0.214904262673772,0.0
135,0.4363548124616356,0.0,0.0,0.0,0.8727096249232712,0.21902599893130048,0.0
136,0.26488836191301157,0.0,0.7946650857390348,0.5297767238260231,0.0,0.13295931754705723,0.0
137,0.31622776601683794,0.0,0.6324555320336759,0.31622776601683794,0.6324555320336759,0.0,0.0
139,0.5,0.5,0.5,0.0,0.5,0.0,0.0
140,0.0,0.0,0.0,0.0,0.7991012156110843,-0.6011965129713307,0.0
142,0.21022800616063028,0.42045601232126056,0.8409120246425211,0.21022800616063028,0.0,-0.16640937283089544,0.0
143,0.0,0.6263970868169842,0.3131985434084921,0.6263970868169842,0.0,0.3422865052279883,0.0
144,0.8320502943378436,0.5547001962252291,0.0,0.0,0.0,0.0,0.0
145,0.6666666666666666,0.6666666666666666,0.0,0.3333333333333333,0.0,0.0,0.0
146,0.0,0.0,0.9496093169767468,0.0,0.0,-0.3134360303330753,0.0
147,0.0,0.8578256656401987,0.0,0.0,0.42891283282009934,-0.2831411471531253,0.0
148,0.0,0.6407386417609148,0.0,0.0,0.6407386417609148,-0.4229751599192984,0.0
149,0.0,0.0,0.5547001962252291,0.0,0.8320502943378436,0.0,0.0
150,0.0,0.0,0.0,0.3137797261918667,0.9413391785756001,-0.12418870443631976,0.0
151,0.0,0.22825118006414316,0.0,0.22825118006414316,0.9130047202565726,0.24944975122831772,0.0
152,0.0,0.1917610824572472,0.0,0.0,0.9588054122862363,0.209570676921761,0.0
153,0.0,0.6407386417609148,0.6407386417609148,0.0,0.0,-0.4229751599192984,0.0
156,0.30676323144667317,0.9202896943400194,0.0,0.0,0.0,-0.2428233891616463,0.0
158,0.9766351201368105,0.0,0.0,0.0,0.0,-0.214904262673772,0.0
159,0.0,0.6407386417609148,0.0,0.6407386417609148,0.0,-0.4229751599192984,0.0
160,0.0,0.6407386417609148,0.0,0.6407386417609148,0.0,-0.4229751599192984,0.0
161,0.6809429768256091,0.6809429768256091,0.0,0.0,0.0,-0.2695057042508671,0.0
162,0.0,0.5628428850566934,0.5628428850566934,0.5628428850566934,0.0,-0.22276368694913784,0.0
163,0.0,0.9630324354645692,0.2407581088661423,0.0,0.0,0.12084726417416065,0.0
164,0.0,1.0,0.0,0.0,0.0,0.0,0.0
166,0.5,0.5,0.0,0.5,0.5,0.0,0.0
167,0.31231783956143605,0.6246356791228721,0.0,0.6246356791228721,0.31231783956143605,0.15676629394347155,0.0
168,0.0,0.700284050958175,0.0,0.0,0.700284050958175,-0.13858028700798786,0.0
169,0.15574673696091113,0.7787336848045557,0.4672402108827334,0.0,0.0,0.3885915431542566,0.0
170,0.15574673696091113,0.7787336848045557,0.4672402108827334,0.0,0.0,0.3885915431542566,0.0
171,0.3999376621624654,0.7998753243249308,0.3999376621624654,0.0,0.0,0.20074660222312657,0.0
172,0.5628428850566934,0.5628428850566934,0.5628428850566934,0.0,0.0,-0.22276368694913784,0.0
173,0.9914095183628924,0.0,0.0,0.0,0.0,-0.13079436876050016,0.0
174,0.31622776601683794,0.9486832980505138,0.0,0.0,0.0,0.0,0.0
175,0.0,0.6666666666666666,0.6666666666666666,0.3333333333333333,0.0,0.0,0.0
176,0.13262273593473659,0.5968023117063146,0.26524547186947317,0.26524547186947317,0.1989341039021049,0.6677972089379616,0.0
177,0.7033195736654245,0.46887971577694965,0.46887971577694965,0.0,0.0,0.25621319553243005,0.0
179,0.9965189761207879,0.0,0.0,0.0,0.0,0.08336624155602046,0.0
181,0.8025949962313746,0.10032437452892183,0.3009731235867655,0.0,0.0,0.5051647956639163,0.0
182,0.0,0.0,0.40302127311619407,0.8060425462323881,0.40302127311619407,-0.1595089981625258,0.0
183,0.0,0.7559289460184545,0.37796447300922725,0.37796447300922725,0.37796447300922725,0.0,0.0
184,0.4472135954999579,0.4472135954999579,0.4472135954999579,0.4472135954999579,0.4472135954999579,0.0,0.0
185,0.3713407788581365,0.3713407788581365,0.0,0.3713407788581365,0.742681557716273,0.18639254732748325,0.0
186,0.0,0.7946650857390348,0.5297767238260231,0.26488836191301157,0.0,0.13295931754705723,0.0
187,0.7696262263848536,0.5130841509232357,0.25654207546161784,0.0,0.0,0.28036813165878566,0.0
188,0.6575266988540445,0.6575266988540445,0.0,0.32876334942702223,0.0,0.1650210309679687,0.0
189,0.0,0.571383130484232,0.571383130484232,0.571383130484232,0.0,0.14340137584457777,0.0
190,0.6847535401924295,0.6847535401924295,0.0,0.0,0.0,0.24944975122831772,0.0
192,0.0,0.37796447300922725,0.37796447300922725,0.7559289460184545,0.37796447300922725,0.0,0.0
193,0.8674343718907087,0.17348687437814173,0.17348687437814173,0.0,0.0,0.4328535772054763,0.0
194,0.6845180569853644,0.13690361139707288,0.13690361139707288,0.13690361139707288,0.0,0.6893527639897438,0.0
195,0.8943497431524123,0.2981165810508041,0.2981165810508041,0.0,0.0,0.14963804706147737,0.0
196,0.8676467702054916,0.0,0.14460779503424862,0.0,0.0,0.475686522583215,0.0
197,0.8578256656401987,0.42891283282009934,0.0,0.0,0.0,-0.2831411471531253,0.0
199,0.5526024969770816,0.5526024969770816,0.0,0.2763012484885408,0.2763012484885408,0.4863909958425795,0.0
200,0.20081720343629586,0.0,0.4876989226310043,0.0,0.0,0.8496012074312177,0.0
201,0.3478588683433885,0.3478588683433885,0.695717736686777,0.0,0.0,-0.523416895303488,0.0
202,0.9914095183628924,0.0,0.0,0.0,0.0,-0.13079436876050016,0.0
203,0.9951405201873411,0.0,0.0,0.0,0.0,-0.09846494341271,0.0
204,0.9951405201873411,0.0,0.0,0.0,0.0,-0.09846494341271,0.0
205,0.9654018767431727,0.1609003127905288,0.1609003127905288,0.0,0.0,-0.12736324064886204,0.0
206,0.0,0.6809429768256091,0.6809429768256091,0.0,0.0,-0.2695057042508671,0.0
207,0.0,0.5628428850566934,0.5628428850566934,0.0,0.5628428850566934,-0.22276368694913784,0.0
208,0.5628428850566934,0.5628428850566934,0.0,0.0,0.5628428850566934,-0.22276368694913784,0.0
209,0.0,0.7071067811865476,0.7071067811865476,0.0,0.0,0.0,0.0
210,0.32126056511959344,0.7228362715190852,0.08031514127989836,0.08031514127989836,0.0,0.6011641456688903,0.0
212,0.0,0.5668886470488225,0.28344432352441123,0.0,0.0,-0.11218246553252971,0.7653180199995211
213,0.0,0.7991012156110843,0.0,0.0,0.0,-0.6011965129713307,0.0
214,0.0,0.9359685220170513,0.0,0.0,0.0,-0.3520836914615853,0.0
216,0.6407386417609148,0.0,0.6407386417609148,0.0,0.0,-0.4229751599192984,0.0
217,0.42891283282009934,0.8578256656401987,0.0,0.0,0.0,-0.2831411471531253,0.0
218,0.7991012156110843,0.0,0.0,0.0,0.0,-0.6011965129713307,0.0
220,0.40302127311619407,0.8060425462323881,0.40302127311619407,0.0,0.0,-0.1595089981625258,0.0
221,0.8578256656401987,0.42891283282009934,0.0,0.0,0.0,-0.2831411471531253,0.0
222,0.8807373426343649,0.44036867131718244,0.0,0.0,0.0,-0.17429046620999303,0.0
223,0.9847319278346619,0.12309149097933274,0.12309149097933274,0.0,0.0,0.0,0.0
224,0.3999376621624654,0.7998753243249308,0.0,0.3999376621624654,0.0,0.20074660222312657,0.0
225,0.40302127311619407,0.8060425462323881,0.40302127311619407,0.0,0.0,-0.1595089981625258,0.0
226,0.44036867131718244,0.8807373426343649,0.0,0.0,0.0,-0.17429046620999303,0.0
227,0.7946650857390348,0.5297767238260231,0.0,0.26488836191301157,0.0,0.13295931754705723,0.0
229,0.2663223577981524,0.7989670733944572,0.2663223577981524,0.0,0.0,0.46882450779066764,0.0
230,0.25654207546161784,0.5130841509232357,0.7696262263848536,0.0,0.0,0.28036813165878566,0.0
232,0.0,0.32876334942702223,0.6575266988540445,0.6575266988540445,0.0,0.1650210309679687,0.0
233,0.298882238544391,0.298882238544391,0.597764477088782,0.597764477088782,0.0,0.3266405896806724,0.0
234,0.40179202535616715,0.40179202535616715,0.40179202535616715,0.40179202535616715,0.40179202535616715,0.4391080069879685,0.0
235,0.38750605512858477,0.46500726615430177,0.46500726615430177,0.07750121102571697,0.0,0.6413806236359454,0.0
236,0.816496580927726,0.0,0.408248290463863,0.408248290463863,0.0,0.0,0.0
237,0.7998753243249308,0.3999376621624654,0.0,0.3999376621624654,0.0,0.20074660222312657,0.0
238,0.8578256656401987,0.42891283282009934,0.0,0.0,0.0,-0.2831411471531253,0.0
239,0.8320502943378436,0.0,0.5547001962252291,0.0,0.0,0.0,0.0
240,0.9525793444156805,0.0,0.13608276348795437,0.0,0.27216552697590873,0.0,0.0
241,0.42891283282009934,0.8578256656401987,0.0,0.0,0.0,-0.2831411471531253,0.0
242,0.0,0.5432372957312683,0.0,0.0,0.0,-0.4086996259414575,0.7333879302810288
243,0.8807373426343649,0.44036867131718244,0.0,0.0,0.0,-0.17429046620999303,0.0
244,0.0,0.42891283282009934,0.8578256656401987,0.0,0.0,-0.2831411471531253,0.0
245,0.6407386417609148,0.6407386417609148,0.0,0.0,0.0,-0.4229751599192984,0.0
246,0.0,0.8754461976982184,0.2918153992327394,0.0,0.0,-0.38527617069625336,0.0
247,0.0,0.9496093169767468,0.0,0.0,0.0,-0.3134360303330753,0.0
248,0.7844645405527362,0.19611613513818404,0.5883484054145521,0.0,0.0,0.0,0.0
249,0.6741520970985253,0.2696608388394101,0.0,0.6741520970985253,0.0,0.13535483719375052,0.0
251,0.8807373426343649,0.0,0.44036867131718244,0.0,0.0,-0.17429046620999303,0.0
252,0.5547001962252291,0.0,0.8320502943378436,0.0,0.0,0.0,0.0
253,0.0,0.9359685220170513,0.0,0.0,0.0,-0.3520836914615853,0.0
255,0.5229481672478582,0.0,0.2614740836239291,0.0,0.7844222508717872,-0.20697403291807304,0.0
256,0.3218177667766057,0.6436355335532113,0.4290903557021409,0.10727258892553522,0.0,0.5352949497643471,0.0
257,0.9689744710813051,0.19379489421626106,0.0,0.0,0.0,-0.15340147772564997,0.0
258,0.9689744710813051,0.19379489421626106,0.0,0.0,0.0,-0.15340147772564997,0.0
260,0.20317342262029756,0.4063468452405951,0.6095202678608926,0.4063468452405951,0.0,0.5069221697002126,0.0
264,0.9413391785756001,0.3137797261918667,0.0,0.0,0.0,-0.12418870443631976,0.0
265,0.9034846417557714,0.3613938567023086,0.0,0.1806969283511543,0.0,-0.14303357135209338,0.0
266,0.9268977664529999,0.18537955329060002,0.0,0.0,0.0,0.326335642806938,0.0
267,0.9413391785756001,0.0,0.3137797261918667,0.0,0.0,-0.12418870443631976,0.0
268,0.0,0.0,0.9359685220170513,0.0,0.0,-0.3520836914615853,0.0
270,0.0,0.9496093169767468,0.0,0.0,0.0,-0.3134360303330753,0.0
272,0.8807373426343649,0.0,0.0,0.44036867131718244,0.0,-0.17429046620999303,0.0
273,0.0,0.0,0.9492756378581748,0.0,0.18985512757163495,-0.2506607147195462,0.0
274,0.16222142113076254,0.0,0.9733285267845753,0.16222142113076254,0.0,0.0,0.0
275,0.0,0.40302127311619407,0.40302127311619407,0.8060425462323881,0.0,-0.1595089981625258,0.0
276,0.0,0.42891283282009934,0.8578256656401987,0.0,0.0,-0.2831411471531253,0.0
277,0.8578256656401987,0.0,0.0,0.42891283282009934,0.0,-0.2831411471531253,0.0
278,0.0,0.5394948314408229,0.5394948314408229,0.5394948314408229,0.0,-0.3561403944316267,0.0
279,0.5394948314408229,0.0,0.5394948314408229,0.5394948314408229,0.0,-0.3561403944316267,0.0
