source_index,norm,cosine_eligible,reason
0,1.2645597405197386,True,ELIGIBLE
1,0.979523763063464,True,ELIGIBLE
2,1.8403048947563814,True,ELIGIBLE
3,1.2209865521769698,True,ELIGIBLE
4,1.0918646454826582,True,ELIGIBLE
5,1.145470101903896,True,ELIGIBLE
6,1.7838572262060566,True,ELIGIBLE
7,1.5114000439850315,True,ELIGIBLE
8,1.8329978941738183,True,ELIGIBLE
11,1.2645597405197386,True,ELIGIBLE
12,0.979523763063464,True,ELIGIBLE
13,1.0191093638814066,True,ELIGIBLE
15,1.5544579491235906,True,ELIGIBLE
16,2.05818749259974,True,ELIGIBLE
17,1.6014342321584105,True,ELIGIBLE
18,1.2349994689962813,True,ELIGIBLE
19,1.0406478827374424,True,ELIGIBLE
20,1.687897629658772,True,ELIGIBLE
21,1.6906889588164147,True,ELIGIBLE
22,1.9325302066812564,True,ELIGIBLE
23,0.8176532887224199,True,ELIGIBLE
24,1.5170064247649366,True,ELIGIBLE
25,1.7420071702842403,True,ELIGIBLE
26,1.3434169515154113,True,ELIGIBLE
27,1.092452629008782,True,ELIGIBLE
28,1.0951408598931516,True,ELIGIBLE
29,1.5170064247649366,True,ELIGIBLE
30,1.2132653823834492,True,ELIGIBLE
46,1.2353807007177755,True,ELIGIBLE
47,1.3262814448968527,True,ELIGIBLE
48,1.0136189208142332,True,ELIGIBLE
49,0.9119931616071002,True,ELIGIBLE
50,0.999108286637928,True,ELIGIBLE
53,1.2183718774890595,True,ELIGIBLE
54,1.6971989328060855,True,ELIGIBLE
56,1.3841309562485704,True,ELIGIBLE
57,1.1178202509732296,True,ELIGIBLE
58,0.9119931616071002,True,ELIGIBLE
59,1.0136189208142332,True,ELIGIBLE
61,2.0472789350610867,True,ELIGIBLE
62,1.1996667052181675,True,ELIGIBLE
63,1.0191093638814066,True,ELIGIBLE
64,1.040176851309169,True,ELIGIBLE
65,0.7340719328723643,True,ELIGIBLE
66,1.4275953493165905,True,ELIGIBLE
67,2.0472789350610867,True,ELIGIBLE
68,0.7997778034787784,True,ELIGIBLE
69,0.7997778034787784,True,ELIGIBLE
70,1.2645597405197386,True,ELIGIBLE
71,1.2353807007177755,True,ELIGIBLE
72,1.040176851309169,True,ELIGIBLE
73,1.5538856660381783,True,ELIGIBLE
74,1.240284720727689,True,ELIGIBLE
76,0.979523763063464,True,ELIGIBLE
77,0.9572742126506855,True,ELIGIBLE
78,1.2183718774890595,True,ELIGIBLE
79,1.240284720727689,True,ELIGIBLE
80,1.135096930667449,True,ELIGIBLE
81,1.1310566165646523,True,ELIGIBLE
84,1.4036962169260228,True,ELIGIBLE
87,0.979523763063464,True,ELIGIBLE
89,1.569547001339357,True,ELIGIBLE
90,1.1664353869428326,True,ELIGIBLE
91,1.0136189208142332,True,ELIGIBLE
92,1.0580065860571681,True,ELIGIBLE
93,0.7661394046965777,True,ELIGIBLE
94,1.0235099689881801,True,ELIGIBLE
95,0.8881006413075418,True,ELIGIBLE
96,1.240284720727689,True,ELIGIBLE
97,1.0191093638814066,True,ELIGIBLE
98,1.040176851309169,True,ELIGIBLE
99,1.1310566165646523,True,ELIGIBLE
100,1.1310566165646523,True,ELIGIBLE
101,0.979523763063464,True,ELIGIBLE
103,1.0570180333240695,True,ELIGIBLE
104,1.1343346994377543,True,ELIGIBLE
105,1.6189906609510647,True,ELIGIBLE
106,1.0632741856224592,True,ELIGIBLE
107,1.1664353869428323,True,ELIGIBLE
108,1.3964408872677616,True,ELIGIBLE
110,0.979523763063464,True,ELIGIBLE
112,0.8881006413075418,True,ELIGIBLE
113,1.135096930667449,True,ELIGIBLE
114,1.4618921084999115,True,ELIGIBLE
115,0.9572742126506854,True,ELIGIBLE
116,1.4806964125929631,True,ELIGIBLE
117,1.5538856660381783,True,ELIGIBLE
118,1.4036962169260228,True,ELIGIBLE
119,1.5538856660381783,True,ELIGIBLE
120,1.322219449470921,True,ELIGIBLE
121,1.5538856660381783,True,ELIGIBLE
123,1.094931247111912,True,ELIGIBLE
124,1.1996667052181675,True,ELIGIBLE
126,1.59303194390764,True,ELIGIBLE
127,1.4418199397103486,True,ELIGIBLE
128,1.3841309562485704,True,ELIGIBLE
130,1.2353807007177755,True,ELIGIBLE
131,0.8881006413075418,True,ELIGIBLE
132,1.4036962169260228,True,ELIGIBLE
133,0.7340719328723643,True,ELIGIBLE
134,2.0472789350610867,True,ELIGIBLE
135,0.763692165028636,True,ELIGIBLE
136,1.2580422523769694,True,ELIGIBLE
137,0.6322798702598693,True,ELIGIBLE
139,0.7997778034787784,True,ELIGIBLE
140,1.2510583575873688,True,ELIGIBLE
142,1.1888547494293038,True,ELIGIBLE
143,0.9119931616071002,True,ELIGIBLE
144,1.4418199397103486,True,ELIGIBLE
145,1.1996667052181675,True,ELIGIBLE
146,1.4036962169260228,True,ELIGIBLE
147,1.5538856660381783,True,ELIGIBLE
148,1.040176851309169,True,ELIGIBLE
149,1.4418199397103486,True,ELIGIBLE
150,1.59303194390764,True,ELIGIBLE
151,1.2514061470945308,True,ELIGIBLE
152,1.4895354477232425,True,ELIGIBLE
153,1.040176851309169,True,ELIGIBLE
156,0.8147344204468828,True,ELIGIBLE
158,2.0472789350610867,True,ELIGIBLE
159,1.040176851309169,True,ELIGIBLE
160,1.040176851309169,True,ELIGIBLE
161,0.7340719328723643,True,ELIGIBLE
162,0.8881006413075418,True,ELIGIBLE
163,1.3841309562485704,True,ELIGIBLE
164,1.1996667052181675,True,ELIGIBLE
166,0.7997778034787784,True,ELIGIBLE
167,1.06699236879147,True,ELIGIBLE
168,1.4275953493165905,True,ELIGIBLE
169,1.4264215437276513,True,ELIGIBLE
170,1.4264215437276513,True,ELIGIBLE
171,0.8332317332847728,True,ELIGIBLE
172,0.8881006413075418,True,ELIGIBLE
173,1.5125771477350358,True,ELIGIBLE
174,1.2645597405197386,True,ELIGIBLE
175,1.1996667052181675,True,ELIGIBLE
176,1.2563485027690808,True,ELIGIBLE
177,1.2183718774890595,True,ELIGIBLE
179,2.0064289357341787,True,ELIGIBLE
181,1.660816491576647,True,ELIGIBLE
182,1.240284720727689,True,ELIGIBLE
183,1.0580065860571681,True,ELIGIBLE
184,0.8941787677370081,True,ELIGIBLE
185,0.8973987518262816,True,ELIGIBLE
186,1.2580422523769694,True,ELIGIBLE
187,1.1134038317101875,True,ELIGIBLE
188,1.0136189208142332,True,ELIGIBLE
189,1.1664353869428323,True,ELIGIBLE
190,1.2514061470945308,True,ELIGIBLE
192,1.0580065860571681,True,ELIGIBLE
193,1.280560859503952,True,ELIGIBLE
194,1.2170634070527373,True,ELIGIBLE
195,1.1178202509732296,True,ELIGIBLE
196,1.3826671710355598,True,ELIGIBLE
197,1.5538856660381783,True,ELIGIBLE
199,0.9045582130168468,True,ELIGIBLE
200,1.6594233250300345,True,ELIGIBLE
201,1.4369653116930141,True,ELIGIBLE
202,1.5125771477350358,True,ELIGIBLE
203,2.0092082154593993,True,ELIGIBLE
204,2.0092082154593993,True,ELIGIBLE
205,1.5533255296557142,True,ELIGIBLE
206,0.7340719328723643,True,ELIGIBLE
207,0.8881006413075418,True,ELIGIBLE
208,0.8881006413075418,True,ELIGIBLE
209,1.1310566165646523,True,ELIGIBLE
210,0.9220366065725087,True,ELIGIBLE
212,1.7635249172001382,True,ELIGIBLE
213,1.2510583575873688,True,ELIGIBLE
214,2.1362305052610737,True,ELIGIBLE
216,1.040176851309169,True,ELIGIBLE
217,1.5538856660381783,True,ELIGIBLE
218,1.2510583575873688,True,ELIGIBLE
220,1.240284720727689,True,ELIGIBLE
221,1.5538856660381783,True,ELIGIBLE
222,1.135096930667449,True,ELIGIBLE
223,1.6243563976592468,True,ELIGIBLE
224,0.8332317332847728,True,ELIGIBLE
225,1.240284720727689,True,ELIGIBLE
226,1.135096930667449,True,ELIGIBLE
227,1.2580422523769694,True,ELIGIBLE
229,0.9384513025997704,True,ELIGIBLE
230,1.1134038317101875,True,ELIGIBLE
232,1.0136189208142332,True,ELIGIBLE
233,0.9556771630356545,True,ELIGIBLE
234,0.710902436554457,True,ELIGIBLE
235,1.1726764021048517,True,ELIGIBLE
236,0.979523763063464,True,ELIGIBLE
237,0.8332317332847728,True,ELIGIBLE
238,1.5538856660381783,True,ELIGIBLE
239,1.4418199397103486,True,ELIGIBLE
240,1.4692856445951956,True,ELIGIBLE
241,1.5538856660381783,True,ELIGIBLE
242,1.8403048947563814,True,ELIGIBLE
243,1.135096930667449,True,ELIGIBLE
244,1.5538856660381783,True,ELIGIBLE
245,1.040176851309169,True,ELIGIBLE
246,1.141957389245632,True,ELIGIBLE
247,1.4036962169260228,True,ELIGIBLE
248,1.0195206566191666,True,ELIGIBLE
249,1.2357773300851604,True,ELIGIBLE
251,1.135096930667449,True,ELIGIBLE
252,1.4418199397103486,True,ELIGIBLE
253,2.1362305052610737,True,ELIGIBLE
255,0.9558521445918381,True,ELIGIBLE
256,1.0354951958908307,True,ELIGIBLE
257,1.2896653681093055,True,ELIGIBLE
258,1.2896653681093055,True,ELIGIBLE
260,1.0934525692443244,True,ELIGIBLE
264,1.59303194390764,True,ELIGIBLE
265,1.3831478258524679,True,ELIGIBLE
266,1.3482099786664627,True,ELIGIBLE
267,1.59303194390764,True,ELIGIBLE
268,2.1362305052610737,True,ELIGIBLE
270,1.4036962169260228,True,ELIGIBLE
272,1.135096930667449,True,ELIGIBLE
273,1.7552370363226277,True,ELIGIBLE
274,1.2325403727570878,True,ELIGIBLE
275,1.240284720727689,True,ELIGIBLE
276,1.5538856660381783,True,ELIGIBLE
277,1.5538856660381783,True,ELIGIBLE
278,1.2353807007177755,True,ELIGIBLE
279,1.2353807007177755,True,ELIGIBLE
