file,bytes,sha256
marine_explanation_examples.json,6120,c43f7b80946db4108c75cda6e8ad53f447c0fbd0573a9cb85a22d7fb0dd57b58
marine_summary.json,6265,1ee7828993840bd3637a4a1c604ac99f4da2b382ec8f649854d4c6bf4cf58a30
models/G_pca_kmeans.joblib,13435,6961b207134f139aabf36fbbe74059a79dff718487302cf8b76483ae31a78737
models/G_spherical_cosine.joblib,1964,87a5800db82f95e640eb8f7baeff96b9cd959562348a3a57ea142fc00e479b67
models/T_pca_kmeans.joblib,5409,7ad5106b27773cf727836aaf8dbf734c241d052b7ebd1e1968ed5f08569800ac
models/T_spherical_cosine.joblib,3117,37720bfb3d40da138070d59e77648c2b7b99610aeb4184b4ceaad360beb675ee
models/spend_region_ridge.joblib,1943,93cd3d7019ac8c8f9e00d51cddac2f272c151a27730e3f3de6f2329951d12372
plots/01_place_categories.png,83621,65d7f3515284bf82f5e80009c270ae70735a863e49dcc30f20650c53e2037c6c
plots/02_G_pca_variance.png,111662,8738c79d0ba5d77389394da65203741228e2b25a55f8e75e57a2b7b77804286c
plots/03_G_model_comparison.png,176094,22618891dcf6a547881cce932130aa76a1b7a850615ee1a13dfecf5c26a11bec
plots/04_G_pca_clusters.png,217964,5ee2c6fced21e60e92fef6701fbdedd76ed384e8117d850d08c340fa8beea89d
plots/05_G_pca_axes.png,186155,8f78690ed42631ac5843bb84dddc1d2e1ad3811bb6fb978a1d295e550e30b356
plots/06_G_sizes_and_stay.png,113065,9203d0215308e31c0471749f2046ab3ffd15302bb728e7eaa1c4bb1ab4aa8fa5
plots/07_G_category_profiles.png,54964,7b963ee6cce57eaf410add55f416a4fbb7d87a5d21b6265f0285016ae16595b2
plots/08_G_coordinate_scatter.png,803120,0843c3048dc9354f17d84016d3c9c19df8b3644a325ef5d43d9d4860a7653fa4
plots/09_T_pca_variance.png,115011,0f500c3b5d0a6a0bceaeed789d278a0ef26698801fa700e18c4d8eac6093e536
plots/10_T_model_comparison.png,225174,8b00c6729d80d371b9695db4fef39b03ca213f466523425e7ccd5e7706f74024
plots/11_T_pca_clusters.png,211392,2fe4ba0b6fa90e07213108df9bff74e66be498ad1cd8c0700d19bbd79471e3d8
plots/12_T_pca_axes.png,195113,0fd4ea6ab25a3439c939fbedb2e0955db50d3552f12e147565985bbc6d43c9a6
plots/13_T_category_profiles.png,56524,72b896fde824a28aab86f74a9efab59cad4d90c28058a5db6360269e151673eb
plots/14_citytour_quality_and_linking.png,122029,7dbacee77b0bf0bb1d13c1c65ee2255c0058b549ca0ad1646591093a2ffbcc4b
plots/15_citytour_G_composition.png,290224,5933d3d8a64f2b72a434568c6436d1eb21ef8065fca31a9126c9b9c66ca1fc78
plots/16_T_course_map.png,523186,d31d1ebda7085c7a3eac21af4c9c4c89d469069cde4ce1fc6230ceebd550657a
plots/24_spend_region_shares.png,191994,c2b6398e9d1d58f4d543edf3a80d37f33bff8f4ab35d3a7f41adde66df887854
plots/25_spend_regression_oof.png,252383,c18a6b457106bbed53ce2ceb3d1f2196199783ded1824b0965f319bcbcbb0eaf
plots/26_spend_regression_coefficients.png,105489,be5213f197a9c65db48d4bbc6145bdf99ce2c96fde5968fbef394489d101fd7f
plots/27_spend_coefficient_stability.png,139926,d6d34281664b2959235316c61d1174f54b6ffe48476657573c644b56193ea530
plots/28_marine_monthly_means.png,287646,068c9e74a8f0f49f3c457d38174039d33b80e2e91ea835bcc59ad8abfe6f6e15
plots/29_marine_period_indices.png,267959,4a18d2a3876f70b418feba2592323435601d145dd75be1ba9994d5aa69c6d958
plots/30_marine_relative_demand.png,199339,b82a22c981e4a2df9e1620ad509924cf266872b6ca473c2f65a9bbd7e4661b61
plots/31_marine_national_heatmap_top20.png,306072,1c611dbe44be721f73d8c11d7887ceea1dcc69d053cf9651807df6eb9f5224bb
plots/32_marine_growth_denominator_audit.png,118789,02f8968e639939f3b592e5dfe7591e9c9e9400c5ce21e6b4347d305cb0c40d2d
plots/33_marine_place_coverage.png,89291,6fbcc9684d7f4a63207f09beb1ebe8ccc8e5a84dae74e4aa27882237b664fa34
plots/35_marine_national_coverage_distribution.png,196016,e24660b0ad086bb5114019e0fb896a188a98e800a38c2609456493a11310fa07
plots/36_marine_province_class_heatmap.png,244282,8811e8f8c9536b049012be04b75d40a6ee8c0d91f5ca71baa94629a0700ee1ea
plots/37_marine_search_top20.png,226664,2a44473cb2bf2b29da45122876c5306281e8a3514a28dad79deb25b817300d59
plots/38_marine_search_category_composition.png,149627,0d1c895602b26a78ef58336d31da4fb8a0bd77123f64c796864457d7fd7f96ed
plots/C_G_01_model_comparison.png,197250,9c07b5d68da21e5c18bdedca9f7208856b0f3bf547a4a552925e28c68039f31e
plots/C_G_02_pca_projection.png,284446,774f0470e9fee6a7d5bbc3fba6e962112b8efe4f60659b90617b5c4214c5b4ca
plots/C_G_03_silhouette.png,119037,8aa964e61e5ca5aef5dbc31c494dd964d7d86aa594d152d09c3d9c4a154ee25c
plots/C_G_04_transition.png,142894,1f7a51bb2f6ebe145594ff907775b81e229d55a8f70047068c930772ce62c4a7
plots/C_G_05_centroids.png,178593,d38545cf4eb09dee4e934259977e1bdc90b5a48ca91ec5db5685d8f0c8b24643
plots/C_T_01_model_comparison.png,261337,5b644262159a3f0b320ab42f34bde4221ecd5675b5fe8e4559fed946f02190e2
plots/C_T_02_pca_projection.png,281651,8c1a8ac53f8f578acaf0de96800099354cd6b0d227c919a9cfd0a73e3d153d19
plots/C_T_03_silhouette.png,123852,81a76f09eb6f1136eba7db1534abdc4a8ba2c0ba139e1293536ff657ab3f69b8
plots/C_T_04_transition.png,100501,50164aa2d24eae82ee7771709cf7620fdab7c20a2baf977e696f63ba90c22e93
plots/C_T_05_centroids.png,174165,9993ce2abea92bea92cdc5cc6cef439f47c5deb53a7ddb5354773df0f3a9f4ad
plots/C_all_metrics_comparison.png,75061,bf4574e0158dbc6d601552bb9f1a73dc9456960965fb537631a71b6cdbb14aff
plots/C_survey_course_contributions.png,106403,c9b8b980d64a8f05676e133333765cfc34dc019b066f17d55718d2422c17810b
run_summary.json,18806,0d58c0f174e4383d3cd38001eec972947cafdc128630440db636cabb75ff2638
spending_summary.json,1664,56b634a7bd66bdb846b6a6d9e8c060bb7d5c3ea4235c679e6683f174152a1d23
survey_responses_template.csv,71,32161c5dcff2b77a06cd3aa9fa65e2b17d6ce740bfec14ffe4d6a1d7c3af3119
tables/G_baseline_cosine_transition.csv,332,163901ff9536545243c23608c5ffd6a8b58641401cdf0a16a585c7266a80d970
tables/G_cluster_profiles.csv,825,9900b962dd7477116b6f4cdb867d43d20b13d8e349990418a07962f61038f322
tables/G_cosine_assignments.csv,132350,b7f5599b8d5c72852bfb2a5be74e3b8f6722a1da8fe8b48524e88fc240ea0bda
tables/G_cosine_candidates.csv,2413,4fd912c8942f8b218dec3a1144520f18f626a757bc038c4d36b79f45188e8426
tables/G_cosine_centers.csv,844,c5403518ce9ea2c6c4f261c3447028ced6a46b4cfa0c25a64f79ff99712c8678
tables/G_cosine_eligibility.csv,95776,62df6f48822ea5d955c584693beb526bf5f946b2190311953ed57d55224d3b69
tables/G_cosine_objective.csv,113,beda32415a14986dc033a4b6dc97ffc1b85d0de4d86a6b3dff4ce4e547469342
tables/G_cosine_profiles.csv,593,a73c74ecd597ec0cab6866a667bc7701729598e34c4678e9b64b26fe804e0103
tables/G_cosine_representatives.csv,5365,1b92e77aa6e326a93273d3f27e01d6b03ed2cb865b042d3d952720011b91d789
tables/G_cosine_silhouette_samples.csv,85202,7ee7dad588b376afb3fba0d9d9233589b486763f0c8dd43b4dc886491a65fb7a
tables/G_cosine_unit_features.csv,135968,c84d5d7c528eeeda898e79685676cee274d5885bcac66d083397b086d9b3a964
tables/G_features.csv,149336,46a95cc8c40d02d283313b501b5c0e8f81341f23ca8a221c685287bc737d076d
tables/G_model_comparison.csv,1932,3b32566fdae9489f6dd3df09607aa9da757ffdb2c2d0c72fd1330881742de5b8
tables/G_pca_axes.csv,1122,8c216186e84f2c0b9840c924edbcf98764eefee54a7e5d200721bb6c5307203a
tables/G_pca_input_means.csv,232,59e181d7e098a5086a0aeb5b1ceb20991c5bbc9c433eea98d78e395a001a5dc0
tables/G_pca_scores.csv,381338,f34e1d69d5d8e6d97e38648d63a8b322dfee3082ed434ac1dfdb5f52f6b09fbe
tables/G_pca_variance.csv,321,2c7824d5ca2dabbe8d5c77900a9b25dc539617b8b14d21ada2f2194309f7a675
tables/G_place_assignments_all.csv,1346609,4d7221c399f211bcc494a2d09411e24ca64fd813751dc93621d2c7961dbf22a6
tables/G_places_with_cosine_all.csv,1469606,95c66a3aeba0eef7b099713eb79a19b9eccb70b26a0f5b67cb4f278c6532c783
tables/G_places_with_spending_context.csv,624554,20d286a5f783c6e082b84be568bc00fe148cc68331d198450d7ec858cd4aa66f
tables/G_spending_context_profiles.csv,418,6b49315d8b437fd0b0c77b9783963f10c6d9ac65973cbc1c94e05385bc9fc218
tables/T_baseline_cosine_transition.csv,188,bae518705a8aa46e17e8fc7356cd66bec5fced02fedfea5336bac7e07e494707
tables/T_citytour_assignments_all.csv,178927,8683fc3eaab748af0c6223470eaef4e6e6fc1353172115359c8ed618560209c7
tables/T_citytours_with_cosine_all.csv,190086,92c89d042c1eff2f9a99c9c40af37c4d66a40b9063c34313795170d0d3f645bd
tables/T_citytours_with_spending_context.csv,109973,4acdfdb7deaee859df4164e81aee522fdeabebd194fe834e5a6d10dff45b332d
tables/T_cluster_profiles.csv,1310,f19e06011ddcef4ff07ba09ddd23ded2c521e1f6b2b676dabe97d543e1299521
tables/T_cosine_assignments.csv,11774,d6d45da80c2b5c1e308511d187db63666cd7a815846600e298238442777cd742
tables/T_cosine_candidates.csv,2609,77f701b4ce91b8c11df77f5aee187b812a2d5286d7756225677c25fc306a6dab
tables/T_cosine_centers.csv,1028,21ae0c5614635aa8469144c941716f3a28a9926546f51268eb32155b5f62905a
tables/T_cosine_eligibility.csv,8372,e62edef8769831ee693a16bc7e150ac45148a852f007ad9d9fcbfdd4303962d3
tables/T_cosine_objective.csv,364,05fa99d5ead83bf161cc421bb70eeaca797961ba1d85ee2e711e3e8d586e86d6
tables/T_cosine_profiles.csv,1138,fb9b8d4857f3daed29bb71007d1819956e36ec7b6a44e3eac465c0922bbd37ab
tables/T_cosine_representatives.csv,6657,5cad7be5e9de99cc1db9c0262ae7944ee3c019cb4130d783ad47d9599394498e
tables/T_cosine_silhouette_samples.csv,16207,5568d04601f567fcfa7496f989d738e734d147d7ea5d1fa864edfca098fa3e0e
tables/T_cosine_unit_features.csv,19133,284e6680c49a7a265ff53d94b8057f9a0b38bc6e2f4fff8e8b6683e6f7abaab0
tables/T_features.csv,19358,d3bf44d9dd99466a922ff1cc1d596dfaf102d4a34dc68be95b6f38f4bce63a31
tables/T_model_comparison.csv,2081,bb7448f856030f2ae6593414432d06df80527f40bc4d2c5e621674a7ff78c924
tables/T_pca_axes.csv,1128,baf490ebc4c3b1b99b8194d4e0a1c3b30919d65b61ed78376d9778e5d51b5432
tables/T_pca_input_means.csv,245,93aec0185616f345510cfdde6ab040275b201cd0800decb87546bf97a5c8c9ce
tables/T_pca_scores.csv,33289,3088f79f2101da5f3fa0e3b73313d74dc1dff2c6cce97e4d72ffa8a4f091d515
tables/T_pca_variance.csv,350,b8a7552ff1a43a9557c518a44c1b65c0485cf7e40db491def38e201fc83a3bdd
tables/citytour_G_composition_shares.csv,18159,871d9b569734c27781b1edf1c2fc27d36ade28ce0b90221ec2bec625120d356a
tables/citytour_features_and_quality.csv,58608,19da8eb78b9adb69b712a2f77d526ff4b69389ce61bcfd0ef0de494c449bc1c0
tables/citytour_stop_links_review.csv,376223,05527b54419baab4a32e9e3129621cfc038df536befd68715a34a4cecc0c3219
tables/citytour_stop_unresolved.csv,251437,384496341167c2beab949e874313fd0d47703f0f7b5ac88000bc9eb21266b8d6
tables/cosine_baseline_comparison.csv,344,36a1773f8ccd0738e46fcf2777178db643eb1c3649bc26801db209b05feaebff
tables/cosine_course_rankings_all.csv,203584,8b7bf7231890fea774fac2f87a8155de0799b6ee6fc3ab7b0d68170f71301e96
tables/cosine_course_rankings_top10.csv,9308,ada76763ce8447e7b4b766dbe30103aade9b07f330a892b93b1dae8bc5d2fa03
tables/cosine_survey_dictionary.csv,685,8eece8bd0d86fd99ef051b657a387148e653dff24eefb3ae04ab85e8d8f2035a
tables/cosine_survey_inputs_used.csv,273,e6cfa5014fdb755d7a4eb122dcd46dd29abe59991251e73e7bb59a2711b25d1e
tables/cosine_survey_status.csv,383,7e807852bca66e2cb8932ed51476cb76743430367f1d59e2c1244e8042e54665
tables/marine_course_coverage_by_region.csv,1013,335173d8295f023100e362610c0b0583e3ebec25b822a28c13abfdf1a16e6140
tables/marine_course_evidence_all.csv,29221,1ba8001384d5d7463cb77036e5852a0e492746d106046033f5d033ea8e36dee4
tables/marine_course_stop_candidates.csv,101241,6a044782ffd57237e8b11bf5155580d3a40c2e6dc539699d25a3344f38b31292
tables/marine_field_dictionary.csv,1109,a86bd520b34a33846ceabb4b9af9ec2465a2d9001d5c00dfe0dbda22962bd1b5
tables/marine_heatmap_class_summary.csv,298,7a71be9b2260659f7dad2c55c3165d232bb14756936ad17f38bbd3cfb57565e4
tables/marine_heatmap_province_class_summary.csv,2532,eab2aaaffebc6fd490b47da6bbe47350207fb3ca5623ee853fdcec52c2b98f3a
tables/marine_heatmap_quality.csv,397513,ccfc907aa89989be5e4734e769bdb7e252c4a0cee8ae2ada69ac525a8435863d
tables/marine_input_source_inventory.csv,1511,9e21d416125a77edf11bdbea27462d0fa41aa7cc874d3105f60a7444691a4eff
tables/marine_monthly_clean.csv,1972,03f041db07ffa62d41335b0b707d3fd02b9425148eb8778b869043272951db8f
tables/marine_monthly_group_summary.csv,521,651214df31c7b5f29c662d8613cb93e8afc395cd8566e315f297e5d00998d839
tables/marine_monthly_indices.csv,6484,f4ac11ccebbd08329181ce370bb1056bf4d352363b90eb40219626dc23974545
tables/marine_monthly_reconciliation.csv,1925,96c368112c5008572aac59e1ba79f1c4a81518d938c0466488b31317aca7090e
tables/marine_place_candidates.csv,671803,1638339b112d9c77619d36b0ce5f0cc8fc0803e4dac5970f9db53a7afb147b64
tables/marine_place_coverage_by_region.csv,3371,db082ad69504a08eb1a19946d05bbdb08e68830954ad014f484059259d478b9c
tables/marine_place_evidence_all.csv,1120852,f6ec5bed0a65b7b061fe81dd9f851c76839773114ea1348988971d248d44eb03
tables/marine_place_link_audit.csv,572568,33b318bd069a2503fb9a506984ff765e6c2a8f1d36b537a164e96dd973646d55
tables/marine_quality_flags.csv,1402,a3495c207d5c308837652d1afe43f8e6304b678c28682fe42cd15464be38e115
tables/marine_search_class_summary.csv,840,eb285f44731f8f4d9ebf15ee1855b871b38d00787dc709f3f580c9e1f674a4a9
tables/marine_search_course_evidence_all.csv,22267,cc30f8743b7b643944295107d03dec4d457dbb30944ec67fe8d5c684286d333c
tables/marine_search_course_stop_candidates.csv,10068,623aaa1042d9e3bc4c5eacb968f4b36926dab26e25c93146ef5008557cc46589
tables/marine_search_place_candidates.csv,18658,ed7b64b60ef0fd5a83a06d3abc03ff0257882e8a1dc42139ee48963849ed5cc0
tables/marine_search_place_evidence_all.csv,616517,adde2aeee151b2df4fb523e1b5398809e6b99ce671ee61d387849d640a43a70b
tables/marine_search_rank_clean.csv,20494,b4ce9a0fb9c87eaa781468b6aa846db925e069b93895e21b9966c1b8a208bb21
tables/marine_search_rank_match_audit.csv,10471,9c0a87873c1d34dba675c853f04014a33c93052d194fe090fa0309bf9f75c433
tables/marine_top5_growth_audit.csv,1560,92e0bb05a26a77b3ecbb31e298773f8bdc12511f38084d6f1cedc369f717de71
tables/marine_township_heatmap.csv,415356,8f3381e49cdc85040081b220bcb45696208d323e8dca9727338d093acb49638a
tables/marine_township_observations.csv,524764,679cf4ee20edc28547b0da9442e16b658fb3fd7b605bf13b7bfe2de8b322041b
tables/place_cleaned_all.csv,270646,1d68167a52b41ca30c9b29a7f7251b8dd5b17993e8c2b4509324e4f9033eda99
tables/place_excluded.csv,59408,b1bf8c1140c4a8f9365ea344572ab73a9e4e5de6392e7f788198d954adaa514a
tables/place_quality_summary.csv,105,c9e3c4ac21460bb1abe5d9ca1a4728dc677d4325f2afe6744ac1982f791f293a
tables/spend_province_quality.csv,520,189a1f34443b6217f67f5dd7c433e27f6a3880bac119b55824cf4529d9c0201b
tables/spend_region_catalog_features_all.csv,29913,bc58bd52fbc1f1c05bd873ae492a7a0317715d4d32f67deb6042e4babc528e36
tables/spend_region_context.csv,31154,63e4a64b4550ce20796581f643967879be1407ebf6490054f603fb8bf652ae19
tables/spend_region_mapping_review.csv,16370,9392c5102c26bd5ab6e0f542a062f518484d533e556e8562c21788e1eb3a93ac
tables/spend_regression_additive_explanations.csv,25588,48e3c95ccbd35f321fbb7469316d12a831d726c57b7947b64d06b0a292a5ac94
tables/spend_regression_coefficients.csv,350,badafdce1ddaeb9f97c3e18335d4f6e580227c4c4ff772c93b583bb33cc01ccd
tables/spend_regression_fold_coefficients.csv,1732,2f6273e526f81978bc08fafcb98e06ce94d1b8ff5534d8a3d7482517b7e3d3ae
tables/spend_regression_folds.csv,1197,8861675b4113289ccbe32226a97919ef2ec62c793c879d36d93d76bfb181bd2a
tables/spend_regression_input.csv,33883,7ff136870a1f70f00bf89f07edbaad1609603144ae5831a3e4932312eebd24ed
tables/spend_regression_metrics.csv,339,7c7e8f1e83af71074e198f0bb5b5460ef641b76fe2f1465dff0fc64105cec1ad
tables/spend_regression_oof.csv,24274,cd31c6652d155f8569cfbde6a4c3801c37a9d2c321628f8cab39932478fd80c7
