source_category,listed_poi_count,listed_search_count,best_source_rank,share_of_listed_searches_pct
자연경관(하천/해양),35,5146406,11,25.059284684468068
교통시설,8,4829073,1,23.514101893453073
쇼핑몰,8,2649143,4,12.899415360324426
시장,9,1930281,3,9.399075995951293
콘도미니엄,9,1328969,9,6.471120332875572
백화점,4,1053319,6,5.128903682406561
호텔,8,899128,38,4.378104743344463
종교성지,6,881333,16,4.291455930374769
전시시설,2,370790,28,1.8054798179844176
랜드마크관광,2,369524,12,1.7993153112567057
기타관광,2,291028,34,1.4170964170241083
역사유적지,3,265119,87,1.2909382773651146
복합관광시설,1,191169,26,0.9308551237203353
육상레저스포츠,1,128666,51,0.6265106023916046
자연경관(산),1,112992,65,0.5501895293662055
기타문화관광지,1,89983,95,0.4381522976932815
