month,parent,reconstructed_weighted_mean,source_mean,difference_visitors,count_sum_matches,within_rounding_tolerance
202509,연안 전체,240069.12423625254,240069.0,-0.12423625253723003,True,True
202509,전국,252294.52305961755,252294.0,-0.5230596175533719,True,True
202510,연안 전체,300401.6904276986,300402.0,0.30957230139756575,True,True
202510,전국,280576.03543307085,280576.0,-0.03543307085055858,True,True
202511,연안 전체,246360.65376782077,246361.0,0.34623217923217453,True,True
202511,전국,257849.57845894262,257849.0,-0.5784589426184539,True,True
202512,연안 전체,228350.54378818738,228350.0,-0.5437881873804145,True,True
202512,전국,246259.74093846587,246260.0,0.2590615341323428,True,True
202601,연안 전체,224059.65784114052,224060.0,0.3421588594792411,True,True
202601,전국,233344.16971059286,233344.0,-0.16971059286152013,True,True
202602,연안 전체,237303.74442190668,237304.0,0.2555780933180358,True,True
202602,전국,234638.34653187307,234638.0,-0.34653187307412736,True,True
202603,연안 전체,248849.73630831644,248850.0,0.26369168356177397,True,True
202603,전국,271670.0269587195,271670.0,-0.02695871947798878,True,True
202604,연안 전체,241695.154158215,241695.0,-0.15415821500937454,True,True
202604,전국,242229.1645605167,242229.0,-0.16456051671411842,True,True
202605,연안 전체,292287.6125760649,292287.0,-0.6125760648865253,True,True
202605,전국,276321.5105307498,276322.0,0.48946925019845366,True,True
202606,연안 전체,248099.80527383368,248100.0,0.19472616631537676,True,True
202606,전국,245137.1098006178,245137.0,-0.1098006177926436,True,True
202607,연안 전체,274686.0446247464,274686.0,-0.04462474642787129,True,True
202607,전국,254632.3429694078,254633.0,0.6570305922068655,True,True
202608,연안 전체,307088.69574036513,307089.0,0.3042596348677762,True,True
202608,전국,265692.68229020486,265693.0,0.31770979514112696,True,True
