region,spend_region_id,spend_province,spend_level,join_status,national_share_pct,economic_context_score,boundary_review,n_catalog_places,n_lodging,n_citytours,median_base_minutes,unesco_mark_rate,share_herit,share_heal,share_activity,share_food,share_sea,model_eligible,model_reason
가평,경기도|가평군,경기도,municipality,UNIQUE_MUNICIPALITY_ALIAS,0.27085263807454424,54.741379310344826,False,18,8,2,70.0,0.0,0.0,0.4444444444444444,0.3888888888888889,0.1111111111111111,0.05555555555555555,True,ELIGIBLE
강릉,강원특별자치도|강릉시,강원특별자치도,municipality,UNIQUE_MUNICIPALITY_ALIAS,0.5098196392785571,72.84482758620689,False,25,13,0,60.0,0.0,0.2,0.12,0.04,0.28,0.36,True,ELIGIBLE
거제,경상남도|거제시,경상남도,municipality,UNIQUE_MUNICIPALITY_ALIAS,0.16753507014028057,42.241379310344826,False,35,10,0,60.0,0.0,0.14285714285714285,0.17142857142857143,0.08571428571428572,0.2,0.4,True,ELIGIBLE
거창,경상남도|거창군,경상남도,municipality,UNIQUE_MUNICIPALITY_ALIAS,0.049498997995991986,12.931034482758621,False,18,3,0,65.0,0.0,0.2222222222222222,0.3888888888888889,0.2222222222222222,0.16666666666666666,0.0,True,ELIGIBLE
경기광주,경기도|광주시,경기도,municipality,EXPLICIT_PARENT_ALIAS,0.5170823090514027,73.27586206896552,False,14,1,1,60.0,0.07142857142857142,0.2857142857142857,0.35714285714285715,0.2857142857142857,0.07142857142857142,0.0,True,ELIGIBLE
경산,경상북도|경산시,경상북도,municipality,UNIQUE_MUNICIPALITY_ALIAS,0.2954960870792534,57.758620689655174,False,7,0,1,60.0,0.0,0.2857142857142857,0.5714285714285714,0.14285714285714285,0.0,0.0,True,ELIGIBLE
경주,경상북도|경주시,경상북도,municipality,UNIQUE_MUNICIPALITY_ALIAS,0.6234246715208639,80.17241379310344,False,51,22,0,60.0,0.29411764705882354,0.5490196078431373,0.058823529411764705,0.1568627450980392,0.1568627450980392,0.0784313725490196,True,ELIGIBLE
고령,경상북도|고령군,경상북도,municipality,UNIQUE_MUNICIPALITY_ALIAS,0.03603610818039675,7.974137931034483,False,6,0,0,60.0,0.16666666666666666,1.0,0.0,0.0,0.0,0.0,True,ELIGIBLE
고성,,,unresolved,AMBIGUOUS_NAME,,,False,11,0,0,50.0,0.09090909090909091,0.2727272727272727,0.0,0.18181818181818182,0.36363636363636365,0.18181818181818182,False,MIXED_OR_UNRESOLVED_GEOGRAPHY
고성(강원),강원특별자치도|고성군,강원특별자치도,municipality,EXPLICIT_PARENT_ALIAS,0.10260521042084167,29.74137931034483,False,9,5,0,60.0,0.0,0.3333333333333333,0.1111111111111111,0.1111111111111111,0.0,0.4444444444444444,True,ELIGIBLE
고양,경기도|고양시,경기도,municipality,UNIQUE_MUNICIPALITY_ALIAS,2.166821104596354,97.41379310344827,False,17,4,0,60.0,0.058823529411764705,0.23529411764705882,0.17647058823529413,0.23529411764705882,0.35294117647058826,0.0,True,ELIGIBLE
고창,전북특별자치도|고창군,전북특별자치도,municipality,UNIQUE_MUNICIPALITY_ALIAS,0.07715430861723448,21.120689655172413,False,11,3,0,60.0,0.09090909090909091,0.36363636363636365,0.36363636363636365,0.0,0.09090909090909091,0.18181818181818182,True,ELIGIBLE
곡성,전남광주통합특별시|곡성군,전남광주통합특별시,municipality,UNIQUE_MUNICIPALITY_ALIAS,0.048400193600774404,11.422413793103448,True,7,0,2,60.0,0.0,0.14285714285714285,0.5714285714285714,0.2857142857142857,0.0,0.0,True,ELIGIBLE
공주,충청남도|공주시,충청남도,municipality,UNIQUE_MUNICIPALITY_ALIAS,0.2808419642086976,55.60344827586207,False,29,3,7,60.0,0.10344827586206896,0.6206896551724138,0.20689655172413793,0.06896551724137931,0.10344827586206896,0.0,True,ELIGIBLE
광양,전남광주통합특별시|광양시,전남광주통합특별시,municipality,UNIQUE_MUNICIPALITY_ALIAS,0.1804007216028864,45.258620689655174,True,14,0,3,60.0,0.0,0.2857142857142857,0.35714285714285715,0.14285714285714285,0.21428571428571427,0.0,True,ELIGIBLE
광주,,,unresolved,AMBIGUOUS_METRO_VS_CITY,,,False,9,0,0,70.0,0.0,0.3333333333333333,0.2222222222222222,0.3333333333333333,0.1111111111111111,0.0,False,MIXED_OR_UNRESOLVED_GEOGRAPHY
구미,경상북도|구미시,경상북도,municipality,UNIQUE_MUNICIPALITY_ALIAS,0.32072136280553115,61.206896551724135,False,8,2,0,55.0,0.0,0.375,0.375,0.0,0.25,0.0,True,ELIGIBLE
군산,전북특별자치도|군산시,전북특별자치도,municipality,UNIQUE_MUNICIPALITY_ALIAS,0.3571142284569138,63.36206896551724,False,18,10,3,50.0,0.0,0.2222222222222222,0.1111111111111111,0.1111111111111111,0.2222222222222222,0.3333333333333333,True,ELIGIBLE
김해,경상남도|김해시,경상남도,municipality,UNIQUE_MUNICIPALITY_ALIAS,0.6511022044088176,81.46551724137932,False,31,6,4,60.0,0.03225806451612903,0.5161290322580645,0.1935483870967742,0.22580645161290322,0.06451612903225806,0.0,True,ELIGIBLE
나주,전남광주통합특별시|나주시,전남광주통합특별시,municipality,UNIQUE_MUNICIPALITY_ALIAS,0.16280065120260478,40.94827586206897,True,2,0,1,60.0,0.0,0.5,0.5,0.0,0.0,0.0,False,CATALOG_TOO_SMALL_OR_SHARE_NOT_POSITIVE
남양주,경기도|남양주시,경기도,municipality,UNIQUE_MUNICIPALITY_ALIAS,0.8864268155166903,88.79310344827586,False,13,0,0,60.0,0.07692307692307693,0.3076923076923077,0.38461538461538464,0.15384615384615385,0.15384615384615385,0.0,True,ELIGIBLE
남원,전북특별자치도|남원시,전북특별자치도,municipality,UNIQUE_MUNICIPALITY_ALIAS,0.10360721442885772,30.17241379310345,False,18,2,0,60.0,0.0,0.3333333333333333,0.2222222222222222,0.16666666666666666,0.2222222222222222,0.05555555555555555,True,ELIGIBLE
남해,경상남도|남해군,경상남도,municipality,UNIQUE_MUNICIPALITY_ALIAS,0.07234468937875752,19.18103448275862,False,22,8,0,55.0,0.0,0.18181818181818182,0.22727272727272727,0.13636363636363635,0.18181818181818182,0.2727272727272727,True,ELIGIBLE
논산,충청남도|논산시,충청남도,municipality,UNIQUE_MUNICIPALITY_ALIAS,0.16850517852521854,42.88793103448276,False,11,1,0,60.0,0.09090909090909091,0.5454545454545454,0.09090909090909091,0.18181818181818182,0.18181818181818182,0.0,True,ELIGIBLE
단양,충청북도|단양군,충청북도,municipality,UNIQUE_MUNICIPALITY_ALIAS,0.08408425242092575,22.413793103448278,False,14,3,1,60.0,0.0,0.07142857142857142,0.2857142857142857,0.35714285714285715,0.21428571428571427,0.07142857142857142,True,ELIGIBLE
담양,전남광주통합특별시|담양군,전남광주통합특별시,municipality,UNIQUE_MUNICIPALITY_ALIAS,0.1056004224016896,30.603448275862068,True,13,3,0,60.0,0.0,0.23076923076923078,0.38461538461538464,0.07692307692307693,0.15384615384615385,0.15384615384615385,True,ELIGIBLE
당진,충청남도|당진시,충청남도,municipality,UNIQUE_MUNICIPALITY_ALIAS,0.3194577342873935,60.3448275862069,False,11,2,0,50.0,0.0,0.18181818181818182,0.0,0.2727272727272727,0.18181818181818182,0.36363636363636365,True,ELIGIBLE
대구,대구광역시,대구광역시,province,PROVINCE_CONTEXT_ONLY,3.707414829659318,,False,63,1,12,60.0,0.0,0.25396825396825395,0.36507936507936506,0.2222222222222222,0.15873015873015872,0.0,False,MIXED_OR_UNRESOLVED_GEOGRAPHY
대전,대전광역시,대전광역시,province,PROVINCE_CONTEXT_ONLY,3.2064128256513023,,False,46,7,24,60.0,0.0,0.2826086956521739,0.391304347826087,0.13043478260869565,0.1956521739130435,0.0,False,MIXED_OR_UNRESOLVED_GEOGRAPHY
동해,강원특별자치도|동해시,강원특별자치도,municipality,UNIQUE_MUNICIPALITY_ALIAS,0.1346693386773547,36.206896551724135,False,18,9,1,60.0,0.0,0.0,0.16666666666666666,0.2777777777777778,0.16666666666666666,0.3888888888888889,True,ELIGIBLE
목포,전남광주통합특별시|목포시,전남광주통합특별시,municipality,UNIQUE_MUNICIPALITY_ALIAS,0.2596010384041536,53.01724137931034,True,23,8,2,60.0,0.0,0.2608695652173913,0.21739130434782608,0.21739130434782608,0.17391304347826086,0.13043478260869565,True,ELIGIBLE
무주,전북특별자치도|무주군,전북특별자치도,municipality,UNIQUE_MUNICIPALITY_ALIAS,0.05511022044088176,13.362068965517242,False,8,0,0,65.0,0.0,0.25,0.25,0.25,0.25,0.0,True,ELIGIBLE
문경,경상북도|문경시,경상북도,municipality,UNIQUE_MUNICIPALITY_ALIAS,0.1477480435396267,37.93103448275862,False,11,0,0,70.0,0.0,0.18181818181818182,0.09090909090909091,0.5454545454545454,0.18181818181818182,0.0,True,ELIGIBLE
밀양,경상남도|밀양시,경상남도,municipality,UNIQUE_MUNICIPALITY_ALIAS,0.09899799599198397,28.448275862068964,False,20,2,3,60.0,0.0,0.25,0.3,0.3,0.1,0.05,True,ELIGIBLE
보령,충청남도|보령시,충청남도,municipality,UNIQUE_MUNICIPALITY_ALIAS,0.15095255576217495,38.793103448275865,False,12,8,0,60.0,0.0,0.16666666666666666,0.16666666666666666,0.16666666666666666,0.25,0.25,True,ELIGIBLE
보성,전남광주통합특별시|보성군,전남광주통합특별시,municipality,UNIQUE_MUNICIPALITY_ALIAS,0.0572002288009152,14.224137931034482,True,9,2,0,60.0,0.1111111111111111,0.2222222222222222,0.1111111111111111,0.1111111111111111,0.2222222222222222,0.3333333333333333,True,ELIGIBLE
보은,충청북도|보은군,충청북도,municipality,UNIQUE_MUNICIPALITY_ALIAS,0.05605616828061718,13.793103448275861,False,8,0,0,90.0,0.125,0.25,0.25,0.375,0.125,0.0,True,ELIGIBLE
봉화,경상북도|봉화군,경상북도,municipality,UNIQUE_MUNICIPALITY_ALIAS,0.025225275726277727,3.4482758620689653,False,12,0,2,60.0,0.0,0.25,0.3333333333333333,0.25,0.16666666666666666,0.0,True,ELIGIBLE
부산,부산광역시,부산광역시,province,PROVINCE_CONTEXT_ONLY,6.4128256513026045,,False,153,33,6,60.0,0.0,0.11764705882352941,0.29411764705882354,0.16993464052287582,0.32679738562091504,0.0915032679738562,False,MIXED_OR_UNRESOLVED_GEOGRAPHY
부안,전북특별자치도|부안군,전북특별자치도,municipality,UNIQUE_MUNICIPALITY_ALIAS,0.09478957915831662,25.862068965517242,False,14,7,0,50.0,0.0,0.14285714285714285,0.0,0.14285714285714285,0.21428571428571427,0.5,True,ELIGIBLE
부여,충청남도|부여군,충청남도,municipality,UNIQUE_MUNICIPALITY_ALIAS,0.12286835934130522,33.4051724137931,False,26,2,3,60.0,0.19230769230769232,0.4230769230769231,0.19230769230769232,0.23076923076923078,0.15384615384615385,0.0,True,ELIGIBLE
사천,경상남도|사천시,경상남도,municipality,UNIQUE_MUNICIPALITY_ALIAS,0.17895791583166332,44.827586206896555,False,22,1,5,60.0,0.0,0.22727272727272727,0.18181818181818182,0.22727272727272727,0.13636363636363635,0.22727272727272727,True,ELIGIBLE
산청,경상남도|산청군,경상남도,municipality,UNIQUE_MUNICIPALITY_ALIAS,0.07995991983967936,21.551724137931036,False,6,0,0,60.0,0.0,0.8333333333333334,0.16666666666666666,0.0,0.0,0.0,True,ELIGIBLE
삼척,강원특별자치도|삼척시,강원특별자치도,municipality,UNIQUE_MUNICIPALITY_ALIAS,0.09619238476953906,26.724137931034484,False,14,4,1,50.0,0.0,0.07142857142857142,0.21428571428571427,0.07142857142857142,0.21428571428571427,0.42857142857142855,True,ELIGIBLE
상주,경상북도|상주시,경상북도,municipality,UNIQUE_MUNICIPALITY_ALIAS,0.09369388126903157,25.43103448275862,False,7,2,0,60.0,0.0,0.14285714285714285,0.42857142857142855,0.14285714285714285,0.14285714285714285,0.14285714285714285,True,ELIGIBLE
서산,충청남도|서산시,충청남도,municipality,UNIQUE_MUNICIPALITY_ALIAS,0.1965893749460883,46.98275862068966,False,21,3,3,60.0,0.0,0.2857142857142857,0.3333333333333333,0.047619047619047616,0.09523809523809523,0.23809523809523808,True,ELIGIBLE
서울,서울특별시,서울특별시,province,PROVINCE_CONTEXT_ONLY,29.058116232464926,,False,209,55,12,60.0,0.014354066985645933,0.2583732057416268,0.21052631578947367,0.19138755980861244,0.3349282296650718,0.004784688995215311,False,MIXED_OR_UNRESOLVED_GEOGRAPHY
서천,충청남도|서천군,충청남도,municipality,UNIQUE_MUNICIPALITY_ALIAS,0.06318944194695697,15.948275862068966,False,27,0,8,60.0,0.037037037037037035,0.1111111111111111,0.4074074074074074,0.18518518518518517,0.14814814814814814,0.14814814814814814,True,ELIGIBLE
세종,세종특별자치시,세종특별자치시,province,PROVINCE_CONTEXT_ONLY,0.3006012024048096,,False,19,1,11,60.0,0.0,0.21052631578947367,0.5263157894736842,0.10526315789473684,0.10526315789473684,0.05263157894736842,False,MIXED_OR_UNRESOLVED_GEOGRAPHY
속초,강원특별자치도|속초시,강원특별자치도,municipality,UNIQUE_MUNICIPALITY_ALIAS,0.38797595190380757,65.51724137931035,False,17,16,0,50.0,0.0,0.058823529411764705,0.29411764705882354,0.0,0.23529411764705882,0.4117647058823529,True,ELIGIBLE
수원,경기도|수원시,경기도,municipality,UNIQUE_MUNICIPALITY_ALIAS,2.289935940084783,98.70689655172414,False,38,1,0,60.0,0.07894736842105263,0.3684210526315789,0.10526315789473684,0.18421052631578946,0.34210526315789475,0.0,True,ELIGIBLE
순창,전북특별자치도|순창군,전북특별자치도,municipality,UNIQUE_MUNICIPALITY_ALIAS,0.022044088176352707,1.9396551724137931,False,2,0,0,105.0,0.0,0.0,1.0,0.0,0.0,0.0,False,CATALOG_TOO_SMALL_OR_SHARE_NOT_POSITIVE
순천,전남광주통합특별시|순천시,전남광주통합특별시,municipality,UNIQUE_MUNICIPALITY_ALIAS,0.2728010912043648,55.172413793103445,True,19,4,5,60.0,0.05263157894736842,0.42105263157894735,0.3157894736842105,0.10526315789473684,0.10526315789473684,0.05263157894736842,True,ELIGIBLE
시흥,경기도|시흥시,경기도,municipality,UNIQUE_MUNICIPALITY_ALIAS,0.7879349471259469,87.28448275862068,False,12,0,3,60.0,0.0,0.08333333333333333,0.5,0.25,0.0,0.16666666666666666,True,ELIGIBLE
신안,전남광주통합특별시|신안군,전남광주통합특별시,municipality,UNIQUE_MUNICIPALITY_ALIAS,0.0264001056004224,4.094827586206897,True,4,0,0,80.0,0.25,0.0,0.0,0.5,0.0,0.5,True,ELIGIBLE
아산,충청남도|아산시,충청남도,municipality,UNIQUE_MUNICIPALITY_ALIAS,0.45285766728652493,70.6896551724138,False,21,6,5,60.0,0.0,0.23809523809523808,0.3333333333333333,0.19047619047619047,0.19047619047619047,0.047619047619047616,True,ELIGIBLE
안동,경상북도|안동시,경상북도,municipality,UNIQUE_MUNICIPALITY_ALIAS,0.16936970844786475,43.53448275862069,False,27,12,5,60.0,0.14814814814814814,0.5555555555555556,0.18518518518518517,0.18518518518518517,0.07407407407407407,0.0,True,ELIGIBLE
안산,경기도|안산시,경기도,municipality,UNIQUE_MUNICIPALITY_ALIAS,0.9356727497120619,89.65517241379311,False,13,0,9,60.0,0.0,0.07692307692307693,0.38461538461538464,0.23076923076923078,0.07692307692307693,0.23076923076923078,True,ELIGIBLE
안성,경기도|안성시,경기도,municipality,UNIQUE_MUNICIPALITY_ALIAS,0.6648201116375178,82.54310344827586,False,4,0,1,75.0,0.0,0.5,0.0,0.5,0.0,0.0,True,ELIGIBLE
양구,강원특별자치도|양구군,강원특별자치도,municipality,UNIQUE_MUNICIPALITY_ALIAS,0.019238476953907815,1.293103448275862,False,6,0,3,60.0,0.0,0.16666666666666666,0.5,0.16666666666666666,0.0,0.16666666666666666,True,ELIGIBLE
양산,경상남도|양산시,경상남도,municipality,UNIQUE_MUNICIPALITY_ALIAS,0.3426853707414829,62.5,False,24,1,4,60.0,0.041666666666666664,0.4166666666666667,0.3333333333333333,0.20833333333333334,0.041666666666666664,0.0,True,ELIGIBLE
양양,강원특별자치도|양양군,강원특별자치도,municipality,UNIQUE_MUNICIPALITY_ALIAS,0.1442885771543086,37.06896551724138,False,14,14,0,50.0,0.0,0.14285714285714285,0.0,0.14285714285714285,0.21428571428571427,0.5,True,ELIGIBLE
양주,경기도|양주시,경기도,municipality,UNIQUE_MUNICIPALITY_ALIAS,0.39396747356297346,66.16379310344827,False,18,2,7,60.0,0.0,0.3888888888888889,0.2777777777777778,0.2777777777777778,0.05555555555555555,0.0,True,ELIGIBLE
양평,경기도|양평군,경기도,municipality,UNIQUE_MUNICIPALITY_ALIAS,0.2462296709768584,51.508620689655174,False,12,4,0,55.0,0.0,0.25,0.25,0.08333333333333333,0.3333333333333333,0.08333333333333333,True,ELIGIBLE
여수,전남광주통합특별시|여수시,전남광주통합특별시,municipality,UNIQUE_MUNICIPALITY_ALIAS,0.3432013728054912,62.93103448275862,True,46,19,8,60.0,0.0,0.2391304347826087,0.1956521739130435,0.1956521739130435,0.08695652173913043,0.2826086956521739,True,ELIGIBLE
여주,경기도|여주시,경기도,municipality,UNIQUE_MUNICIPALITY_ALIAS,0.6648201116375178,82.54310344827586,False,19,2,2,60.0,0.05263157894736842,0.47368421052631576,0.05263157894736842,0.21052631578947367,0.15789473684210525,0.10526315789473684,True,ELIGIBLE
연천,경기도|연천군,경기도,municipality,UNIQUE_MUNICIPALITY_ALIAS,0.04924593419537168,12.5,False,10,0,3,60.0,0.0,0.3,0.6,0.1,0.0,0.0,True,ELIGIBLE
영광,전남광주통합특별시|영광군,전남광주통합특별시,municipality,UNIQUE_MUNICIPALITY_ALIAS,0.048400193600774404,11.422413793103448,True,6,0,1,60.0,0.0,0.5,0.5,0.0,0.0,0.0,True,ELIGIBLE
영덕,경상북도|영덕군,경상북도,municipality,UNIQUE_MUNICIPALITY_ALIAS,0.10090110290511091,29.310344827586206,False,12,10,0,50.0,0.0,0.0,0.16666666666666666,0.0,0.3333333333333333,0.5,True,ELIGIBLE
영월,강원특별자치도|영월군,강원특별자치도,municipality,UNIQUE_MUNICIPALITY_ALIAS,0.06412825651302605,16.379310344827587,False,24,7,0,60.0,0.041666666666666664,0.3333333333333333,0.2916666666666667,0.20833333333333334,0.125,0.041666666666666664,True,ELIGIBLE
영주,경상북도|영주시,경상북도,municipality,UNIQUE_MUNICIPALITY_ALIAS,0.07567582717883319,20.689655172413794,False,18,5,3,60.0,0.1111111111111111,0.4444444444444444,0.2777777777777778,0.16666666666666666,0.1111111111111111,0.0,True,ELIGIBLE
예산,충청남도|예산군,충청남도,municipality,UNIQUE_MUNICIPALITY_ALIAS,0.16850517852521854,42.88793103448276,False,17,2,1,60.0,0.0,0.29411764705882354,0.17647058823529413,0.23529411764705882,0.23529411764705882,0.058823529411764705,True,ELIGIBLE
완도,전남광주통합특별시|완도군,전남광주통합특별시,municipality,UNIQUE_MUNICIPALITY_ALIAS,0.030800123200492798,5.172413793103448,True,13,0,1,60.0,0.0,0.15384615384615385,0.23076923076923078,0.0,0.15384615384615385,0.46153846153846156,True,ELIGIBLE
완주,전북특별자치도|완주군,전북특별자치도,municipality,UNIQUE_MUNICIPALITY_ALIAS,0.18296593186372748,45.689655172413794,False,11,0,4,60.0,0.0,0.45454545454545453,0.45454545454545453,0.09090909090909091,0.0,0.0,True,ELIGIBLE
용인,경기도|용인시,경기도,municipality,UNIQUE_MUNICIPALITY_ALIAS,2.265312972987097,98.27586206896552,False,23,3,0,60.0,0.0,0.34782608695652173,0.13043478260869565,0.21739130434782608,0.2608695652173913,0.043478260869565216,True,ELIGIBLE
울릉,경상북도|울릉군,경상북도,municipality,UNIQUE_MUNICIPALITY_ALIAS,0.018018054090198375,0.43103448275862066,False,24,15,0,60.0,0.0,0.041666666666666664,0.20833333333333334,0.125,0.08333333333333333,0.5416666666666666,True,ELIGIBLE
울산,울산광역시,울산광역시,province,PROVINCE_CONTEXT_ONLY,1.5030060120240478,,False,33,2,2,60.0,0.0,0.2727272727272727,0.24242424242424243,0.15151515151515152,0.12121212121212122,0.21212121212121213,False,MIXED_OR_UNRESOLVED_GEOGRAPHY
울진,경상북도|울진군,경상북도,municipality,UNIQUE_MUNICIPALITY_ALIAS,0.0720722163607935,18.53448275862069,False,13,6,0,50.0,0.0,0.15384615384615385,0.23076923076923078,0.07692307692307693,0.15384615384615385,0.38461538461538464,True,ELIGIBLE
원주,강원특별자치도|원주시,강원특별자치도,municipality,UNIQUE_MUNICIPALITY_ALIAS,0.4809619238476953,71.55172413793103,False,13,1,1,60.0,0.0,0.15384615384615385,0.07692307692307693,0.46153846153846156,0.3076923076923077,0.0,True,ELIGIBLE
의정부,경기도|의정부시,경기도,municipality,UNIQUE_MUNICIPALITY_ALIAS,0.5663282432467742,76.9396551724138,False,2,0,1,75.0,0.0,0.0,0.5,0.5,0.0,0.0,False,CATALOG_TOO_SMALL_OR_SHARE_NOT_POSITIVE
이천,경기도|이천시,경기도,municipality,UNIQUE_MUNICIPALITY_ALIAS,0.5663282432467742,76.9396551724138,False,17,0,4,60.0,0.0,0.058823529411764705,0.4117647058823529,0.29411764705882354,0.23529411764705882,0.0,True,ELIGIBLE
익산,전북특별자치도|익산시,전북특별자치도,municipality,UNIQUE_MUNICIPALITY_ALIAS,0.2226452905811623,48.706896551724135,False,18,2,5,60.0,0.1111111111111111,0.3888888888888889,0.16666666666666666,0.16666666666666666,0.2777777777777778,0.0,True,ELIGIBLE
인제,강원특별자치도|인제군,강원특별자치도,municipality,UNIQUE_MUNICIPALITY_ALIAS,0.07054108216432865,17.887931034482758,False,11,3,0,60.0,0.0,0.09090909090909091,0.2727272727272727,0.18181818181818182,0.18181818181818182,0.2727272727272727,True,ELIGIBLE
인천,인천광역시,인천광역시,province,PROVINCE_CONTEXT_ONLY,5.310621242484969,,True,71,15,8,60.0,0.014084507042253521,0.2112676056338028,0.18309859154929578,0.15492957746478872,0.29577464788732394,0.15492957746478872,False,MIXED_OR_UNRESOLVED_GEOGRAPHY
임실,전북특별자치도|임실군,전북특별자치도,municipality,UNIQUE_MUNICIPALITY_ALIAS,0.07054108216432865,17.887931034482758,False,3,0,1,60.0,0.0,0.0,0.6666666666666666,0.3333333333333333,0.0,0.0,True,ELIGIBLE
장성,전남광주통합특별시|장성군,전남광주통합특별시,municipality,UNIQUE_MUNICIPALITY_ALIAS,0.12320049280197119,34.48275862068966,True,12,0,0,60.0,0.08333333333333333,0.08333333333333333,0.5,0.08333333333333333,0.25,0.08333333333333333,True,ELIGIBLE
장수,전북특별자치도|장수군,전북특별자치도,municipality,UNIQUE_MUNICIPALITY_ALIAS,0.022044088176352707,1.9396551724137931,False,4,0,0,95.0,0.0,0.0,1.0,0.0,0.0,0.0,True,ELIGIBLE
장흥,전남광주통합특별시|장흥군,전남광주통합특별시,municipality,UNIQUE_MUNICIPALITY_ALIAS,0.035200140800563204,7.327586206896552,True,4,0,0,75.0,0.0,0.25,0.25,0.25,0.25,0.0,True,ELIGIBLE
전주,전북특별자치도|전주시,전북특별자치도,municipality,UNIQUE_MUNICIPALITY_ALIAS,0.7384769539078156,86.20689655172414,False,30,5,0,60.0,0.0,0.43333333333333335,0.16666666666666666,0.23333333333333334,0.16666666666666666,0.0,True,ELIGIBLE
정선,강원특별자치도|정선군,강원특별자치도,municipality,UNIQUE_MUNICIPALITY_ALIAS,0.09298597194388776,25.0,False,22,16,3,90.0,0.0,0.045454545454545456,0.22727272727272727,0.5454545454545454,0.13636363636363635,0.045454545454545456,True,ELIGIBLE
정읍,전북특별자치도|정읍시,전북특별자치도,municipality,UNIQUE_MUNICIPALITY_ALIAS,0.09919839679358718,28.879310344827587,False,12,0,0,60.0,0.08333333333333333,0.5,0.25,0.0,0.25,0.0,True,ELIGIBLE
제주,제주특별자치도,제주특별자치도,province,PROVINCE_CONTEXT_ONLY,1.7034068136272542,,False,115,58,2,60.0,0.043478260869565216,0.1565217391304348,0.5739130434782609,0.1391304347826087,0.06956521739130435,0.06086956521739131,False,MIXED_OR_UNRESOLVED_GEOGRAPHY
제천,충청북도|제천시,충청북도,municipality,UNIQUE_MUNICIPALITY_ALIAS,0.21371414156985294,47.8448275862069,False,14,6,2,60.0,0.0,0.07142857142857142,0.2857142857142857,0.35714285714285715,0.21428571428571427,0.07142857142857142,True,ELIGIBLE
진도,전남광주통합특별시|진도군,전남광주통합특별시,municipality,UNIQUE_MUNICIPALITY_ALIAS,0.0264001056004224,4.094827586206897,True,5,0,1,90.0,0.0,0.4,0.0,0.6,0.0,0.0,True,ELIGIBLE
진안,전북특별자치도|진안군,전북특별자치도,municipality,UNIQUE_MUNICIPALITY_ALIAS,0.030861723446893783,6.0344827586206895,False,4,0,0,50.0,0.0,0.25,0.25,0.0,0.0,0.5,True,ELIGIBLE
진주,경상남도|진주시,경상남도,municipality,UNIQUE_MUNICIPALITY_ALIAS,0.2284569138276553,49.13793103448276,False,21,4,0,60.0,0.0,0.3333333333333333,0.3333333333333333,0.14285714285714285,0.14285714285714285,0.047619047619047616,True,ELIGIBLE
창녕,경상남도|창녕군,경상남도,municipality,UNIQUE_MUNICIPALITY_ALIAS,0.11803607214428857,31.896551724137932,False,11,0,0,60.0,0.09090909090909091,0.5454545454545454,0.2727272727272727,0.0,0.18181818181818182,0.0,True,ELIGIBLE
창원,경상남도|창원시,경상남도,municipality,UNIQUE_MUNICIPALITY_ALIAS,1.2869739478957913,93.96551724137932,False,56,7,1,60.0,0.0,0.16071428571428573,0.25,0.21428571428571427,0.30357142857142855,0.07142857142857142,True,ELIGIBLE
천안,충청남도|천안시,충청남도,municipality,UNIQUE_MUNICIPALITY_ALIAS,1.1479415287030514,91.37931034482759,False,20,2,4,60.0,0.0,0.3,0.2,0.25,0.25,0.0,True,ELIGIBLE
철원,강원특별자치도|철원군,강원특별자치도,municipality,UNIQUE_MUNICIPALITY_ALIAS,0.04168336673346693,9.913793103448276,False,23,2,0,60.0,0.0,0.30434782608695654,0.391304347826087,0.21739130434782608,0.08695652173913043,0.0,True,ELIGIBLE
청도,경상북도|청도군,경상북도,municipality,UNIQUE_MUNICIPALITY_ALIAS,0.09729749208707124,27.586206896551722,False,3,0,1,60.0,0.0,0.3333333333333333,0.3333333333333333,0.3333333333333333,0.0,0.0,True,ELIGIBLE
청송,경상북도|청송군,경상북도,municipality,UNIQUE_MUNICIPALITY_ALIAS,0.03603610818039675,7.974137931034483,False,12,2,0,55.0,0.0,0.16666666666666666,0.3333333333333333,0.08333333333333333,0.16666666666666666,0.25,True,ELIGIBLE
청주,충청북도|청주시,충청북도,municipality,UNIQUE_MUNICIPALITY_ALIAS,2.0180220581022184,96.55172413793103,False,25,2,5,60.0,0.0,0.32,0.24,0.2,0.2,0.04,True,ELIGIBLE
춘천,강원특별자치도|춘천시,강원특별자치도,municipality,UNIQUE_MUNICIPALITY_ALIAS,0.3687374749498998,63.793103448275865,False,28,5,7,60.0,0.0,0.21428571428571427,0.32142857142857145,0.32142857142857145,0.14285714285714285,0.0,True,ELIGIBLE
충주,충청북도|충주시,충청북도,municipality,UNIQUE_MUNICIPALITY_ALIAS,0.336337009683703,61.63793103448276,False,24,3,1,60.0,0.0,0.25,0.2916666666666667,0.16666666666666666,0.16666666666666666,0.125,True,ELIGIBLE
태백,강원특별자치도|태백시,강원특별자치도,municipality,UNIQUE_MUNICIPALITY_ALIAS,0.05771543086172345,15.086206896551724,False,13,5,2,60.0,0.0,0.15384615384615385,0.46153846153846156,0.15384615384615385,0.15384615384615385,0.07692307692307693,True,ELIGIBLE
태안,충청남도|태안군,충청남도,municipality,UNIQUE_MUNICIPALITY_ALIAS,0.16499465397260984,41.37931034482759,False,18,10,4,60.0,0.0,0.1111111111111111,0.3333333333333333,0.1111111111111111,0.16666666666666666,0.2777777777777778,True,ELIGIBLE
통영,경상남도|통영시,경상남도,municipality,UNIQUE_MUNICIPALITY_ALIAS,0.13326653306613226,35.3448275862069,False,29,15,0,60.0,0.0,0.13793103448275862,0.1724137931034483,0.3103448275862069,0.13793103448275862,0.2413793103448276,True,ELIGIBLE
파주,경기도|파주시,경기도,municipality,UNIQUE_MUNICIPALITY_ALIAS,0.7879349471259469,87.28448275862068,False,25,1,7,60.0,0.0,0.36,0.24,0.24,0.16,0.0,True,ELIGIBLE
평창,강원특별자치도|평창군,강원특별자치도,municipality,UNIQUE_MUNICIPALITY_ALIAS,0.18917835671342684,46.12068965517241,False,18,7,2,70.0,0.05555555555555555,0.2222222222222222,0.3888888888888889,0.16666666666666666,0.1111111111111111,0.1111111111111111,True,ELIGIBLE
평택,경기도|평택시,경기도,municipality,UNIQUE_MUNICIPALITY_ALIAS,0.7633119800282611,86.63793103448276,False,19,0,1,60.0,0.0,0.5789473684210527,0.2631578947368421,0.15789473684210525,0.0,0.0,True,ELIGIBLE
포천,경기도|포천시,경기도,municipality,UNIQUE_MUNICIPALITY_ALIAS,0.44321340775834517,69.82758620689656,False,14,3,0,60.0,0.07142857142857142,0.0,0.5714285714285714,0.21428571428571427,0.07142857142857142,0.14285714285714285,True,ELIGIBLE
포항,경상북도|포항시,경상북도,municipality,UNIQUE_MUNICIPALITY_ALIAS,0.5981993957945861,78.01724137931035,False,18,0,4,60.0,0.0,0.16666666666666666,0.2222222222222222,0.16666666666666666,0.1111111111111111,0.3333333333333333,True,ELIGIBLE
하동,경상남도|하동군,경상남도,municipality,UNIQUE_MUNICIPALITY_ALIAS,0.06092184368737475,15.517241379310345,False,16,4,0,60.0,0.0,0.3125,0.1875,0.25,0.1875,0.0625,True,ELIGIBLE
함안,경상남도|함안군,경상남도,municipality,UNIQUE_MUNICIPALITY_ALIAS,0.17134268537074146,43.96551724137931,False,11,0,0,60.0,0.09090909090909091,0.45454545454545453,0.2727272727272727,0.09090909090909091,0.18181818181818182,0.0,True,ELIGIBLE
함양,경상남도|함양군,경상남도,municipality,UNIQUE_MUNICIPALITY_ALIAS,0.04188376753507014,10.344827586206897,False,10,1,0,50.0,0.1,0.2,0.1,0.2,0.3,0.2,True,ELIGIBLE
합천,경상남도|합천군,경상남도,municipality,UNIQUE_MUNICIPALITY_ALIAS,0.0342685370741483,6.4655172413793105,False,14,1,1,60.0,0.07142857142857142,0.14285714285714285,0.2857142857142857,0.2857142857142857,0.21428571428571427,0.07142857142857142,True,ELIGIBLE
해남,전남광주통합특별시|해남군,전남광주통합특별시,municipality,UNIQUE_MUNICIPALITY_ALIAS,0.066000264001056,17.24137931034483,True,12,2,1,60.0,0.08333333333333333,0.3333333333333333,0.08333333333333333,0.25,0.16666666666666666,0.16666666666666666,True,ELIGIBLE
홍성,충청남도|홍성군,충청남도,municipality,UNIQUE_MUNICIPALITY_ALIAS,0.12286835934130522,33.4051724137931,False,16,1,5,60.0,0.0,0.1875,0.375,0.1875,0.25,0.0,True,ELIGIBLE
홍천,강원특별자치도|홍천군,강원특별자치도,municipality,UNIQUE_MUNICIPALITY_ALIAS,0.2661322645290581,54.310344827586206,False,4,0,1,60.0,0.0,0.25,0.75,0.0,0.0,0.0,True,ELIGIBLE
화성,경기도|화성시,경기도,municipality,UNIQUE_MUNICIPALITY_ALIAS,1.3542631903727214,94.39655172413794,False,23,0,15,60.0,0.0,0.21739130434782608,0.4782608695652174,0.2608695652173913,0.0,0.043478260869565216,True,ELIGIBLE
화순,전남광주통합특별시|화순군,전남광주통합특별시,municipality,UNIQUE_MUNICIPALITY_ALIAS,0.0924003696014784,24.56896551724138,True,13,1,2,60.0,0.07692307692307693,0.23076923076923078,0.46153846153846156,0.07692307692307693,0.15384615384615385,0.07692307692307693,True,ELIGIBLE
화천,강원특별자치도|화천군,강원특별자치도,municipality,UNIQUE_MUNICIPALITY_ALIAS,0.022444889779559114,2.586206896551724,False,3,0,2,60.0,0.0,0.6666666666666666,0.0,0.3333333333333333,0.0,0.0,True,ELIGIBLE
횡성,강원특별자치도|횡성군,강원특별자치도,municipality,UNIQUE_MUNICIPALITY_ALIAS,0.1571142284569138,40.08620689655172,False,3,0,0,70.0,0.0,0.0,0.3333333333333333,0.6666666666666666,0.0,0.0,True,ELIGIBLE
