fold,feature,standardized_beta
1,log_n_catalog_places,0.2870822545828295
1,log_n_lodging,0.13749526249645555
1,log_n_citytours,0.17052833075748453
1,log_median_base_minutes,-0.14137940738319904
1,share_heal,-0.06370233835670874
1,share_activity,-0.010125077685439443
1,share_food,0.1177268643563602
1,share_sea,-0.23870537085024654
1,unesco_mark_rate,-0.07623192757511627
2,log_n_catalog_places,0.5034701049947161
2,log_n_lodging,-0.0783926305760153
2,log_n_citytours,0.12747599871368617
2,log_median_base_minutes,-0.18966987676656605
2,share_heal,-0.08485705918431288
2,share_activity,0.1406627683401439
2,share_food,0.05066776258139061
2,share_sea,-0.3038183391602315
2,unesco_mark_rate,-0.10485012275120037
3,log_n_catalog_places,0.47455902882784456
3,log_n_lodging,-0.06498427593897262
3,log_n_citytours,0.0535108267680454
3,log_median_base_minutes,-0.2466187614073001
3,share_heal,-0.014004705414660226
3,share_activity,0.21265242331939802
3,share_food,0.1367902846279194
3,share_sea,-0.26026224603015424
3,unesco_mark_rate,-0.0631496286928316
4,log_n_catalog_places,0.4920250926612538
4,log_n_lodging,-0.1821976023946341
4,log_n_citytours,0.19930269270354997
4,log_median_base_minutes,-0.10559520457939316
4,share_heal,-0.05363168604976453
4,share_activity,0.07491853123979642
4,share_food,0.15230605753533283
4,share_sea,-0.19507968226329342
4,unesco_mark_rate,-0.04386278209563557
5,log_n_catalog_places,0.45841508004482406
5,log_n_lodging,-0.0937440919558422
5,log_n_citytours,0.10559157053459395
5,log_median_base_minutes,-0.16770714265643688
5,share_heal,-0.09168043656617662
5,share_activity,0.09382873843551338
5,share_food,0.1103643388522126
5,share_sea,-0.21673572106518849
5,unesco_mark_rate,-0.09149176875468613
