model,k,cosine_silhouette_mean,cosine_silhouette_sd,euclidean_silhouette_mean,seed_ari_min,min_cluster_share,mean_assigned_cosine,rejected_starts,passes_gates
pca_euclidean_control,2,0.34550773621279224,0.0,0.2197511723936454,1.0,0.36324786324786323,,0,True
spherical_cosine,2,0.3514235172738395,7.760911586213855e-05,0.21725738026147692,0.965888957471773,0.38461538461538464,0.7833203088583612,0,True
pca_euclidean_control,3,0.336290349389977,5.6787685624067256e-05,0.20622666347629234,0.8461834565197698,0.28205128205128205,,0,True
spherical_cosine,3,0.34405593524882416,0.0,0.20585275475487533,1.0,0.3034188034188034,0.8217297058663537,0,True
pca_euclidean_control,4,0.3665173129862476,0.007970485054242573,0.22841579594381545,0.5917083694542266,0.05982905982905983,,0,False
spherical_cosine,4,0.3635857193060541,0.0011539043031159968,0.21593246788364087,0.8342576513252841,0.2094017094017094,0.8461990447276467,0,True
pca_euclidean_control,5,0.366512932371438,0.0018318836198687352,0.2341876909769238,0.8764664074183457,0.05982905982905983,,0,True
spherical_cosine,5,0.37536361366237686,0.0012185485132666593,0.2012581327498313,0.9176308574069808,0.1282051282051282,0.8657721246163876,0,True
pca_euclidean_control,6,0.3983627048623011,0.015867645551082152,0.24391807009287028,0.648353799540623,0.04700854700854701,,0,False
spherical_cosine,6,0.4249728191972766,0.0017274909708058332,0.23543153139957373,0.7517958936115297,0.05982905982905983,0.8833131921395748,0,False
pca_euclidean_control,7,0.3955129896406961,0.0032362707073020154,0.2467607381848577,0.807012254932631,0.04700854700854701,,0,True
spherical_cosine,7,0.4496530610466081,0.00032630619401742555,0.2415010410465547,0.8941478552458773,0.05982905982905983,0.8977440616999764,0,True
pca_euclidean_control,8,0.37723773797615706,0.0030581276155691134,0.23593118080138523,0.8846793448096839,0.05128205128205128,,0,True
spherical_cosine,8,0.4074242174513058,0.007059896950610411,0.2175169200633215,0.476022303206105,0.05982905982905983,0.9059652599619851,0,False
pca_euclidean_control,9,0.3637120718312307,0.010722021710508258,0.23485473742766624,0.7302049655209796,0.042735042735042736,,0,False
spherical_cosine,9,0.4010983623002758,0.008340393794879629,0.22199612480877484,0.710898340656901,0.05982905982905983,0.9127305580955918,0,False
pca_euclidean_control,10,0.3527227064910776,0.010598906374569799,0.23656002910621224,0.7179878813973264,0.04700854700854701,,0,False
spherical_cosine,10,0.40305477577676657,0.009564513059091853,0.21708410025748334,0.6283820411061292,0.038461538461538464,0.9184132715675202,0,False
