course_id,G01,G02,G03,G04,G05,G06,G07,G08,G09,G10,Unknown_or_unlinked
ct_00435b9cca499b,0.0,0.0,0.2,0.0,0.0,0.0,0.0,0.0,0.2,0.0,0.6
ct_008becedc70ab4,0.3333333333333333,0.0,0.0,0.0,0.0,0.0,0.0,0.0,0.0,0.0,0.6666666666666667
ct_02181b9e7a671f,0.3333333333333333,0.0,0.0,0.0,0.0,0.0,0.0,0.0,0.0,0.0,0.6666666666666667
ct_02725290337c6e,0.0,0.0,0.0,0.0,0.25,0.0,0.0,0.0,0.0,0.0,0.75
ct_03101958100a14,0.0,0.0,0.0,0.0,0.06666666666666667,0.0,0.2,0.0,0.0,0.2,0.5333333333333333
ct_0647088739be8e,0.0,0.0,0.0,0.0,0.4,0.0,0.4,0.0,0.0,0.0,0.19999999999999996
ct_084dcff739bc51,0.0,0.0,0.0,0.08333333333333333,0.08333333333333333,0.0,0.0,0.0,0.25,0.3333333333333333,0.25
ct_0946c67481033f,0.0,0.0,0.0,0.3333333333333333,0.0,0.3333333333333333,0.0,0.0,0.0,0.0,0.33333333333333337
ct_0ab41b7160d0e2,0.0,0.0,0.0,0.25,0.25,0.0,0.0,0.0,0.0,0.0,0.5
ct_0af000fbdb8ad6,0.0,0.0,0.14285714285714285,0.0,0.14285714285714285,0.14285714285714285,0.14285714285714285,0.0,0.0,0.0,0.4285714285714286
ct_0b7a755a267601,0.0,0.0,0.0,0.0,0.0,0.0,0.5,0.0,0.25,0.0,0.25
ct_0d87fb5d8ec759,0.0,0.0,0.0,0.0,0.0,0.0,0.3333333333333333,0.0,0.0,0.0,0.6666666666666667
ct_0d96bb8740671d,0.0,0.0,0.0,0.0,0.0,0.0,0.3333333333333333,0.0,0.0,0.0,0.6666666666666667
ct_0e4d7f0c7de8e2,0.0,0.0,0.0,0.0,0.0,0.0,0.4,0.0,0.0,0.4,0.19999999999999996
ct_0ebeda6387230e,0.6,0.0,0.0,0.0,0.4,0.0,0.0,0.0,0.0,0.0,0.0
ct_0ed3eb88438a1d,0.0,0.0,0.0,0.0,0.0,0.0,0.25,0.0,0.0,0.0,0.75
ct_0f4dbe3b938a90,0.0,0.14285714285714285,0.0,0.0,0.14285714285714285,0.0,0.0,0.0,0.14285714285714285,0.0,0.5714285714285714
ct_104171b078b959,0.0,0.0,0.0,0.0,0.0,0.0,0.0,0.0,0.0,0.75,0.25
ct_14b70a907c3324,0.3333333333333333,0.0,0.0,0.0,0.0,0.0,0.3333333333333333,0.0,0.0,0.0,0.33333333333333337
ct_15ca3909485d66,0.0,0.0,0.14285714285714285,0.0,0.2857142857142857,0.14285714285714285,0.0,0.0,0.0,0.0,0.4285714285714286
ct_166c38f36d6640,0.0,0.0,0.0,0.0,0.0,0.0,0.0,0.0,0.0,0.25,0.75
ct_17e0dd4d30822e,0.0,0.0,0.0,0.2,0.0,0.0,0.2,0.0,0.0,0.4,0.19999999999999996
ct_1845f5c9950df4,0.0,0.0,0.2,0.0,0.0,0.0,0.2,0.0,0.0,0.0,0.6
ct_18f8d2d6e6ecbb,0.0,0.0,0.0,0.0,0.25,0.0,0.25,0.0,0.0,0.0,0.5
ct_1a59c2f3801f38,0.0,0.0,0.0,0.0,0.0,0.0,0.0,0.0,0.0,0.3333333333333333,0.6666666666666667
ct_1b0e0fd1157aaa,0.0,0.0,0.0,0.0,0.0,0.0,0.0,0.0,0.0,0.3333333333333333,0.6666666666666667
ct_1c691124e74222,0.0,0.0,0.0,0.0,0.0,0.0,0.0,0.0,0.0,0.5,0.5
ct_1c94bb0caf5c4f,0.0,0.0,0.0,0.0,0.2,0.0,0.0,0.0,0.0,0.4,0.3999999999999999
ct_1d32ffebd246d5,0.0,0.0,0.3333333333333333,0.0,0.0,0.0,0.0,0.0,0.3333333333333333,0.0,0.33333333333333337
ct_1d6ad4598dff93,0.0,0.0,0.0,0.0,0.0,0.0,0.25,0.0,0.0,0.0,0.75
ct_1d8d8a70616c41,0.0,0.0,0.0,0.0,0.3333333333333333,0.16666666666666666,0.16666666666666666,0.0,0.0,0.3333333333333333,0.0
ct_1dab0b645e521d,0.0,0.0,0.0,0.0,0.0,0.0,0.0,0.0,0.0,0.16666666666666666,0.8333333333333334
ct_1def3d2a58e430,0.0,0.09090909090909091,0.0,0.0,0.09090909090909091,0.0,0.2727272727272727,0.0,0.0,0.18181818181818182,0.36363636363636365
ct_20eb1ae44f44d4,0.0,0.0,0.0,0.0,0.2,0.0,0.0,0.0,0.0,0.2,0.6
ct_2390c56fce5420,0.0,0.0,0.0,0.0,0.0,0.2222222222222222,0.0,0.0,0.1111111111111111,0.0,0.6666666666666667
ct_23c35eeaf17398,0.0,0.0,0.0,0.0,0.0,0.0,0.0,0.0,0.0,0.125,0.875
ct_2528f0bf880396,0.0,0.0,0.0,0.0,0.25,0.0,0.0,0.0,0.0,0.0,0.75
ct_2749460936eb31,0.0,0.0,0.0,0.0,0.3333333333333333,0.0,0.0,0.0,0.0,0.6666666666666666,0.0
ct_2827a8d7943bdf,0.0,0.0,0.0,0.0,0.2,0.0,0.2,0.0,0.0,0.0,0.6
ct_2be78db2f756ab,0.0,0.16666666666666666,0.0,0.0,0.0,0.0,0.0,0.0,0.0,0.16666666666666666,0.6666666666666667
ct_2c0d1fe873d818,0.0,0.0,0.0,0.0,0.0,0.0,0.0,0.0,0.0,0.3333333333333333,0.6666666666666667
ct_2c5b83ca1acb5c,0.0,0.0,0.0,0.0,0.25,0.0,0.25,0.0,0.0,0.125,0.375
ct_2cc8b9554c96b1,0.0,0.0,0.0,0.0,0.0,0.0,0.0,0.0,0.0,0.25,0.75
ct_2d10b95a5e902e,0.0,0.0,0.0,0.0,0.0,0.0,0.16666666666666666,0.0,0.0,0.0,0.8333333333333334
ct_2d7ad6be7d0219,0.0,0.0,0.0,0.0,0.0,0.0,0.0,0.0,0.0,0.375,0.625
ct_2f8d9c4d57db08,0.14285714285714285,0.0,0.0,0.0,0.14285714285714285,0.0,0.14285714285714285,0.0,0.0,0.0,0.5714285714285714
ct_330d0bc9cd3d05,0.2,0.0,0.0,0.0,0.0,0.0,0.2,0.0,0.0,0.2,0.3999999999999999
ct_343d3a1d62c8a5,0.0,0.0,0.0,0.3333333333333333,0.0,0.0,0.0,0.0,0.0,0.0,0.6666666666666667
ct_36b90ac2b7ebec,0.0,0.0,0.0,0.0,0.16666666666666666,0.0,0.3333333333333333,0.0,0.0,0.0,0.5
ct_36cdd5661df6fd,0.0,0.0,0.0,0.0,0.0,0.0,0.25,0.0,0.0,0.0,0.75
ct_370b108b4609ce,0.0,0.0,1.0,0.0,0.0,0.0,0.0,0.0,0.0,0.0,0.0
ct_37faafbf7ac90b,0.0,0.0,0.0,0.0,0.0,0.0,0.2,0.0,0.0,0.2,0.6
ct_38e990a88a3094,0.0,0.0,0.0,0.0,0.0,0.0,0.0,0.0,0.0,0.75,0.25
ct_3aa92169f5cb7c,0.2,0.0,0.0,0.2,0.0,0.0,0.2,0.0,0.0,0.2,0.19999999999999996
ct_3dd54d8970e115,0.0,0.0,0.0,0.0,0.2,0.0,0.2,0.0,0.0,0.0,0.6
ct_3e1bfccd397508,0.0,0.0,0.3333333333333333,0.0,0.0,0.0,0.3333333333333333,0.0,0.0,0.0,0.33333333333333337
ct_3ed5105d35b251,0.0,0.0,0.0,0.0,0.0,0.0,0.0,0.0,0.0,0.4,0.6
ct_40252d247000a5,0.0,0.0,0.0,0.0,0.0,0.0,0.4,0.0,0.0,0.2,0.3999999999999999
ct_4212deac479d6b,0.0,0.0,0.0,0.0,0.0,0.0,0.0,0.0,0.0,0.6666666666666666,0.33333333333333337
ct_424fda831e8a80,0.0,0.0,0.16666666666666666,0.0,0.16666666666666666,0.0,0.0,0.0,0.0,0.16666666666666666,0.5
ct_4309f65e431d83,0.0,0.0,0.0,0.0,0.0,0.0,0.25,0.0,0.25,0.0,0.5
ct_452018aaa6c847,0.0,0.0,0.0,0.0,0.0,0.25,0.0,0.0,0.0,0.25,0.5
ct_45e65111200294,0.0,0.0,0.0,0.0,0.0,0.0,0.16666666666666666,0.0,0.0,0.0,0.8333333333333334
ct_4b24fed6566e54,0.0,0.0,0.0,0.0,0.0,0.0,0.5,0.0,0.0,0.5,0.0
ct_4ba7f5cc1ffeda,0.0,0.0,0.0,0.0,0.2,0.0,0.0,0.0,0.0,0.4,0.3999999999999999
ct_4be058672a95ae,0.14285714285714285,0.0,0.0,0.0,0.14285714285714285,0.0,0.2857142857142857,0.0,0.0,0.0,0.4285714285714286
ct_4e0d701d9aadd5,0.0,0.0,0.25,0.25,0.0,0.25,0.25,0.0,0.0,0.0,0.0
ct_4e89a607500203,0.0,0.25,0.0,0.0,0.0,0.0,0.25,0.0,0.0,0.0,0.5
ct_506425657ddce1,0.0,0.0,0.0,0.16666666666666666,0.0,0.0,0.0,0.0,0.0,0.0,0.8333333333333334
ct_507ac7569b1306,0.0,0.0,0.16666666666666666,0.0,0.3333333333333333,0.16666666666666666,0.16666666666666666,0.0,0.0,0.0,0.16666666666666674
ct_5082aae98cb9d3,0.5,0.0,0.0,0.0,0.0,0.0,0.0,0.0,0.0,0.0,0.5
ct_516add9e1cef4a,0.0,0.0,0.3333333333333333,0.0,0.0,0.0,0.0,0.0,0.0,0.0,0.6666666666666667
ct_52fe5a29aee3e7,0.0,0.0,0.0,0.0,0.0,0.0,0.3333333333333333,0.0,0.0,0.3333333333333333,0.33333333333333337
ct_53a12bc8caced9,0.0,0.0,0.0,0.0,0.0,0.0,0.0,0.0,0.0,0.2,0.8
ct_55438211f07ef0,0.0,0.0,0.0,0.0,0.2,0.0,0.0,0.0,0.0,0.0,0.8
ct_566165b1b827e0,0.0,0.0,0.0,0.0,0.0,0.0,0.3333333333333333,0.0,0.0,0.3333333333333333,0.33333333333333337
ct_5728bf247a42c1,0.0,0.0,0.0,0.0,0.25,0.0,0.25,0.0,0.0,0.0,0.5
ct_572b4d8191127a,0.0,0.0,0.0,0.0,0.0,0.0,0.0,0.0,0.0,0.25,0.75
ct_596ccaeb2861f9,0.0,0.16666666666666666,0.0,0.0,0.0,0.0,0.3333333333333333,0.0,0.0,0.16666666666666666,0.33333333333333337
ct_5997fa12423936,0.0,0.0,0.0,0.0,0.0,0.3333333333333333,0.3333333333333333,0.0,0.0,0.0,0.33333333333333337
ct_5c692156a089c1,0.0,0.0,0.0,0.0,0.0,0.3333333333333333,0.0,0.0,0.0,0.0,0.6666666666666667
ct_5e83dbf18d6227,0.0,0.25,0.0,0.0,0.0,0.0,0.0,0.0,0.0,0.0,0.75
ct_61845aa89a1c1a,0.0,0.0,0.0,0.0,0.0,0.0,0.0,0.0,0.0,0.18181818181818182,0.8181818181818181
ct_618497cad743bc,0.25,0.0,0.0,0.0,0.0,0.0,0.25,0.0,0.0,0.25,0.25
ct_62ce3cfd4b2223,0.0,0.0,0.0,0.0,0.0,0.0,0.0,0.0,0.0,0.3333333333333333,0.6666666666666667
ct_62dfed5cce4635,0.0,0.0,0.0,0.0,0.0,0.0,0.3333333333333333,0.0,0.0,0.3333333333333333,0.33333333333333337
ct_636360ac200b66,0.0,0.0,0.0,0.0,0.0,0.0,0.0,0.0,0.0,0.2,0.8
ct_64b3f2e630ba51,0.0,0.0,0.0,0.0,0.0,0.0,0.0,0.0,0.16666666666666666,0.16666666666666666,0.6666666666666667
ct_661e12e8488117,0.0,0.0,0.0,0.0,0.0,0.5,0.0,0.0,0.0,0.0,0.5
ct_68d8eff6357673,0.0,0.0,0.0,0.0,0.25,0.0,0.25,0.0,0.0,0.0,0.5
ct_68e342ed3c052f,0.0,0.0,0.2,0.0,0.0,0.0,0.0,0.0,0.0,0.0,0.8
ct_69c07f148cbc8b,0.0,0.0,0.0,0.0,0.0,0.0,0.25,0.0,0.0,0.0,0.75
ct_6b11aef24a24ef,0.0,0.0,0.0,0.0,0.0,0.6666666666666666,0.0,0.0,0.0,0.3333333333333333,0.0
ct_6be92119035c7f,0.0,0.0,0.0,0.0,0.0,0.0,0.14285714285714285,0.0,0.0,0.2857142857142857,0.5714285714285714
ct_6beed8d2daa9dc,0.0,0.0,0.0,0.2,0.0,0.0,0.2,0.0,0.0,0.0,0.6
ct_6bfb1cb10f19bb,0.0,0.0,0.0,0.0,0.0,0.0,0.0,0.0,0.0,0.6666666666666666,0.33333333333333337
ct_6c466761af057c,0.0,0.0,0.0,0.0,0.0,0.0,0.0,0.0,0.0,0.25,0.75
ct_6c4aceb7545355,0.0,0.0,0.0,0.0,0.15384615384615385,0.0,0.23076923076923078,0.0,0.0,0.07692307692307693,0.5384615384615384
ct_6df930eb64d3ad,0.0,0.0,0.0,0.16666666666666666,0.0,0.16666666666666666,0.3333333333333333,0.0,0.0,0.0,0.33333333333333337
ct_6e5834d70408a0,0.0,0.0,0.0,0.0,0.0,0.0,0.14285714285714285,0.0,0.0,0.25,0.6071428571428572
ct_6e6a0f2ecaee7f,0.0,0.0,0.0,0.0,0.0,0.0,0.0,0.0,0.0,0.3333333333333333,0.6666666666666667
ct_6ec0ad7a54e92d,0.0,0.0,0.1111111111111111,0.0,0.3333333333333333,0.1111111111111111,0.1111111111111111,0.0,0.0,0.1111111111111111,0.2222222222222221
ct_6f6ed56249f477,0.0,0.0,0.0,0.0,0.0,0.0,0.25,0.0,0.0,0.0,0.75
ct_72a42eb150b5d4,0.0,0.0,0.0,0.0,0.25,0.0,0.25,0.0,0.0,0.125,0.375
ct_7350d2221bf4e5,0.0,0.0,0.0,0.0,0.0,0.0,0.0,0.0,0.0,0.2,0.8
ct_73908901775f5c,0.0,0.0,0.0,0.0,0.0,0.0,0.0,0.0,0.0,0.6666666666666666,0.33333333333333337
ct_74128602fb5dca,0.0,0.0,0.0,0.0,0.0,0.25,0.25,0.0,0.0,0.0,0.5
ct_75d07d35d33328,0.0,0.0,0.0,0.0,0.10526315789473684,0.0,0.0,0.0,0.0,0.10526315789473684,0.7894736842105263
ct_77585e7300bc39,0.0,0.0,0.0,0.0,0.3333333333333333,0.3333333333333333,0.0,0.0,0.0,0.0,0.33333333333333337
ct_7799bf62ca5138,0.0,0.0,0.0,0.0,0.0,0.25,0.0,0.0,0.0,0.0,0.75
ct_79a18eaed83932,0.0,0.0,0.0,0.0,0.0,0.0,0.25,0.0,0.25,0.25,0.25
ct_7c8399d1ee9697,0.0,0.0,0.0,0.0,0.0,0.0,0.0,0.0,0.0,0.25,0.75
ct_7cdced2e0d065a,0.0,0.0,0.0,0.0,0.0,0.0,0.125,0.0,0.125,0.0,0.75
ct_7dba0d730780c9,0.0,0.0,0.16666666666666666,0.0,0.16666666666666666,0.16666666666666666,0.3333333333333333,0.0,0.0,0.0,0.16666666666666674
ct_809907e22355c9,0.0,0.0,0.0,0.0,0.0,0.0,0.5,0.0,0.0,0.25,0.25
ct_8163a6f43e6f4a,0.0,0.0,0.0,0.0,0.6666666666666666,0.0,0.3333333333333333,0.0,0.0,0.0,0.0
ct_8171ca90d9fa99,0.0,0.0,0.0,0.0,0.0,0.0,0.0,0.0,0.25,0.0,0.75
ct_820bca31911e89,0.0,0.0,0.0,0.2,0.0,0.0,0.0,0.0,0.0,0.0,0.8
ct_824d1bcb38ec4b,0.2,0.0,0.0,0.0,0.0,0.0,0.2,0.0,0.0,0.0,0.6
ct_82e2c317c54d7e,0.0,0.0,0.0,0.0,0.0,0.0,0.0,0.0,0.0,0.3333333333333333,0.6666666666666667
ct_82edd01ea220e6,0.0,0.0,0.0,0.0,0.0,0.0,0.6,0.0,0.0,0.0,0.4
ct_83465bf3a690f2,0.2857142857142857,0.0,0.0,0.0,0.0,0.0,0.2857142857142857,0.0,0.0,0.0,0.4285714285714286
ct_83afdb6c6bad30,0.2,0.0,0.0,0.0,0.0,0.0,0.4,0.0,0.0,0.2,0.19999999999999996
ct_84ffabae716404,0.0,0.0,0.25,0.0,0.25,0.0,0.0,0.0,0.0,0.0,0.5
ct_86dc46ed127655,0.0,0.0,0.2,0.0,0.4,0.2,0.0,0.0,0.0,0.2,0.0
ct_8b988867d0e267,0.0,0.0,0.0,0.0,0.25,0.0,0.5,0.0,0.0,0.0,0.25
ct_8de53de429d379,0.0,0.25,0.5,0.0,0.0,0.0,0.0,0.0,0.0,0.0,0.25
ct_941018a965809c,0.0,0.0,0.25,0.0,0.0,0.0,0.0,0.0,0.0,0.0,0.75
ct_94cebe436c068a,0.2,0.0,0.0,0.0,0.0,0.0,0.2,0.0,0.0,0.2,0.3999999999999999
ct_956d44d9a821ed,0.0,0.0,0.0,0.0,0.25,0.0,0.25,0.0,0.0,0.25,0.25
ct_98323d74dbd87a,0.0,0.0,0.0,0.0,0.0,0.0,0.25,0.0,0.0625,0.0625,0.625
ct_9845cf0683e6c7,0.0,0.0,0.0,0.0,0.0,0.0,0.0,0.0,0.0,0.25,0.75
ct_9857f916bfa916,0.0,0.0,0.14285714285714285,0.07142857142857142,0.21428571428571427,0.07142857142857142,0.2857142857142857,0.0,0.0,0.07142857142857142,0.1428571428571429
ct_987d7b91b042a8,0.125,0.0,0.0,0.0,0.0,0.125,0.125,0.0,0.0,0.125,0.5
ct_9f8a8ca65b1ebb,0.0,0.0,0.0,0.0,0.0,0.0,0.0,0.0,0.0,0.6666666666666666,0.33333333333333337
ct_a0af2538872792,0.0,0.0,0.16666666666666666,0.0,0.3333333333333333,0.16666666666666666,0.0,0.0,0.0,0.0,0.33333333333333337
ct_a11be8ffeee88a,0.0,0.0,0.0,0.0,0.2,0.0,0.4,0.0,0.0,0.0,0.3999999999999999
ct_a1bc285f9c2881,0.0,0.2,0.0,0.0,0.0,0.0,0.0,0.0,0.2,0.2,0.3999999999999999
ct_a33d720535a1e1,0.0,0.0,0.0,0.0,0.0,0.0,0.3333333333333333,0.0,0.0,0.6666666666666666,0.0
ct_a3932d2baa3d16,0.0,0.0,0.0,0.0,0.0,0.0,0.2,0.0,0.0,0.0,0.8
ct_a70933018dfe45,0.0,0.0,0.0,0.0,0.0,0.0,0.0,0.0,0.42857142857142855,0.2857142857142857,0.2857142857142858
ct_a726fc60353090,0.0,0.0,0.16666666666666666,0.0,0.3333333333333333,0.0,0.0,0.0,0.0,0.3333333333333333,0.16666666666666674
ct_a7d1b6cc26e056,0.7142857142857143,0.0,0.0,0.0,0.0,0.0,0.0,0.0,0.0,0.0,0.2857142857142857
ct_a7f13a177e5633,0.0,0.0,0.0,0.0,0.125,0.0,0.25,0.0,0.0,0.0,0.625
ct_a8109db7ba07e7,0.0,0.0,0.0,0.0,0.0,0.0,0.16666666666666666,0.0,0.16666666666666666,0.16666666666666666,0.5
ct_a8a8ecfbd0eefc,0.0,0.0,0.0,0.0,0.0,0.0,0.0,0.0,0.0,0.2,0.8
ct_a8b35f46bb8621,0.0,0.0,0.0,0.2,0.0,0.0,0.2,0.0,0.0,0.0,0.6
ct_a8b6f564bf7384,0.0,0.0,0.3333333333333333,0.0,0.0,0.0,0.3333333333333333,0.0,0.0,0.0,0.33333333333333337
ct_a98893fa363590,0.0,0.0,0.0,0.0,0.0,0.0,0.3333333333333333,0.0,0.0,0.0,0.6666666666666667
ct_aa2937d4d2a2d0,0.0,0.0,0.0,0.0,0.2,0.1,0.0,0.0,0.0,0.1,0.6
ct_aa87321b8b5003,0.1,0.0,0.1,0.0,0.1,0.0,0.2,0.0,0.0,0.1,0.4
ct_ab2a31c9b0dd1c,0.0,0.0,0.0,0.0,0.0,0.0,0.25,0.0,0.0,0.0,0.75
ct_abd1e371e69550,0.25,0.0,0.25,0.0,0.0,0.25,0.0,0.0,0.0,0.0,0.25
ct_ac7ca37140e6b6,0.2,0.0,0.0,0.0,0.0,0.0,0.0,0.0,0.0,0.0,0.8
ct_b2af495e1760b5,0.75,0.0,0.0,0.0,0.0,0.0,0.0,0.0,0.0,0.0,0.25
ct_b3b0773f44a533,0.0,0.0,0.0,0.0,0.6666666666666666,0.0,0.0,0.0,0.0,0.0,0.33333333333333337
ct_b53b246e98a9cd,0.0,0.0,0.0,0.0,0.0,0.0,0.3333333333333333,0.0,0.0,0.0,0.6666666666666667
ct_b6060e0e38a765,0.5714285714285714,0.0,0.0,0.0,0.0,0.0,0.0,0.0,0.0,0.0,0.4285714285714286
ct_b75e8d4cf1e318,0.0,0.0,0.0,0.3333333333333333,0.0,0.0,0.3333333333333333,0.0,0.0,0.0,0.33333333333333337
ct_b8b6f8a37ebdf8,0.2,0.0,0.0,0.0,0.0,0.0,0.0,0.0,0.0,0.0,0.8
ct_b96c711c2cd94d,0.0,0.0,0.2,0.0,0.0,0.0,0.2,0.0,0.0,0.4,0.19999999999999996
ct_ba06e511559567,0.0,0.0,0.0,0.0,0.0,0.0,0.0,0.0,0.3333333333333333,0.0,0.6666666666666667
ct_ba3c89379bf8c1,0.0,0.0,0.0,0.0,0.14285714285714285,0.0,0.14285714285714285,0.0,0.0,0.14285714285714285,0.5714285714285714
ct_ba6ef7945423e1,0.0,0.0,0.0,0.0,0.0,0.0,0.0,0.0,0.0,0.6666666666666666,0.33333333333333337
ct_bd00bd65a80b11,0.0,0.0,0.0,0.0,0.0,0.0,0.4,0.0,0.0,0.0,0.6
ct_bd2de54ec11e6b,0.0,0.0,0.0,0.0,0.25,0.0,0.25,0.0,0.0,0.0,0.5
ct_bdc4b066f6280d,0.0,0.0,0.0,0.0,0.0,0.0,0.0,0.0,0.0,0.3333333333333333,0.6666666666666667
ct_bdf659310ea2d8,0.16666666666666666,0.0,0.0,0.0,0.0,0.0,0.0,0.0,0.0,0.0,0.8333333333333334
ct_c343406b7388f2,0.5,0.0,0.0,0.0,0.0,0.0,0.0,0.0,0.0,0.0,0.5
ct_c3ec7bb154c2c1,0.0,0.0,0.0,0.0,0.0,0.3333333333333333,0.0,0.0,0.0,0.0,0.6666666666666667
ct_c53b5abd9a30ab,0.0,0.0,0.0,0.0,0.14285714285714285,0.14285714285714285,0.14285714285714285,0.14285714285714285,0.0,0.0,0.4285714285714286
ct_c543fc703f1159,0.0,0.0,0.0,0.0,0.0,0.0,0.0,0.0,0.0,0.3333333333333333,0.6666666666666667
ct_c59f7d050e72e0,0.0,0.0,0.0,0.0,0.0,0.0,0.0,0.0,0.0,0.5,0.5
ct_c68da356b898d6,0.16666666666666666,0.0,0.0,0.0,0.0,0.0,0.0,0.0,0.0,0.0,0.8333333333333334
ct_c722d90ff66eb2,0.0,0.0,0.25,0.0,0.0,0.0,0.25,0.0,0.0,0.0,0.5
ct_c825dbc2a63555,0.0,0.0,0.0,0.0,0.3333333333333333,0.0,0.0,0.0,0.0,0.16666666666666666,0.5
ct_c83f7c6960b76b,0.2,0.0,0.1,0.0,0.0,0.1,0.1,0.0,0.0,0.1,0.4
ct_c93b13bf48e761,0.0,0.0,0.0,0.0,0.0,0.0,0.0,0.0,0.0,0.25,0.75
ct_ca13864967c1fb,0.0,0.0,0.3333333333333333,0.0,0.0,0.0,0.0,0.0,0.0,0.0,0.6666666666666667
ct_caab077d4954a7,0.0,0.0,0.0,0.0,0.0,0.0,0.0,0.0,0.3333333333333333,0.5,0.16666666666666674
ct_cba721781124d5,0.0,0.0,0.0,0.0,0.5714285714285714,0.0,0.0,0.0,0.0,0.0,0.4285714285714286
ct_ceba5f847db171,0.0,0.0,0.0,0.0,0.0,0.0,0.0,0.0,0.0,0.5,0.5
ct_cf9f8ad6cdda8f,0.0,0.0,0.0,0.0,0.0,0.0,0.3333333333333333,0.0,0.0,0.0,0.6666666666666667
ct_cfd77d72cf4c59,0.0,0.0,0.0,0.0,0.0,0.0,0.0,0.0,0.0,0.25,0.75
ct_d038c55e01951b,0.0,0.0,0.0,0.0,0.0,0.0,0.6666666666666666,0.0,0.0,0.0,0.33333333333333337
ct_d0cdc53f7d6755,0.0,0.0,0.0,0.2,0.2,0.0,0.2,0.0,0.0,0.0,0.3999999999999999
ct_d1e99a0d119f73,0.0,0.0,0.0,0.0,0.0,0.0,0.3333333333333333,0.0,0.16666666666666666,0.0,0.5
ct_d2de6dc991c57d,1.0,0.0,0.0,0.0,0.0,0.0,0.0,0.0,0.0,0.0,0.0
ct_d3a976675ffc53,0.0,0.0,0.0,0.0,0.0,0.0,0.5,0.0,0.0,0.0,0.5
ct_d3c228b00ede2b,0.0,0.0,0.0,0.0,0.6666666666666666,0.0,0.3333333333333333,0.0,0.0,0.0,0.0
ct_d756b69f16e800,0.0,0.0,0.2,0.0,0.4,0.0,0.0,0.0,0.0,0.2,0.19999999999999996
ct_d916d0f4237246,0.0,0.0,0.0,0.0,0.3333333333333333,0.0,0.0,0.0,0.0,0.0,0.6666666666666667
ct_da6b197f9d64eb,0.0,0.0,0.0,0.0,0.0,0.0,0.6,0.0,0.0,0.2,0.19999999999999996
ct_db611b0ecd14e4,0.0,0.0,0.0,0.0,0.0,0.0,0.0,0.0,0.0,0.2,0.8
ct_de90b5933f0b40,0.0,0.0,0.0,0.0,0.0,0.0,0.2,0.0,0.0,0.0,0.8
ct_dfc58b1c3324c1,0.0,0.0,0.0,0.0,0.16666666666666666,0.0,0.16666666666666666,0.16666666666666666,0.0,0.16666666666666666,0.33333333333333337
ct_e346ea988fedc3,0.0,0.16666666666666666,0.16666666666666666,0.0,0.0,0.0,0.0,0.0,0.16666666666666666,0.0,0.5
ct_e353674363d7f4,0.0,0.0,0.0,0.0,0.0,0.0,0.0,0.0,0.0,0.125,0.875
ct_e588b4efe19ef3,0.0,0.0,0.0,0.0,0.0,0.3333333333333333,0.0,0.0,0.0,0.3333333333333333,0.33333333333333337
ct_e613bd3839189c,0.0,0.0,0.0,0.0,0.0,0.0,0.0,0.0,0.0,0.2857142857142857,0.7142857142857143
ct_e99ec2b47f0201,0.0,0.0,0.0,0.0,0.25,0.0,0.0,0.0,0.0,0.0,0.75
ct_ebbc3131233e25,0.0,0.0,0.0,0.0,0.0,0.3333333333333333,0.0,0.0,0.0,0.0,0.6666666666666667
ct_ec6acb453717fd,0.0,0.0,0.0,0.0,0.0,0.0,0.3333333333333333,0.0,0.0,0.0,0.6666666666666667
ct_ec90f983bc7ed6,0.0,0.0,0.0,0.0,0.0,0.0,0.2,0.0,0.0,0.2,0.6
ct_ed3a5516a8c6ca,0.0,0.0,0.0,0.0,0.25,0.0,0.25,0.0,0.0,0.0,0.5
ct_edd6e5375f387f,0.0,0.0,0.0,0.0,0.0,0.1,0.3,0.0,0.1,0.0,0.5
ct_f0549cce13f623,0.0,0.0,0.0,0.0,0.0,0.0,1.0,0.0,0.0,0.0,0.0
ct_f1756d1e5ece58,0.0,0.0,0.0,0.0,0.0,0.0,0.2,0.0,0.0,0.0,0.8
ct_f355a62ad61675,0.0,0.0,0.0,0.2,0.0,0.0,0.0,0.0,0.0,0.0,0.8
ct_f558345dd00dbf,0.0,0.0,0.0,0.0,0.0,0.0,0.0,0.0,0.0,0.3333333333333333,0.6666666666666667
ct_f55bded1011de2,0.0,0.0,0.0,0.0,0.0,0.0,1.0,0.0,0.0,0.0,0.0
ct_f6d09076696e6d,0.25,0.0,0.0,0.0,0.0,0.0,0.25,0.0,0.0,0.0,0.5
ct_f8bd00d4bc40b3,0.0,0.0,0.0,0.0,0.0,0.5,0.0,0.0,0.0,0.0,0.5
ct_fa87b733ddf357,0.0,0.0,0.0,0.0,0.0,0.0,0.0,0.0,0.0,0.5,0.5
ct_fc9f85899d40a4,0.0,0.0,0.0,0.0,0.0,0.0,0.2,0.0,0.0,0.0,0.8
ct_fcbc8def0ff021,0.0,0.0,0.0,0.0,0.0,0.0,0.25,0.0,0.0,0.5,0.25
ct_fe508b5dbba88f,0.0,0.0,0.0,0.0,0.0,0.0,0.25,0.0,0.0,0.0,0.75
ct_ff41044d0b7080,0.4,0.2,0.0,0.0,0.0,0.0,0.0,0.0,0.0,0.0,0.3999999999999999
ct_ff41dfabaec78b,0.0,0.2,0.0,0.0,0.0,0.0,0.2,0.0,0.2,0.0,0.3999999999999999
