share_herit,share_heal,share_activity,share_food,share_sea,log_visit_count_robust,night_flag,source_index
0.4004271554927237,0.0,0.0,0.0,1.201281466478171,0.21671064827650957,0.0,0
0.8008543109854473,0.4004271554927237,0.4004271554927237,0.0,0.0,0.21671064827650957,0.0,1
0.0,0.0,0.0,0.0,1.0010678887318092,-0.6071764306383477,1.3199340565426985,2
0.5460370302173504,0.7280493736231339,0.18201234340578348,0.18201234340578348,0.18201234340578348,1.0405977271913671,0.0,3
0.20021357774636184,0.8008543109854473,0.20021357774636184,0.0,0.20021357774636184,0.9371744554376913,0.0,4
0.20021357774636184,0.6006407332390855,0.20021357774636184,0.20021357774636184,0.4004271554927237,0.9371744554376913,0.0,5
0.5005339443659046,0.0,0.0,0.5005339443659046,0.5005339443659046,0.0,1.3199340565426985,6
0.43796720132016653,0.8759344026403331,0.0,0.18770022913721424,0.12513348609147615,1.454601264903677,0.0,7
0.0,1.0010678887318092,0.5005339443659046,0.5005339443659046,0.0,0.0,1.3199340565426985,8
0.4004271554927237,1.201281466478171,0.0,0.0,0.0,0.21671064827650957,0.0,11
0.5005339443659046,0.5005339443659046,0.0,0.0,0.0,0.0,0.0,12
0.0,1.0010678887318092,0.0,0.0,0.0,0.0,0.0,13
0.14300969839025843,0.8580581903415507,0.5720387935610337,0.28601939678051685,0.0,1.3058301249087412,0.0,15
0.0,0.6673785924878727,0.6673785924878727,0.0,0.0,-0.26523239771737395,1.3199340565426985,16
1.0010678887318092,1.0010678887318092,0.0,0.0,0.0,-0.6071764306383477,0.0,17
0.8008543109854473,0.20021357774636184,0.0,0.20021357774636184,0.4004271554927237,0.21671064827650957,0.0,18
0.750800916548857,0.2502669721829523,0.5005339443659046,0.0,0.0,0.0,0.0,19
0.0,0.2502669721829523,0.0,0.5005339443659046,1.2513348609147614,0.0,1.3199340565426985,20
0.0,0.7150484919512923,0.0,0.0,0.7150484919512923,0.5586546811974833,1.3199340565426985,21
0.5005339443659046,1.2513348609147614,0.0,0.0,0.2502669721829523,0.0,1.3199340565426985,22
0.28601939678051685,0.28601939678051685,0.5720387935610337,0.0,0.28601939678051685,0.5586546811974833,0.0,23
0.4004271554927237,0.4004271554927237,0.0,0.0,0.4004271554927237,0.21671064827650957,1.3199340565426985,24
1.7161163806831015,0.0,0.0,0.0,0.0,0.5586546811974833,0.0,25
1.3347571849757454,0.0,0.0,0.0,0.0,0.39993689066419785,0.0,26
0.0,0.750800916548857,0.2502669721829523,0.0,0.5005339443659046,0.6986536942703935,0.0,27
0.8008543109854473,0.0,0.20021357774636184,0.4004271554927237,0.6006407332390855,0.21671064827650957,0.0,28
0.0,0.4004271554927237,0.0,0.4004271554927237,0.4004271554927237,0.21671064827650957,1.3199340565426985,29
0.7007475221122663,0.30032036661954276,0.6006407332390855,0.20021357774636184,0.20021357774636184,0.9371744554376913,0.0,30
0.6673785924878727,0.6673785924878727,0.6673785924878727,0.0,0.0,-0.26523239771737395,0.0,46
1.201281466478171,0.4004271554927237,0.4004271554927237,0.0,0.0,0.21671064827650957,0.0,47
0.8008543109854473,0.4004271554927237,0.8008543109854473,0.0,0.0,0.21671064827650957,0.0,48
0.6673785924878727,0.6673785924878727,0.33368929624393634,0.0,0.0,0.39993689066419785,0.0,49
0.2502669721829523,0.16684464812196817,0.4171116203049205,0.0,0.6673785924878727,0.0,0.0,50
0.33368929624393634,0.0,0.5561488270732272,0.2224595308292909,0.2224595308292909,-0.26523239771737395,0.0,51
0.0,0.8008543109854473,0.20021357774636184,0.0,1.0010678887318092,0.21671064827650957,0.0,52
0.0,0.33368929624393634,0.6673785924878727,0.0,1.0010678887318092,-0.26523239771737395,0.0,53
0.20021357774636184,0.13347571849757456,0.33368929624393634,0.0,0.9343300294830218,0.21671064827650957,1.3199340565426985,54
1.0010678887318092,0.0,0.0,0.5005339443659046,0.0,0.0,0.0,56
0.5005339443659046,0.5005339443659046,0.0,0.5005339443659046,0.0,0.0,0.0,57
0.8580581903415507,0.0,0.28601939678051685,0.0,0.0,0.5586546811974833,0.0,58
1.0010678887318092,0.0,0.33368929624393634,0.0,0.0,0.39993689066419785,0.0,59
2.0021357774636184,0.0,0.0,0.0,0.0,-0.26523239771737395,0.0,61
0.8008543109854473,0.0,0.4004271554927237,0.4004271554927237,0.0,0.21671064827650957,0.0,62
0.0,0.5005339443659046,0.5005339443659046,0.5005339443659046,0.5005339443659046,0.0,0.0,63
0.6673785924878727,0.0,0.0,0.6673785924878727,0.0,-0.26523239771737395,0.0,64
0.0,0.5005339443659046,0.0,0.5005339443659046,0.0,0.0,0.0,65
0.0,1.0010678887318092,1.0010678887318092,0.0,0.0,0.0,0.0,66
2.0021357774636184,0.0,0.0,0.0,0.0,-0.26523239771737395,0.0,67
0.4004271554927237,0.4004271554927237,0.0,0.4004271554927237,0.4004271554927237,0.21671064827650957,0.0,68
0.4004271554927237,0.4004271554927237,0.0,0.4004271554927237,0.4004271554927237,0.21671064827650957,0.0,69
0.8008543109854473,0.0,0.4004271554927237,0.0,0.0,0.21671064827650957,0.0,70
0.0,0.0,1.3347571849757454,0.6673785924878727,0.0,-0.26523239771737395,0.0,71
0.6673785924878727,0.6673785924878727,0.0,0.0,0.0,-0.26523239771737395,0.0,72
1.3347571849757454,0.6673785924878727,0.0,0.0,0.0,-0.26523239771737395,0.0,73
1.0010678887318092,0.33368929624393634,0.6673785924878727,0.0,0.0,-0.26523239771737395,0.0,74
0.4004271554927237,0.8008543109854473,0.4004271554927237,0.0,0.0,0.21671064827650957,0.0,76
0.33368929624393634,0.6673785924878727,0.33368929624393634,0.33368929624393634,0.0,0.39993689066419785,0.0,77
0.28601939678051685,0.0,1.1440775871220674,0.0,0.0,0.5586546811974833,0.0,78
0.5005339443659046,1.0010678887318092,0.0,0.5005339443659046,0.0,0.0,0.0,79
0.0,0.5005339443659046,1.0010678887318092,0.0,0.0,0.0,0.0,80
0.4004271554927237,0.8008543109854473,0.0,0.0,0.0,0.21671064827650957,0.0,81
0.0,0.0,0.6673785924878727,0.6673785924878727,0.0,-0.26523239771737395,0.0,82
0.0,0.0,1.3347571849757454,0.0,0.0,-0.26523239771737395,0.0,84
0.0,0.0,1.3347571849757454,0.0,0.0,-0.26523239771737395,0.0,85
0.0,0.4004271554927237,0.4004271554927237,0.8008543109854473,0.0,0.21671064827650957,0.0,87
0.33368929624393634,1.0010678887318092,0.6673785924878727,0.0,0.0,0.39993689066419785,0.0,89
0.4004271554927237,0.20021357774636184,1.0010678887318092,0.4004271554927237,0.0,0.21671064827650957,0.0,90
0.6673785924878727,0.0,0.6673785924878727,0.33368929624393634,0.0,0.39993689066419785,0.0,91
0.4004271554927237,0.4004271554927237,0.8008543109854473,0.4004271554927237,0.0,0.21671064827650957,0.0,92
0.0,0.0,0.33368929624393634,0.0,0.6673785924878727,0.39993689066419785,0.0,93
0.6256674304573807,0.2502669721829523,0.2502669721829523,0.3754004582744285,0.0,0.6986536942703935,0.0,94
0.0,0.5005339443659046,0.5005339443659046,0.5005339443659046,0.0,0.0,0.0,95
1.0010678887318092,0.5005339443659046,0.0,0.5005339443659046,0.0,0.0,0.0,96
0.5005339443659046,0.5005339443659046,0.5005339443659046,0.5005339443659046,0.0,0.0,0.0,97
0.0,0.6673785924878727,0.0,0.6673785924878727,0.0,-0.26523239771737395,0.0,98
0.0,0.750800916548857,0.2502669721829523,0.0,0.0,0.0,0.0,99
0.0,0.750800916548857,0.2502669721829523,0.0,0.0,0.0,0.0,100
0.0,0.4004271554927237,0.4004271554927237,0.8008543109854473,0.0,0.21671064827650957,0.0,101
1.0010678887318092,0.0,0.6673785924878727,0.33368929624393634,0.0,-0.26523239771737395,0.0,103
0.8008543109854473,0.4004271554927237,0.4004271554927237,0.0,0.0,0.21671064827650957,0.0,104
0.4004271554927237,0.8008543109854473,0.0,0.0,0.0,0.21671064827650957,1.3199340565426985,105
0.2502669721829523,1.2513348609147614,0.0,0.0,0.5005339443659046,0.0,0.0,106
0.8008543109854473,0.8008543109854473,0.0,0.4004271554927237,0.0,0.21671064827650957,0.0,107
0.8008543109854473,0.4004271554927237,0.13347571849757456,0.0,0.0,1.3825417601123406,0.0,108
0.0,0.5005339443659046,0.0,0.5005339443659046,0.5005339443659046,0.0,0.0,110
0.0,0.0,0.6673785924878727,0.6673785924878727,0.0,-0.26523239771737395,0.0,112
0.0,0.6673785924878727,0.0,0.6673785924878727,0.0,-0.26523239771737395,0.0,113
0.0,0.8008543109854473,0.8008543109854473,0.0,0.4004271554927237,0.21671064827650957,0.0,114
0.6673785924878727,0.0,0.6673785924878727,0.0,0.0,0.39993689066419785,0.0,115
0.6673785924878727,0.33368929624393634,0.33368929624393634,0.0,0.0,-0.26523239771737395,0.0,116
1.3347571849757454,0.0,0.0,0.0,0.0,-0.26523239771737395,0.0,117
0.0,0.0,1.3347571849757454,0.0,0.0,-0.26523239771737395,0.0,118
0.6673785924878727,1.3347571849757454,0.0,0.0,0.0,-0.26523239771737395,0.0,119
0.6673785924878727,1.0010678887318092,0.33368929624393634,0.0,0.0,-0.26523239771737395,0.0,120
0.0,0.6673785924878727,1.3347571849757454,0.0,0.0,-0.26523239771737395,0.0,121
0.0,0.7150484919512923,0.28601939678051685,0.0,0.7150484919512923,0.5586546811974833,0.0,123
0.4004271554927237,0.8008543109854473,0.0,0.0,0.8008543109854473,0.21671064827650957,0.0,124
1.501601833097714,0.0,0.0,0.5005339443659046,0.0,0.0,0.0,126
1.201281466478171,0.8008543109854473,0.0,0.0,0.0,0.21671064827650957,0.0,127
1.3347571849757454,0.0,0.0,0.33368929624393634,0.0,0.39993689066419785,0.0,128
0.6673785924878727,0.6673785924878727,0.0,0.6673785924878727,0.0,-0.26523239771737395,0.0,130
0.0,0.5005339443659046,0.5005339443659046,0.5005339443659046,0.0,0.0,0.0,131
0.0,0.0,0.0,0.0,1.3347571849757454,-0.26523239771737395,0.0,132
0.0,0.5005339443659046,0.5005339443659046,0.0,0.0,0.0,0.0,133
0.0,0.0,0.0,0.0,2.0021357774636184,-0.26523239771737395,0.0,134
0.33368929624393634,0.0,0.0,0.0,0.6673785924878727,0.39993689066419785,0.0,135
0.33368929624393634,0.0,0.6673785924878727,0.6673785924878727,0.0,0.39993689066419785,0.0,136
0.20021357774636184,0.0,0.4004271554927237,0.20021357774636184,0.4004271554927237,0.21671064827650957,0.0,137
0.4004271554927237,0.4004271554927237,0.4004271554927237,0.0,0.4004271554927237,0.21671064827650957,0.0,139
0.0,0.0,0.0,0.0,1.0010678887318092,-0.6071764306383477,0.0,140
0.2502669721829523,0.5005339443659046,1.0010678887318092,0.2502669721829523,0.0,0.0,0.0,142
0.0,0.5720387935610337,0.28601939678051685,0.5720387935610337,0.0,0.5586546811974833,0.0,143
1.201281466478171,0.8008543109854473,0.0,0.0,0.0,0.21671064827650957,0.0,144
0.8008543109854473,0.8008543109854473,0.0,0.0,0.0,0.21671064827650957,0.0,145
0.0,0.0,1.3347571849757454,0.0,0.0,-0.26523239771737395,0.0,146
0.0,0.6673785924878727,0.0,0.0,0.6673785924878727,-0.26523239771737395,0.0,147
0.0,0.6673785924878727,0.0,0.0,0.6673785924878727,-0.26523239771737395,0.0,148
0.0,0.0,0.8008543109854473,0.0,1.201281466478171,0.21671064827650957,0.0,149
0.0,0.0,0.0,0.5005339443659046,1.501601833097714,0.0,0.0,150
0.0,0.28601939678051685,0.0,0.28601939678051685,1.1440775871220674,0.5586546811974833,0.0,151
0.0,0.28601939678051685,0.0,0.0,1.4300969839025846,0.5586546811974833,0.0,152
0.0,0.6673785924878727,0.6673785924878727,0.0,0.0,-0.26523239771737395,0.0,153
0.2502669721829523,0.750800916548857,0.0,0.0,0.0,0.0,0.0,156
2.0021357774636184,0.0,0.0,0.0,0.0,-0.26523239771737395,0.0,158
0.0,0.6673785924878727,0.0,0.6673785924878727,0.0,-0.26523239771737395,0.0,159
0.0,0.6673785924878727,0.0,0.6673785924878727,0.0,-0.26523239771737395,0.0,160
0.6673785924878727,0.6673785924878727,0.0,0.0,0.0,-0.26523239771737395,0.0,161
0.0,0.33368929624393634,0.33368929624393634,0.6673785924878727,0.0,-0.26523239771737395,0.0,162
0.0,1.3347571849757454,0.33368929624393634,0.0,0.0,0.39993689066419785,0.0,163
0.0,1.201281466478171,0.0,0.0,0.0,0.21671064827650957,0.0,164
0.5005339443659046,0.5005339443659046,0.0,0.5005339443659046,0.5005339443659046,0.0,0.0,166
0.33368929624393634,0.6673785924878727,0.0,0.6673785924878727,0.33368929624393634,0.39993689066419785,0.0,167
0.0,1.0010678887318092,0.0,0.0,1.0010678887318092,0.0,0.0,168
0.2502669721829523,1.0010678887318092,0.750800916548857,0.0,0.0,0.6986536942703935,0.0,169
0.2502669721829523,1.0010678887318092,0.750800916548857,0.0,0.0,0.6986536942703935,0.0,170
0.33368929624393634,0.6673785924878727,0.33368929624393634,0.0,0.0,0.39993689066419785,0.0,171
0.5005339443659046,0.5005339443659046,0.5005339443659046,0.0,0.0,0.0,0.0,172
1.501601833097714,0.0,0.0,0.0,0.0,0.0,0.0,173
0.5005339443659046,0.5005339443659046,0.0,0.0,0.0,0.0,0.0,174
0.0,0.8008543109854473,0.8008543109854473,0.4004271554927237,0.0,0.21671064827650957,0.0,175
0.20021357774636184,0.7007475221122663,0.20021357774636184,0.20021357774636184,0.30032036661954276,0.9371744554376913,0.0,176
0.6673785924878727,0.6673785924878727,0.6673785924878727,0.0,0.0,0.39993689066419785,0.0,177
0.750800916548857,0.0,1.2513348609147614,0.0,0.0,0.0,0.0,178
1.6684464812196822,0.0,0.0,0.0,0.0,0.39993689066419785,0.0,179
0.5339028739902982,0.9343300294830218,0.5339028739902982,0.0,0.0,0.21671064827650957,0.0,180
1.1679125368537773,0.16684464812196817,0.5005339443659046,0.0,0.0,1.135737914532694,0.0,181
0.0,0.0,0.5005339443659046,1.0010678887318092,0.5005339443659046,0.0,0.0,182
0.4004271554927237,0.4004271554927237,0.4004271554927237,0.4004271554927237,0.4004271554927237,0.21671064827650957,0.0,183
0.4004271554927237,0.4004271554927237,0.4004271554927237,0.4004271554927237,0.4004271554927237,0.21671064827650957,0.0,184
0.33368929624393634,0.33368929624393634,0.0,0.33368929624393634,0.6673785924878727,0.39993689066419785,0.0,185
0.0,1.0010678887318092,0.6673785924878727,0.33368929624393634,0.0,0.39993689066419785,0.0,186
0.8580581903415507,0.5720387935610337,0.28601939678051685,0.0,0.0,0.5586546811974833,0.0,187
0.6673785924878727,0.6673785924878727,0.0,0.33368929624393634,0.0,0.39993689066419785,0.0,188
0.0,0.6673785924878727,0.6673785924878727,0.6673785924878727,0.0,0.39993689066419785,0.0,189
0.8580581903415507,0.8580581903415507,0.0,0.0,0.0,0.5586546811974833,0.0,190
0.0,0.4004271554927237,0.4004271554927237,0.8008543109854473,0.4004271554927237,0.21671064827650957,0.0,192
1.0010678887318092,0.33368929624393634,0.6673785924878727,0.0,0.0,-0.26523239771737395,0.0,193
0.5005339443659046,0.16684464812196817,0.33368929624393634,0.33368929624393634,0.0,0.39993689066419785,0.0,194
1.0010678887318092,0.33368929624393634,0.33368929624393634,0.0,0.0,0.39993689066419785,0.0,195
1.201281466478171,0.0,0.4004271554927237,0.0,0.0,0.21671064827650957,0.0,196
1.3347571849757454,0.6673785924878727,0.0,0.0,0.0,-0.26523239771737395,0.0,197
0.5005339443659046,0.5005339443659046,0.0,0.2502669721829523,0.2502669721829523,0.6986536942703935,0.0,199
0.5005339443659046,0.5005339443659046,0.0,0.0,0.0,-0.6071764306383477,0.0,201
1.3347571849757454,0.0,0.0,0.0,0.0,-0.26523239771737395,0.0,202
2.0021357774636184,0.0,0.0,0.0,0.0,-0.26523239771737395,0.0,203
2.0021357774636184,0.0,0.0,0.0,0.0,-0.26523239771737395,0.0,204
1.3347571849757454,0.33368929624393634,0.33368929624393634,0.0,0.0,-0.26523239771737395,0.0,205
0.0,0.5005339443659046,0.5005339443659046,0.0,0.0,0.0,0.0,206
0.0,0.5005339443659046,0.5005339443659046,0.0,0.5005339443659046,0.0,0.0,207
0.5005339443659046,0.5005339443659046,0.0,0.0,0.5005339443659046,0.0,0.0,208
0.0,0.0,1.6017086219708947,0.0,0.0,0.21671064827650957,0.0,209
0.33368929624393634,0.0,0.5839562684268885,0.08342232406098408,0.0,0.6986536942703935,0.0,210
0.0,0.6673785924878727,0.6673785924878727,0.0,0.0,-0.26523239771737395,1.3199340565426985,212
0.0,1.0010678887318092,0.0,0.0,0.0,-0.6071764306383477,0.0,213
0.0,2.0021357774636184,0.0,0.0,0.0,-0.6071764306383477,0.0,214
0.6673785924878727,0.0,0.6673785924878727,0.0,0.0,-0.26523239771737395,0.0,216
0.6673785924878727,1.3347571849757454,0.0,0.0,0.0,-0.26523239771737395,0.0,217
1.0010678887318092,0.0,0.0,0.0,0.0,-0.6071764306383477,0.0,218
0.5005339443659046,1.0010678887318092,0.5005339443659046,0.0,0.0,0.0,0.0,220
0.6673785924878727,0.6673785924878727,0.0,0.0,0.0,-0.26523239771737395,0.0,221
1.0010678887318092,0.5005339443659046,0.0,0.0,0.0,0.0,0.0,222
1.6017086219708947,0.20021357774636184,0.20021357774636184,0.0,0.0,0.21671064827650957,0.0,223
0.33368929624393634,0.6673785924878727,0.0,0.33368929624393634,0.0,0.39993689066419785,0.0,224
0.5005339443659046,1.0010678887318092,0.0,0.0,0.0,0.0,0.0,225
0.5005339443659046,0.5005339443659046,0.0,0.0,0.0,0.0,0.0,226
1.0010678887318092,0.33368929624393634,0.0,0.33368929624393634,0.0,0.39993689066419785,0.0,227
0.2502669721829523,0.750800916548857,0.2502669721829523,0.0,0.0,0.6986536942703935,0.0,229
0.28601939678051685,0.5720387935610337,0.8580581903415507,0.0,0.0,0.5586546811974833,0.0,230
0.0,0.33368929624393634,0.6673785924878727,0.6673785924878727,0.0,0.39993689066419785,0.0,232
0.28601939678051685,0.28601939678051685,0.5720387935610337,0.5720387935610337,0.0,0.5586546811974833,0.0,233
0.28601939678051685,0.28601939678051685,0.28601939678051685,0.28601939678051685,0.28601939678051685,0.5586546811974833,0.0,234
0.4550308585144587,0.5460370302173504,0.5460370302173504,0.09100617170289174,0.0,1.0405977271913671,0.0,235
1.0010678887318092,0.0,0.5005339443659046,0.5005339443659046,0.0,0.0,0.0,236
0.8008543109854473,0.4004271554927237,0.0,0.4004271554927237,0.0,0.21671064827650957,0.0,237
1.3347571849757454,0.6673785924878727,0.0,0.0,0.0,-0.26523239771737395,0.0,238
0.6673785924878727,0.0,0.6673785924878727,0.0,0.0,-0.26523239771737395,0.0,239
1.0010678887318092,0.0,0.33368929624393634,0.0,0.6673785924878727,-0.26523239771737395,0.0,240
0.6673785924878727,1.3347571849757454,0.0,0.0,0.0,-0.26523239771737395,0.0,241
0.0,1.0010678887318092,0.0,0.0,0.0,-0.6071764306383477,1.3199340565426985,242
1.0010678887318092,0.5005339443659046,0.0,0.0,0.0,0.0,0.0,243
0.0,0.6673785924878727,1.3347571849757454,0.0,0.0,-0.26523239771737395,0.0,244
0.6673785924878727,0.6673785924878727,0.0,0.0,0.0,-0.26523239771737395,0.0,245
0.0,1.0010678887318092,0.33368929624393634,0.0,0.0,-0.26523239771737395,0.0,246
0.0,1.3347571849757454,0.0,0.0,0.0,-0.26523239771737395,0.0,247
0.8008543109854473,0.20021357774636184,0.6006407332390855,0.0,0.0,0.21671064827650957,0.0,248
1.0010678887318092,0.4004271554927237,0.0,0.6006407332390855,0.0,0.21671064827650957,0.0,249
1.0010678887318092,0.0,0.5005339443659046,0.0,0.0,0.0,0.0,251
0.8008543109854473,0.0,1.201281466478171,0.0,0.0,0.21671064827650957,0.0,252
0.0,2.0021357774636184,0.0,0.0,0.0,-0.6071764306383477,0.0,253
0.5005339443659046,0.0,0.2502669721829523,0.0,0.750800916548857,0.0,0.0,255
0.33368929624393634,0.6673785924878727,0.2224595308292909,0.11122976541464545,0.0,0.8238870789148579,0.0,256
1.0010678887318092,0.33368929624393634,0.0,0.0,0.0,-0.26523239771737395,0.0,257
1.0010678887318092,0.33368929624393634,0.0,0.0,0.0,-0.26523239771737395,0.0,258
0.2224595308292909,0.4449190616585818,0.6673785924878727,0.4449190616585818,0.0,0.8238870789148579,0.0,260
1.5572167158050365,0.2224595308292909,0.2224595308292909,0.0,0.0,-0.26523239771737395,1.3199340565426985,263
1.501601833097714,0.5005339443659046,0.0,0.0,0.0,0.0,0.0,264
1.2513348609147614,0.5005339443659046,0.0,0.2502669721829523,0.0,0.0,0.0,265
1.2513348609147614,0.2502669721829523,0.0,0.0,0.0,0.6986536942703935,0.0,266
1.3347571849757454,0.0,0.6673785924878727,0.0,0.0,-0.26523239771737395,0.0,267
0.0,0.0,2.0021357774636184,0.0,0.0,-0.6071764306383477,0.0,268
0.0,1.3347571849757454,0.0,0.0,0.0,-0.26523239771737395,0.0,270
1.0010678887318092,0.0,0.0,0.5005339443659046,0.0,0.0,0.0,272
0.0,0.0,1.6684464812196822,0.0,0.33368929624393634,-0.26523239771737395,0.0,273
0.2502669721829523,0.0,1.501601833097714,0.2502669721829523,0.0,0.0,0.0,274
0.0,0.5005339443659046,0.5005339443659046,1.0010678887318092,0.0,0.0,0.0,275
0.0,0.0,2.0021357774636184,0.0,0.0,-0.26523239771737395,0.0,276
0.6673785924878727,0.0,0.0,0.6673785924878727,0.0,-0.26523239771737395,0.0,277
0.0,0.6673785924878727,0.6673785924878727,0.6673785924878727,0.0,-0.26523239771737395,0.0,278
0.6673785924878727,0.0,0.6673785924878727,0.6673785924878727,0.0,-0.26523239771737395,0.0,279
