순위,시도,시군구,성별,연령,구성비
1,인천광역시,제물포구,남성,전체,413.35
2,인천광역시,서해구,남성,전체,349.92
3,인천광역시,검단구,남성,전체,289.7
4,인천광역시,영종구,남성,전체,197.9
5,전남광주통합특별시,신안군,남성,전체,68.49
6,강원특별자치도,화천군,남성,전체,67.9
7,강원특별자치도,양구군,남성,전체,67.02
8,강원특별자치도,철원군,남성,전체,66.4
9,부산광역시,강서구,남성,전체,65.53
10,인천광역시,옹진군,남성,전체,65.29
11,충청북도,음성군,남성,전체,65.26
12,충청북도,진천군,남성,전체,64.97
13,전남광주통합특별시,영암군,남성,전체,64.79
14,충청남도,당진시,남성,전체,64.79
15,경기도,평택시,남성,전체,64.76
16,경기도,연천군,남성,전체,64.56
17,경기도,안성시,남성,전체,64.21
18,전남광주통합특별시,완도군,남성,전체,63.99
19,경기도,시흥시,남성,전체,63.35
20,전남광주통합특별시,진도군,남성,전체,63.33
21,경상북도,성주군,남성,전체,63.32
22,경기도,이천시,남성,전체,63.31
23,부산광역시,사상구,남성,전체,63.06
24,울산광역시,동구,남성,전체,63.06
25,경기도,화성시,남성,전체,63.01
26,울산광역시,울주군,남성,전체,62.81
27,경상남도,함안군,남성,전체,62.75
28,인천광역시,서해구,남성,전체,62.52
29,전남광주통합특별시,광양시,남성,전체,62.51
30,인천광역시,제물포구,남성,전체,62.47
31,충청북도,보은군,남성,전체,62.32
32,충청북도,증평군,남성,전체,62.19
33,인천광역시,검단구,남성,전체,62.18
34,경상남도,통영시,남성,전체,62.04
35,전남광주통합특별시,영광군,남성,전체,62.0
36,경상북도,구미시,남성,전체,61.96
37,부산광역시,사하구,남성,전체,61.89
38,경상북도,고령군,남성,전체,61.86
39,부산광역시,영도구,남성,전체,61.84
40,전북특별자치도,군산시,남성,전체,61.8
41,경상남도,김해시,남성,전체,61.79
42,경상남도,창녕군,남성,전체,61.79
43,경기도,포천시,남성,전체,61.78
44,경상북도,상주시,남성,전체,61.75
45,충청남도,논산시,남성,전체,61.7
46,충청남도,아산시,남성,전체,61.63
47,전남광주통합특별시,장성군,남성,전체,61.54
48,전남광주통합특별시,해남군,남성,전체,61.35
49,인천광역시,서해구,남성,전체,61.35
50,인천광역시,제물포구,남성,전체,61.32
51,경기도,양주시,남성,전체,61.3
52,경기도,김포시,남성,전체,61.2
53,인천광역시,검단구,남성,전체,61.12
54,충청북도,괴산군,남성,전체,61.08
55,경상남도,거제시,남성,전체,61.08
56,전남광주통합특별시,여수시,남성,전체,61.04
57,경상북도,칠곡군,남성,전체,61.02
58,충청남도,서산시,남성,전체,60.99
59,충청남도,계룡시,남성,전체,60.97
60,충청남도,보령시,남성,전체,60.96
61,경상남도,고성군,남성,전체,60.85
62,경상남도,사천시,남성,전체,60.83
63,전남광주통합특별시,고흥군,남성,전체,60.72
64,전남광주통합특별시,함평군,남성,전체,60.71
65,충청북도,충주시,남성,전체,60.71
66,강원특별자치도,정선군,남성,전체,60.65
67,전남광주통합특별시,광산구,남성,전체,60.62
68,강원특별자치도,태백시,남성,전체,60.61
69,충청남도,서천군,남성,전체,60.58
70,부산광역시,남구,남성,전체,60.57
71,대구광역시,달성군,남성,전체,60.4
72,울산광역시,북구,남성,전체,60.33
73,대전광역시,대덕구,남성,전체,60.32
74,전북특별자치도,김제시,남성,전체,60.32
75,경기도,오산시,남성,전체,60.3
76,전북특별자치도,완주군,남성,전체,60.25
77,인천광역시,계양구,남성,전체,60.15
78,경기도,안산시,남성,전체,60.11
79,경기도,광주시,남성,전체,60.08
80,전남광주통합특별시,나주시,남성,전체,60.04
81,전북특별자치도,익산시,남성,전체,60.04
82,경기도,파주시,남성,전체,60.01
83,경상북도,영천시,남성,전체,60.01
84,경상북도,울진군,남성,전체,59.94
85,충청남도,태안군,남성,전체,59.91
86,경상북도,김천시,남성,전체,59.79
87,인천광역시,남동구,남성,전체,59.76
88,경기도,여주시,남성,전체,59.75
89,경상북도,문경시,남성,전체,59.66
90,경상남도,양산시,남성,전체,59.66
91,경기도,의왕시,남성,전체,59.65
92,강원특별자치도,인제군,남성,전체,59.62
93,부산광역시,북구,남성,전체,59.48
94,경상북도,예천군,남성,전체,59.48
95,경상남도,의령군,남성,전체,59.42
96,울산광역시,남구,남성,전체,59.37
97,대구광역시,군위군,남성,전체,59.31
98,경상북도,봉화군,남성,전체,59.31
99,전남광주통합특별시,장흥군,남성,전체,59.29
100,전북특별자치도,장수군,남성,전체,59.29
101,인천광역시,연수구,남성,전체,59.28
102,경기도,과천시,남성,전체,59.26
103,경상북도,의성군,남성,전체,59.26
104,부산광역시,서구,남성,전체,59.15
105,경기도,군포시,남성,전체,59.09
106,전북특별자치도,진안군,남성,전체,59.08
107,대구광역시,서구,남성,전체,59.06
108,대전광역시,유성구,남성,전체,59.03
109,전북특별자치도,정읍시,남성,전체,59.02
110,충청북도,영동군,남성,전체,59.0
111,전북특별자치도,임실군,남성,전체,58.92
112,경기도,광명시,남성,전체,58.91
113,서울특별시,금천구,남성,전체,58.9
114,경기도,동두천시,남성,전체,58.89
115,전남광주통합특별시,강진군,남성,전체,58.85
116,충청북도,옥천군,남성,전체,58.78
117,세종특별자치시,세종특별자치시,남성,전체,58.76
118,전남광주통합특별시,순천시,남성,전체,58.65
119,충청남도,홍성군,남성,전체,58.62
120,전남광주통합특별시,북구,남성,전체,58.61
121,충청남도,청양군,남성,전체,58.55
122,경상북도,경산시,남성,전체,58.5
123,전남광주통합특별시,목포시,남성,전체,58.43
124,경상남도,합천군,남성,전체,58.43
125,충청남도,예산군,남성,전체,58.41
126,전북특별자치도,부안군,남성,전체,58.37
127,전남광주통합특별시,서구,남성,전체,58.33
128,전남광주통합특별시,곡성군,남성,전체,58.29
129,전남광주통합특별시,무안군,남성,전체,58.29
130,부산광역시,동구,남성,전체,58.22
131,경상북도,영양군,남성,전체,58.15
132,전북특별자치도,고창군,남성,전체,58.14
133,인천광역시,미추홀구,남성,전체,58.12
134,강원특별자치도,삼척시,남성,전체,58.1
135,강원특별자치도,영월군,남성,전체,58.1
136,경상남도,진주시,남성,전체,58.04
137,충청남도,금산군,남성,전체,58.0
138,대구광역시,북구,남성,전체,57.96
139,전남광주통합특별시,보성군,남성,전체,57.94
140,경상남도,함양군,남성,전체,57.93
141,전북특별자치도,무주군,남성,전체,57.9
142,경기도,구리시,남성,전체,57.84
143,경상북도,영주시,남성,전체,57.84
144,경상남도,밀양시,남성,전체,57.84
145,충청남도,천안시,남성,전체,57.83
146,부산광역시,금정구,남성,전체,57.71
147,경기도,의정부시,남성,전체,57.63
148,전북특별자치도,남원시,남성,전체,57.53
149,충청남도,부여군,남성,전체,57.51
150,경상남도,창원시,남성,전체,57.51
151,경기도,용인시,남성,전체,57.47
152,강원특별자치도,횡성군,남성,전체,57.47
153,전북특별자치도,순창군,남성,전체,57.37
154,경기도,남양주시,남성,전체,57.34
155,부산광역시,중구,남성,전체,57.33
156,경상북도,영덕군,남성,전체,57.31
157,경상남도,산청군,남성,전체,57.28
158,부산광역시,기장군,남성,전체,57.16
159,경상남도,남해군,남성,전체,57.15
160,서울특별시,중랑구,남성,전체,57.14
161,경상북도,안동시,남성,전체,57.14
162,서울특별시,양천구,남성,전체,57.1
163,경상북도,포항시,남성,전체,57.09
164,경상북도,청송군,남성,전체,57.07
165,충청남도,공주시,남성,전체,57.02
166,인천광역시,부평구,남성,전체,56.99
167,강원특별자치도,홍천군,남성,전체,56.98
168,강원특별자치도,원주시,남성,전체,56.94
169,서울특별시,강서구,남성,전체,56.88
170,대구광역시,달서구,남성,전체,56.85
171,충청북도,청주시,남성,전체,56.71
172,경기도,하남시,남성,전체,56.69
173,대전광역시,동구,남성,전체,56.64
174,경상남도,거창군,남성,전체,56.59
175,강원특별자치도,동해시,남성,전체,56.56
176,강원특별자치도,춘천시,남성,전체,56.52
177,인천광역시,영종구,남성,전체,56.51
178,전남광주통합특별시,남구,남성,전체,56.39
179,전남광주통합특별시,담양군,남성,전체,56.39
180,강원특별자치도,고성군,남성,전체,56.34
181,서울특별시,노원구,남성,전체,56.25
182,경상남도,하동군,남성,전체,56.24
183,인천광역시,강화군,남성,전체,56.03
184,서울특별시,관악구,남성,전체,55.93
185,경기도,안양시,남성,전체,55.92
186,전남광주통합특별시,화순군,남성,전체,55.86
187,경상북도,청도군,남성,전체,55.72
188,경기도,가평군,남성,전체,55.7
189,대전광역시,서구,남성,전체,55.68
190,충청북도,제천시,남성,전체,55.66
191,부산광역시,연제구,남성,전체,55.63
192,인천광역시,영종구,남성,전체,55.63
193,서울특별시,영등포구,남성,전체,55.61
194,부산광역시,동래구,남성,전체,55.59
195,울산광역시,중구,남성,전체,55.59
196,서울특별시,강동구,남성,전체,55.58
197,부산광역시,부산진구,남성,전체,55.5
198,대구광역시,동구,남성,전체,55.44
199,대구광역시,수성구,남성,전체,55.39
200,부산광역시,수영구,남성,전체,55.38
201,충청북도,단양군,남성,전체,55.3
202,경기도,성남시,남성,전체,55.2
203,경상북도,경주시,남성,전체,55.17
204,서울특별시,서초구,남성,전체,55.12
205,전북특별자치도,전주시,남성,전체,55.12
206,강원특별자치도,평창군,남성,전체,55.06
207,서울특별시,동대문구,남성,전체,54.93
208,서울특별시,동작구,남성,전체,54.93
209,경상북도,울릉군,남성,전체,54.92
210,경기도,양평군,남성,전체,54.87
211,경기도,고양시,남성,전체,54.84
212,서울특별시,강남구,남성,전체,54.82
213,경기도,부천시,남성,전체,54.75
214,서울특별시,구로구,남성,전체,54.52
215,강원특별자치도,양양군,남성,전체,54.5
216,서울특별시,광진구,남성,전체,54.37
217,서울특별시,도봉구,남성,전체,54.35
218,서울특별시,성동구,남성,전체,54.34
219,경기도,수원시,남성,전체,54.28
220,대전광역시,중구,남성,전체,54.16
221,부산광역시,해운대구,남성,전체,54.09
222,서울특별시,용산구,남성,전체,54.08
223,서울특별시,성북구,남성,전체,53.95
224,서울특별시,송파구,남성,전체,53.79
225,전남광주통합특별시,동구,남성,전체,53.79
226,전남광주통합특별시,구례군,남성,전체,53.38
227,서울특별시,마포구,남성,전체,53.07
228,대구광역시,남구,남성,전체,53.05
229,강원특별자치도,강릉시,남성,전체,52.67
230,제주특별자치도,서귀포시,남성,전체,52.57
231,서울특별시,은평구,남성,전체,52.39
232,제주특별자치도,제주시,남성,전체,52.15
233,강원특별자치도,속초시,남성,전체,52.06
234,서울특별시,종로구,남성,전체,51.9
235,서울특별시,강북구,남성,전체,51.77
236,서울특별시,중구,남성,전체,51.7
237,서울특별시,서대문구,남성,전체,49.89
238,대구광역시,중구,남성,전체,49.42
239,인천광역시,영종구,남성,전체,15.89
240,인천광역시,검단구,남성,전체,13.12
241,인천광역시,서해구,남성,전체,10.96
242,인천광역시,제물포구,남성,전체,9.27
