순위,시도,시군구,성별,연령,비율
1,인천광역시,제물포구,남성,전체,8.07
1,인천광역시,제물포구,남성,전체,53.4
1,인천광역시,제물포구,여성,전체,4.85
1,인천광역시,제물포구,여성,전체,33.68
2,인천광역시,서해구,남성,전체,9.3
2,인천광역시,서해구,남성,전체,53.04
2,인천광역시,서해구,여성,전체,5.86
2,인천광역시,서해구,여성,전체,31.8
3,인천광역시,검단구,남성,전체,10.8
3,인천광역시,검단구,남성,전체,51.19
3,인천광역시,검단구,여성,전체,6.87
3,인천광역시,검단구,여성,전체,31.14
4,인천광역시,영종구,남성,전체,12.36
4,인천광역시,영종구,남성,전체,43.96
4,인천광역시,영종구,여성,전체,9.86
4,인천광역시,영종구,여성,전체,33.83
5,전남광주통합특별시,신안군,남성,전체,68.49
5,전남광주통합특별시,신안군,여성,전체,31.51
6,강원특별자치도,화천군,남성,전체,67.9
6,강원특별자치도,화천군,여성,전체,32.1
7,강원특별자치도,양구군,남성,전체,67.02
7,강원특별자치도,양구군,여성,전체,32.98
8,강원특별자치도,철원군,남성,전체,66.4
8,강원특별자치도,철원군,여성,전체,33.6
9,부산광역시,강서구,남성,전체,65.53
9,부산광역시,강서구,여성,전체,34.47
10,인천광역시,옹진군,남성,전체,65.29
10,인천광역시,옹진군,여성,전체,34.71
11,충청북도,음성군,남성,전체,65.26
11,충청북도,음성군,여성,전체,34.74
12,충청북도,진천군,남성,전체,64.97
12,충청북도,진천군,여성,전체,35.03
13,전남광주통합특별시,영암군,남성,전체,64.79
13,전남광주통합특별시,영암군,여성,전체,35.21
14,충청남도,당진시,남성,전체,64.79
14,충청남도,당진시,여성,전체,35.21
15,경기도,평택시,남성,전체,64.76
15,경기도,평택시,여성,전체,35.24
16,경기도,연천군,남성,전체,64.56
16,경기도,연천군,여성,전체,35.44
17,경기도,안성시,남성,전체,64.21
17,경기도,안성시,여성,전체,35.79
18,전남광주통합특별시,완도군,남성,전체,63.99
18,전남광주통합특별시,완도군,여성,전체,36.01
19,경기도,시흥시,남성,전체,63.35
19,경기도,시흥시,여성,전체,36.65
20,전남광주통합특별시,진도군,남성,전체,63.33
20,전남광주통합특별시,진도군,여성,전체,36.67
21,경상북도,성주군,남성,전체,63.32
21,경상북도,성주군,여성,전체,36.68
22,경기도,이천시,남성,전체,63.31
22,경기도,이천시,여성,전체,36.69
23,부산광역시,사상구,남성,전체,63.06
23,부산광역시,사상구,여성,전체,36.94
24,울산광역시,동구,남성,전체,63.06
24,울산광역시,동구,여성,전체,36.94
25,경기도,화성시,남성,전체,63.01
25,경기도,화성시,여성,전체,36.99
26,울산광역시,울주군,남성,전체,62.81
26,울산광역시,울주군,여성,전체,37.19
27,경상남도,함안군,남성,전체,62.75
27,경상남도,함안군,여성,전체,37.25
28,인천광역시,서해구,남성,전체,9.3
28,인천광역시,서해구,남성,전체,53.04
28,인천광역시,서해구,여성,전체,5.86
28,인천광역시,서해구,여성,전체,31.8
29,전남광주통합특별시,광양시,남성,전체,62.51
29,전남광주통합특별시,광양시,여성,전체,37.49
30,인천광역시,제물포구,남성,전체,8.07
30,인천광역시,제물포구,남성,전체,53.4
30,인천광역시,제물포구,여성,전체,4.85
30,인천광역시,제물포구,여성,전체,33.68
31,충청북도,보은군,남성,전체,62.32
31,충청북도,보은군,여성,전체,37.68
32,충청북도,증평군,남성,전체,62.19
32,충청북도,증평군,여성,전체,37.81
33,인천광역시,검단구,남성,전체,10.8
33,인천광역시,검단구,남성,전체,51.19
33,인천광역시,검단구,여성,전체,6.87
33,인천광역시,검단구,여성,전체,31.14
34,경상남도,통영시,남성,전체,62.04
34,경상남도,통영시,여성,전체,37.96
35,전남광주통합특별시,영광군,남성,전체,62.0
35,전남광주통합특별시,영광군,여성,전체,38.0
36,경상북도,구미시,남성,전체,61.96
36,경상북도,구미시,여성,전체,38.04
37,부산광역시,사하구,남성,전체,61.89
37,부산광역시,사하구,여성,전체,38.11
38,경상북도,고령군,남성,전체,61.86
38,경상북도,고령군,여성,전체,38.14
39,부산광역시,영도구,남성,전체,61.84
39,부산광역시,영도구,여성,전체,38.16
40,전북특별자치도,군산시,남성,전체,61.8
40,전북특별자치도,군산시,여성,전체,38.2
41,경상남도,김해시,남성,전체,61.79
41,경상남도,김해시,여성,전체,38.21
42,경상남도,창녕군,남성,전체,61.79
42,경상남도,창녕군,여성,전체,38.21
43,경기도,포천시,남성,전체,61.78
43,경기도,포천시,여성,전체,38.22
44,경상북도,상주시,남성,전체,61.75
44,경상북도,상주시,여성,전체,38.25
45,충청남도,논산시,남성,전체,61.7
45,충청남도,논산시,여성,전체,38.3
46,충청남도,아산시,남성,전체,61.63
46,충청남도,아산시,여성,전체,38.37
47,전남광주통합특별시,장성군,남성,전체,61.54
47,전남광주통합특별시,장성군,여성,전체,38.46
48,전남광주통합특별시,해남군,남성,전체,61.35
48,전남광주통합특별시,해남군,여성,전체,38.65
49,인천광역시,서해구,남성,전체,9.3
49,인천광역시,서해구,남성,전체,53.04
49,인천광역시,서해구,여성,전체,5.86
49,인천광역시,서해구,여성,전체,31.8
50,인천광역시,제물포구,남성,전체,8.07
50,인천광역시,제물포구,남성,전체,53.4
50,인천광역시,제물포구,여성,전체,4.85
50,인천광역시,제물포구,여성,전체,33.68
51,경기도,양주시,남성,전체,61.3
51,경기도,양주시,여성,전체,38.7
52,경기도,김포시,남성,전체,61.2
52,경기도,김포시,여성,전체,38.8
53,인천광역시,검단구,남성,전체,10.8
53,인천광역시,검단구,남성,전체,51.19
53,인천광역시,검단구,여성,전체,6.87
53,인천광역시,검단구,여성,전체,31.14
54,충청북도,괴산군,남성,전체,61.08
54,충청북도,괴산군,여성,전체,38.92
55,경상남도,거제시,남성,전체,61.08
55,경상남도,거제시,여성,전체,38.92
56,전남광주통합특별시,여수시,남성,전체,61.04
56,전남광주통합특별시,여수시,여성,전체,38.96
57,경상북도,칠곡군,남성,전체,61.02
57,경상북도,칠곡군,여성,전체,38.98
58,충청남도,서산시,남성,전체,60.99
58,충청남도,서산시,여성,전체,39.01
59,충청남도,계룡시,남성,전체,60.97
59,충청남도,계룡시,여성,전체,39.03
60,충청남도,보령시,남성,전체,60.96
60,충청남도,보령시,여성,전체,39.04
61,경상남도,고성군,남성,전체,60.85
61,경상남도,고성군,여성,전체,39.15
62,경상남도,사천시,남성,전체,60.83
62,경상남도,사천시,여성,전체,39.17
63,전남광주통합특별시,고흥군,남성,전체,60.72
63,전남광주통합특별시,고흥군,여성,전체,39.28
64,전남광주통합특별시,함평군,남성,전체,60.71
64,전남광주통합특별시,함평군,여성,전체,39.29
65,충청북도,충주시,남성,전체,60.71
65,충청북도,충주시,여성,전체,39.29
66,강원특별자치도,정선군,남성,전체,60.65
66,강원특별자치도,정선군,여성,전체,39.35
67,전남광주통합특별시,광산구,남성,전체,60.62
67,전남광주통합특별시,광산구,여성,전체,39.38
68,강원특별자치도,태백시,남성,전체,60.61
68,강원특별자치도,태백시,여성,전체,39.39
69,충청남도,서천군,남성,전체,60.58
69,충청남도,서천군,여성,전체,39.42
70,부산광역시,남구,남성,전체,60.57
70,부산광역시,남구,여성,전체,39.43
71,대구광역시,달성군,남성,전체,60.4
71,대구광역시,달성군,여성,전체,39.6
72,울산광역시,북구,남성,전체,60.33
72,울산광역시,북구,여성,전체,39.67
73,대전광역시,대덕구,남성,전체,60.32
73,대전광역시,대덕구,여성,전체,39.68
74,전북특별자치도,김제시,남성,전체,60.32
74,전북특별자치도,김제시,여성,전체,39.68
75,경기도,오산시,남성,전체,60.3
75,경기도,오산시,여성,전체,39.7
76,전북특별자치도,완주군,남성,전체,60.25
76,전북특별자치도,완주군,여성,전체,39.75
77,인천광역시,계양구,남성,전체,60.15
77,인천광역시,계양구,여성,전체,39.85
78,경기도,안산시,남성,전체,60.11
78,경기도,안산시,여성,전체,39.89
79,경기도,광주시,남성,전체,60.08
79,경기도,광주시,여성,전체,39.92
80,전남광주통합특별시,나주시,남성,전체,60.04
80,전남광주통합특별시,나주시,여성,전체,39.96
81,전북특별자치도,익산시,남성,전체,60.04
81,전북특별자치도,익산시,여성,전체,39.96
82,경기도,파주시,남성,전체,60.01
82,경기도,파주시,여성,전체,39.99
83,경상북도,영천시,남성,전체,60.01
83,경상북도,영천시,여성,전체,39.99
84,경상북도,울진군,남성,전체,59.94
84,경상북도,울진군,여성,전체,40.06
85,충청남도,태안군,남성,전체,59.91
85,충청남도,태안군,여성,전체,40.09
86,경상북도,김천시,남성,전체,59.79
86,경상북도,김천시,여성,전체,40.21
87,인천광역시,남동구,남성,전체,59.76
87,인천광역시,남동구,여성,전체,40.24
88,경기도,여주시,남성,전체,59.75
88,경기도,여주시,여성,전체,40.25
89,경상북도,문경시,남성,전체,59.66
89,경상북도,문경시,여성,전체,40.34
90,경상남도,양산시,남성,전체,59.66
90,경상남도,양산시,여성,전체,40.34
91,경기도,의왕시,남성,전체,59.65
91,경기도,의왕시,여성,전체,40.35
92,강원특별자치도,인제군,남성,전체,59.62
92,강원특별자치도,인제군,여성,전체,40.38
93,부산광역시,북구,남성,전체,59.48
93,부산광역시,북구,여성,전체,40.52
94,경상북도,예천군,남성,전체,59.48
94,경상북도,예천군,여성,전체,40.52
95,경상남도,의령군,남성,전체,59.42
95,경상남도,의령군,여성,전체,40.58
96,울산광역시,남구,남성,전체,59.37
96,울산광역시,남구,여성,전체,40.63
97,대구광역시,군위군,남성,전체,59.31
97,대구광역시,군위군,여성,전체,40.69
98,경상북도,봉화군,남성,전체,59.31
98,경상북도,봉화군,여성,전체,40.69
99,전남광주통합특별시,장흥군,남성,전체,59.29
99,전남광주통합특별시,장흥군,여성,전체,40.71
100,전북특별자치도,장수군,남성,전체,59.29
100,전북특별자치도,장수군,여성,전체,40.71
