source_index,course_id,region,name,parser_status,parsed_stop_count,visit_candidate_count,category_known_count,category_coverage,place_candidate_count,place_match_coverage,conditional_stop_count,cluster_eligible,cluster_status,night_flag,operational_flags,share_herit,share_heal,share_activity,share_food,share_sea,G_composition_counts
0,ct_ff41044d0b7080,부산,동부산테마노선,EXPLICIT_SEPARATOR,7,5,5,1.0,3,0.6,0,True,ELIGIBLE,0,HEADWAY_ONE_REVIEW,0.2,0.0,0.0,0.0,0.8,"{""G05"": 3}"
1,ct_4ba7f5cc1ffeda,부산,서부산생태투어,EXPLICIT_SEPARATOR,8,5,5,1.0,3,0.6,0,True,ELIGIBLE,0,HEADWAY_ONE_REVIEW,0.4,0.4,0.2,0.0,0.0,"{""G03"": 1, ""G07"": 1, ""G08"": 1}"
2,ct_5082aae98cb9d3,부산,야경투어,EXPLICIT_SEPARATOR,4,2,2,1.0,1,0.5,0,True,ELIGIBLE,1,HEADWAY_ONE_REVIEW,0.0,0.5,0.0,0.0,0.5,"{""G05"": 1}"
3,ct_1def3d2a58e430,부산,오렌지라인,EXPLICIT_SEPARATOR,13,11,11,1.0,9,0.8181818181818182,0,True,ELIGIBLE,0,,0.2727272727272727,0.45454545454545453,0.09090909090909091,0.09090909090909091,0.09090909090909091,"{""G01"": 1, ""G03"": 1, ""G04"": 3, ""G05"": 1, ""G07"": 1, ""G08"": 2}"
4,ct_edd6e5375f387f,부산,그린라인,EXPLICIT_SEPARATOR,13,10,10,1.0,5,0.5,0,True,ELIGIBLE,0,,0.1,0.5,0.2,0.0,0.2,"{""G04"": 3, ""G07"": 1, ""G08"": 1}"
5,ct_c83f7c6960b76b,부산,레드라인,EXPLICIT_SEPARATOR,13,10,10,1.0,8,0.8,0,True,ELIGIBLE,0,,0.1,0.3,0.2,0.2,0.2,"{""G01"": 2, ""G04"": 1, ""G05"": 2, ""G06"": 1, ""G07"": 1, ""G08"": 1}"
6,ct_8171ca90d9fa99,제주,야간코스(7월말~8월말 운영),EXPLICIT_SEPARATOR,8,6,6,1.0,4,0.6666666666666666,0,True,ELIGIBLE,1,HEADWAY_UNKNOWN_OR_NOT_APPLICABLE,0.16666666666666666,0.5,0.0,0.16666666666666666,0.16666666666666666,"{""G04"": 3, ""G08"": 1}"
7,ct_98323d74dbd87a,제주,순환형코스,NUMBERED_ORDER,21,13,13,1.0,6,0.46153846153846156,0,True,ELIGIBLE,0,,0.2692307692307692,0.5384615384615384,0.0,0.11538461538461539,0.07692307692307693,"{""G04"": 4, ""G08"": 2}"
8,ct_4e0d701d9aadd5,대구,테마(야경 4~10월),EXPLICIT_SEPARATOR,6,4,4,1.0,4,1.0,0,True,ELIGIBLE,1,HEADWAY_UNKNOWN_OR_NOT_APPLICABLE,0.0,0.5,0.25,0.25,0.0,"{""G01"": 1, ""G02"": 1, ""G04"": 1, ""G07"": 1}"
9,ct_e99ec2b47f0201,대구,테마-전통5일장-군위전통시장,EXPLICIT_SEPARATOR,10,5,4,0.8,2,0.4,1,False,CONDITIONAL_STOPS,1,HEADWAY_UNKNOWN_OR_NOT_APPLICABLE,0.1,0.0,0.6,0.1,0.0,"{""G03"": 2}"
10,ct_ceba5f847db171,대구,테마-전통5일장-현풍백년도깨비시장,EXPLICIT_SEPARATOR,8,4,3,0.75,2,0.5,1,False,CONDITIONAL_STOPS,0,HEADWAY_UNKNOWN_OR_NOT_APPLICABLE,0.5,0.0,0.0,0.25,0.0,"{""G08"": 2}"
11,ct_da6b197f9d64eb,대구,테마-방방곡곡(사시사철),EXPLICIT_SEPARATOR,9,5,5,1.0,4,0.8,0,True,ELIGIBLE,0,HEADWAY_UNKNOWN_OR_NOT_APPLICABLE,0.4,0.6,0.0,0.0,0.0,"{""G04"": 3, ""G08"": 1}"
12,ct_1d6ad4598dff93,대구,테마-방방곡곡(군위군 돋보기),EXPLICIT_SEPARATOR,11,5,4,0.8,3,0.6,0,True,ELIGIBLE,0,HEADWAY_UNKNOWN_OR_NOT_APPLICABLE,0.2,0.4,0.2,0.0,0.0,"{""G03"": 1, ""G04"": 1, ""G07"": 1}"
13,ct_d3a976675ffc53,대구,테마-방방곡곡(낙동강),EXPLICIT_SEPARATOR,8,4,4,1.0,2,0.5,0,True,ELIGIBLE,0,HEADWAY_UNKNOWN_OR_NOT_APPLICABLE,0.25,0.75,0.0,0.0,0.0,"{""G04"": 2}"
14,ct_f1756d1e5ece58,대구,테마-방방곡곡(팔공산),EXPLICIT_SEPARATOR,11,5,4,0.8,3,0.6,1,False,CONDITIONAL_STOPS,0,HEADWAY_UNKNOWN_OR_NOT_APPLICABLE,0.4,0.4,0.0,0.0,0.0,"{""G04"": 1, ""G08"": 2}"
15,ct_9857f916bfa916,대구,도심순환코스(12개 정류장),EXPLICIT_SEPARATOR,17,14,14,1.0,14,1.0,0,True,ELIGIBLE,0,,0.07142857142857142,0.5,0.2857142857142857,0.14285714285714285,0.0,"{""G01"": 2, ""G02"": 1, ""G03"": 3, ""G04"": 6, ""G07"": 1, ""G08"": 1}"
16,ct_b75e8d4cf1e318,대구,테마(야경 11~3월),EXPLICIT_SEPARATOR,6,3,3,1.0,3,1.0,0,True,ELIGIBLE,1,HEADWAY_UNKNOWN_OR_NOT_APPLICABLE,0.0,0.3333333333333333,0.6666666666666666,0.0,0.0,"{""G02"": 1, ""G04"": 1, ""G06"": 1}"
17,ct_4b24fed6566e54,해남,해남시티투어,EXPLICIT_SEPARATOR,2,2,2,1.0,2,1.0,0,True,ELIGIBLE,0,,0.5,0.5,0.0,0.0,0.0,"{""G04"": 1, ""G08"": 1}"
18,ct_49fb403c953735,광양,광양역사코스,EXPLICIT_SEPARATOR,11,7,7,1.0,3,0.42857142857142855,0,True,ELIGIBLE,0,HEADWAY_UNKNOWN_OR_NOT_APPLICABLE,0.7142857142857143,0.14285714285714285,0.0,0.07142857142857142,0.07142857142857142,"{""G04"": 1, ""G08"": 2}"
19,ct_b97fea5cc3f414,광양,광양힐링코스,EXPLICIT_SEPARATOR,10,6,6,1.0,4,0.6666666666666666,0,True,ELIGIBLE,0,HEADWAY_UNKNOWN_OR_NOT_APPLICABLE,0.25,0.25,0.3333333333333333,0.16666666666666666,0.0,"{""G01"": 1, ""G03"": 2, ""G04"": 1}"
20,ct_941018a965809c,광양,야경코스,EXPLICIT_SEPARATOR,10,6,6,1.0,3,0.5,0,True,ELIGIBLE,1,HEADWAY_UNKNOWN_OR_NOT_APPLICABLE,0.16666666666666666,0.3333333333333333,0.08333333333333333,0.16666666666666666,0.25,"{""G01"": 1, ""G04"": 2}"
21,ct_83465bf3a690f2,여수,야간테마코스(시간을달리는버스커),EXPLICIT_SEPARATOR,11,7,7,1.0,5,0.7142857142857143,0,True,ELIGIBLE,1,HEADWAY_UNKNOWN_OR_NOT_APPLICABLE,0.2857142857142857,0.35714285714285715,0.0,0.0,0.35714285714285715,"{""G04"": 2, ""G05"": 2, ""G08"": 1}"
22,ct_0b7a755a267601,여수,2층야간코스,EXPLICIT_SEPARATOR,7,4,4,1.0,3,0.75,0,True,ELIGIBLE,1,HEADWAY_UNKNOWN_OR_NOT_APPLICABLE,0.25,0.625,0.0,0.0,0.125,"{""G04"": 2, ""G08"": 1}"
23,ct_0f4dbe3b938a90,여수,2층주간코스,EXPLICIT_SEPARATOR,10,6,6,1.0,3,0.5,0,True,ELIGIBLE,0,,0.16666666666666666,0.16666666666666666,0.5,0.0,0.16666666666666666,"{""G03"": 1, ""G05"": 1, ""G08"": 1}"
24,ct_ff41dfabaec78b,여수,야경코스,EXPLICIT_SEPARATOR,7,5,5,1.0,3,0.6,0,True,ELIGIBLE,1,HEADWAY_UNKNOWN_OR_NOT_APPLICABLE,0.2,0.2,0.2,0.2,0.2,"{""G04"": 1, ""G05"": 1, ""G08"": 1}"
25,ct_a70933018dfe45,여수,이순신문화유적코스,EXPLICIT_SEPARATOR,9,7,7,1.0,6,0.8571428571428571,0,True,ELIGIBLE,0,HEADWAY_UNKNOWN_OR_NOT_APPLICABLE,1.0,0.0,0.0,0.0,0.0,"{""G08"": 6}"
26,ct_64b3f2e630ba51,여수,다크투어리즘코스,EXPLICIT_SEPARATOR,8,6,6,1.0,2,0.3333333333333333,0,True,ELIGIBLE,0,HEADWAY_UNKNOWN_OR_NOT_APPLICABLE,1.0,0.0,0.0,0.0,0.0,"{""G08"": 2}"
27,ct_a7f13a177e5633,여수,제2코스,EXPLICIT_SEPARATOR,13,9,9,1.0,5,0.5555555555555556,0,True,ELIGIBLE,0,HEADWAY_UNKNOWN_OR_NOT_APPLICABLE,0.0,0.3333333333333333,0.1111111111111111,0.0,0.5555555555555556,"{""G03"": 1, ""G04"": 2, ""G05"": 2}"
28,ct_a1bc285f9c2881,여수,제1코스,EXPLICIT_SEPARATOR,7,5,5,1.0,4,0.8,0,True,ELIGIBLE,0,HEADWAY_UNKNOWN_OR_NOT_APPLICABLE,0.4,0.0,0.1,0.2,0.3,"{""G01"": 1, ""G05"": 1, ""G08"": 2}"
29,ct_1845f5c9950df4,목포,별빛물결시티투어,EXPLICIT_SEPARATOR,7,5,5,1.0,2,0.4,0,True,ELIGIBLE,1,HEADWAY_UNKNOWN_OR_NOT_APPLICABLE,0.0,0.4,0.2,0.2,0.2,"{""G01"": 1, ""G04"": 1}"
30,ct_aa2937d4d2a2d0,목포,목포랑시티투어,EXPLICIT_SEPARATOR,12,10,10,1.0,6,0.6,0,True,ELIGIBLE,0,HEADWAY_UNKNOWN_OR_NOT_APPLICABLE,0.4,0.2,0.2,0.1,0.1,"{""G03"": 2, ""G04"": 1, ""G07"": 1, ""G08"": 2}"
31,ct_02725290337c6e,화성,테마와 하루(해양생태 체험),EXPLICIT_SEPARATOR,4,4,3,0.75,1,0.25,1,False,CONDITIONAL_STOPS,0,HEADWAY_UNKNOWN_OR_NOT_APPLICABLE,0.0,0.0,0.25,0.0,0.5,"{""G03"": 1}"
32,ct_0647088739be8e,화성,테마와 하루(문화예술 체험),EXPLICIT_SEPARATOR,5,5,4,0.8,4,0.8,1,False,CONDITIONAL_STOPS,0,HEADWAY_UNKNOWN_OR_NOT_APPLICABLE,0.0,0.4,0.4,0.0,0.0,"{""G03"": 2, ""G04"": 2}"
33,ct_18f8d2d6e6ecbb,화성,테마와 하루(목장 체험),EXPLICIT_SEPARATOR,4,4,3,0.75,2,0.5,1,False,CONDITIONAL_STOPS,0,HEADWAY_UNKNOWN_OR_NOT_APPLICABLE,0.0,0.25,0.5,0.0,0.0,"{""G03"": 1, ""G04"": 1}"
34,ct_1fde4efbf20ca7,화성,테마와 하루(농어촌 체험),EXPLICIT_SEPARATOR,3,3,2,0.6666666666666666,0,0.0,1,False,CONDITIONAL_STOPS,0,HEADWAY_UNKNOWN_OR_NOT_APPLICABLE,0.0,0.3333333333333333,0.16666666666666666,0.0,0.16666666666666666,{}
35,ct_ece2f86aee7798,화성,소소한 하루,EXPLICIT_SEPARATOR,3,3,2,0.6666666666666666,0,0.0,1,False,CONDITIONAL_STOPS,0,HEADWAY_UNKNOWN_OR_NOT_APPLICABLE,0.0,0.3333333333333333,0.16666666666666666,0.0,0.16666666666666666,{}
36,ct_1312c067f4f09c,화성,별과 하루,FLEXIBLE_OR_UNSPECIFIED,1,0,0,0.0,0,0.0,0,False,ROUTE_UNRESOLVED,0,HEADWAY_UNKNOWN_OR_NOT_APPLICABLE,0.0,0.0,0.0,0.0,0.0,{}
37,ct_57dcb7b9ef372a,화성,노을과 하루,FLEXIBLE_OR_UNSPECIFIED,1,0,0,0.0,0,0.0,0,False,ROUTE_UNRESOLVED,0,HEADWAY_UNKNOWN_OR_NOT_APPLICABLE,0.0,0.0,0.0,0.0,0.0,{}
38,ct_a8823fdcbfa445,화성,바다와 하루,UNORDERED_LIST,5,5,5,1.0,0,0.0,0,True,ELIGIBLE,0,HEADWAY_UNKNOWN_OR_NOT_APPLICABLE,0.0,0.2,0.3,0.0,0.5,{}
39,ct_bdf659310ea2d8,화성,열차와 하루,EXPLICIT_SEPARATOR,6,5,4,0.8,1,0.2,1,False,CONDITIONAL_STOPS,0,HEADWAY_UNKNOWN_OR_NOT_APPLICABLE,0.2,0.2,0.0,0.0,0.4,"{""G05"": 1}"
40,ct_787fd471a42547,화성,모두와 하루(무장애 여행),EXPLICIT_SEPARATOR,4,4,3,0.75,0,0.0,1,False,CONDITIONAL_STOPS,0,HEADWAY_UNKNOWN_OR_NOT_APPLICABLE,0.25,0.25,0.125,0.0,0.125,{}
41,ct_2cc8b9554c96b1,화성,역사와 하루2,EXPLICIT_SEPARATOR,4,4,3,0.75,1,0.25,1,False,CONDITIONAL_STOPS,0,HEADWAY_UNKNOWN_OR_NOT_APPLICABLE,0.5,0.0,0.0,0.25,0.0,"{""G08"": 1}"
42,ct_7c8399d1ee9697,화성,역사와 하루1,EXPLICIT_SEPARATOR,4,4,3,0.75,1,0.25,1,False,CONDITIONAL_STOPS,0,HEADWAY_UNKNOWN_OR_NOT_APPLICABLE,0.75,0.0,0.0,0.0,0.0,"{""G08"": 1}"
43,ct_fcdcec3c020261,화성,자연과 하루,EXPLICIT_SEPARATOR,3,3,1,0.3333333333333333,0,0.0,2,False,CONDITIONAL_STOPS,0,HEADWAY_UNKNOWN_OR_NOT_APPLICABLE,0.0,0.3333333333333333,0.0,0.0,0.0,{}
44,ct_4015a60380a6a5,화성,섬과 하루,UNSPLIT_REVIEW,1,0,0,0.0,0,0.0,0,False,ROUTE_UNRESOLVED,0,HEADWAY_UNKNOWN_OR_NOT_APPLICABLE,0.0,0.0,0.0,0.0,0.0,{}
45,ct_8f8d80c41a8119,화성,테마와 하루(지역축제 체험),EXPLICIT_SEPARATOR,5,5,4,0.8,0,0.0,1,False,CONDITIONAL_STOPS,0,HEADWAY_UNKNOWN_OR_NOT_APPLICABLE,0.0,0.0,0.8,0.0,0.0,{}
46,ct_52fe5a29aee3e7,합천,합천광역시티투어 누비고,EXPLICIT_SEPARATOR,3,3,3,1.0,2,0.6666666666666666,0,True,ELIGIBLE,0,HEADWAY_UNKNOWN_OR_NOT_APPLICABLE,0.3333333333333333,0.3333333333333333,0.3333333333333333,0.0,0.0,"{""G04"": 1, ""G07"": 1}"
47,ct_17e0dd4d30822e,밀양,삼랑진권 투어,EXPLICIT_SEPARATOR,8,5,5,1.0,4,0.8,0,True,ELIGIBLE,0,,0.6,0.2,0.2,0.0,0.0,"{""G02"": 1, ""G04"": 1, ""G08"": 2}"
48,ct_20eb1ae44f44d4,밀양,영남알프스권 투어 1,EXPLICIT_SEPARATOR,9,6,6,1.0,2,0.3333333333333333,0,True,ELIGIBLE,0,,0.3333333333333333,0.3333333333333333,0.3333333333333333,0.0,0.0,"{""G03"": 1, ""G08"": 1}"
49,ct_d1e99a0d119f73,밀양,시내권 투어 1,EXPLICIT_SEPARATOR,10,7,6,0.8571428571428571,4,0.5714285714285714,0,True,ELIGIBLE,0,,0.35714285714285715,0.2857142857142857,0.21428571428571427,0.0,0.0,"{""G04"": 2, ""G08"": 2}"
50,ct_78497ddd68fd45,사천,우주항공산업투어,EXPLICIT_SEPARATOR,10,9,9,1.0,6,0.6666666666666666,0,True,ELIGIBLE,0,HEADWAY_UNKNOWN_OR_NOT_APPLICABLE,0.1111111111111111,0.2222222222222222,0.6666666666666666,0.0,0.0,"{""G03"": 3, ""G04"": 2, ""G08"": 1}"
51,ct_18935ddc8bc32f,사천,오감체험투어,EXPLICIT_SEPARATOR,5,4,2,0.5,0,0.0,2,False,CONDITIONAL_STOPS,0,HEADWAY_UNKNOWN_OR_NOT_APPLICABLE,0.5,0.0,0.0,0.0,0.0,{}
52,ct_824d1bcb38ec4b,사천,이순신승전길투어,EXPLICIT_SEPARATOR,7,6,5,0.8333333333333334,3,0.5,1,False,CONDITIONAL_STOPS,0,HEADWAY_UNKNOWN_OR_NOT_APPLICABLE,0.0,0.5,0.0,0.0,0.3333333333333333,"{""G04"": 2, ""G05"": 1}"
53,ct_6b62f6c5e28b9c,사천,바다투어,EXPLICIT_SEPARATOR,8,7,7,1.0,6,0.8571428571428571,0,True,ELIGIBLE,0,HEADWAY_UNKNOWN_OR_NOT_APPLICABLE,0.0,0.42857142857142855,0.2857142857142857,0.0,0.2857142857142857,"{""G03"": 2, ""G04"": 3, ""G05"": 1}"
54,ct_b8b6f8a37ebdf8,사천,별빛투어,EXPLICIT_SEPARATOR,12,10,10,1.0,6,0.6,0,True,ELIGIBLE,1,HEADWAY_UNKNOWN_OR_NOT_APPLICABLE,0.1,0.13333333333333333,0.6333333333333333,0.0,0.13333333333333333,"{""G03"": 3, ""G04"": 1, ""G05"": 1, ""G08"": 1}"
55,ct_da9b92ef0368b0,영주,특별운영,FLEXIBLE_OR_UNSPECIFIED,1,0,0,0.0,0,0.0,0,False,ROUTE_UNRESOLVED,0,HEADWAY_UNKNOWN_OR_NOT_APPLICABLE,0.0,0.0,0.0,0.0,0.0,{}
56,ct_572b4d8191127a,영주,선비 코스,EXPLICIT_SEPARATOR,10,6,6,1.0,4,0.6666666666666666,0,True,ELIGIBLE,0,HEADWAY_UNKNOWN_OR_NOT_APPLICABLE,0.6666666666666666,0.16666666666666666,0.0,0.16666666666666666,0.0,"{""G08"": 4}"
57,ct_c93b13bf48e761,영주,물돌이 코스,EXPLICIT_SEPARATOR,10,6,6,1.0,2,0.3333333333333333,0,True,ELIGIBLE,0,HEADWAY_UNKNOWN_OR_NOT_APPLICABLE,0.16666666666666666,0.5833333333333334,0.08333333333333333,0.16666666666666666,0.0,"{""G04"": 1, ""G08"": 1}"
58,ct_e613bd3839189c,익산,순환형2,EXPLICIT_SEPARATOR,8,7,6,0.8571428571428571,5,0.7142857142857143,0,True,ELIGIBLE,0,,0.42857142857142855,0.0,0.2857142857142857,0.14285714285714285,0.0,"{""G01"": 1, ""G02"": 2, ""G08"": 2}"
59,ct_c543fc703f1159,익산,순환형1,EXPLICIT_SEPARATOR,8,6,6,1.0,5,0.8333333333333334,0,True,ELIGIBLE,0,,0.5,0.0,0.3333333333333333,0.16666666666666666,0.0,"{""G01"": 1, ""G02"": 2, ""G08"": 2}"
60,ct_ba0c8e297c39cc,익산,맞춤형코스,FLEXIBLE_OR_UNSPECIFIED,1,0,0,0.0,0,0.0,0,False,ROUTE_UNRESOLVED,0,HEADWAY_UNKNOWN_OR_NOT_APPLICABLE,0.0,0.0,0.0,0.0,0.0,{}
61,ct_73908901775f5c,익산,세계유산코스,EXPLICIT_SEPARATOR,5,3,3,1.0,2,0.6666666666666666,0,True,ELIGIBLE,0,HEADWAY_UNKNOWN_OR_NOT_APPLICABLE,1.0,0.0,0.0,0.0,0.0,"{""G08"": 2}"
62,ct_68e342ed3c052f,익산,익산숨은보석찾기코스,EXPLICIT_SEPARATOR,7,5,5,1.0,4,0.8,0,True,ELIGIBLE,0,HEADWAY_UNKNOWN_OR_NOT_APPLICABLE,0.2,0.0,0.4,0.4,0.0,"{""G01"": 2, ""G02"": 2}"
63,ct_84ffabae716404,홍성,죽도코스,EXPLICIT_SEPARATOR,6,4,4,1.0,2,0.5,0,True,ELIGIBLE,0,HEADWAY_UNKNOWN_OR_NOT_APPLICABLE,0.0,0.25,0.25,0.25,0.25,"{""G01"": 1, ""G03"": 1}"
64,ct_1d32ffebd246d5,홍성,"전통시장코스(홍성) 1,6일 운영",EXPLICIT_SEPARATOR,5,3,3,1.0,2,0.6666666666666666,0,True,ELIGIBLE,0,HEADWAY_UNKNOWN_OR_NOT_APPLICABLE,0.3333333333333333,0.3333333333333333,0.0,0.3333333333333333,0.0,"{""G01"": 1, ""G08"": 1}"
65,ct_c722d90ff66eb2,홍성,"전통시장코스(광천) 4,9일 운영",EXPLICIT_SEPARATOR,6,4,4,1.0,2,0.5,0,True,ELIGIBLE,0,HEADWAY_UNKNOWN_OR_NOT_APPLICABLE,0.0,0.25,0.125,0.625,0.0,"{""G01"": 1, ""G04"": 1}"
66,ct_8b988867d0e267,홍성,남당항 코스,EXPLICIT_SEPARATOR,6,4,4,1.0,3,0.75,0,True,ELIGIBLE,0,HEADWAY_UNKNOWN_OR_NOT_APPLICABLE,0.0,0.5,0.5,0.0,0.0,"{""G03"": 1, ""G04"": 2}"
67,ct_ba06e511559567,홍성,역사·문화 코스,EXPLICIT_SEPARATOR,5,3,3,1.0,1,0.3333333333333333,0,True,ELIGIBLE,0,HEADWAY_UNKNOWN_OR_NOT_APPLICABLE,1.0,0.0,0.0,0.0,0.0,"{""G08"": 1}"
68,ct_94cebe436c068a,서산,C코스,EXPLICIT_SEPARATOR,7,5,5,1.0,3,0.6,0,True,ELIGIBLE,0,HEADWAY_UNKNOWN_OR_NOT_APPLICABLE,0.2,0.2,0.2,0.2,0.2,"{""G04"": 1, ""G05"": 1, ""G08"": 1}"
69,ct_330d0bc9cd3d05,서산,B코스,EXPLICIT_SEPARATOR,7,5,5,1.0,3,0.6,0,True,ELIGIBLE,0,HEADWAY_UNKNOWN_OR_NOT_APPLICABLE,0.2,0.2,0.2,0.2,0.2,"{""G04"": 1, ""G05"": 1, ""G08"": 1}"
70,ct_3ed5105d35b251,서산,A코스,EXPLICIT_SEPARATOR,7,4,4,1.0,3,0.75,0,True,ELIGIBLE,0,HEADWAY_UNKNOWN_OR_NOT_APPLICABLE,0.75,0.125,0.125,0.0,0.0,"{""G08"": 3}"
71,ct_e4444e050c482f,천안,일요일,EXPLICIT_SEPARATOR,4,3,3,1.0,1,0.3333333333333333,0,True,ELIGIBLE,0,HEADWAY_UNKNOWN_OR_NOT_APPLICABLE,0.3333333333333333,0.0,0.3333333333333333,0.3333333333333333,0.0,"{""G08"": 1}"
72,ct_566165b1b827e0,천안,토요일,EXPLICIT_SEPARATOR,4,3,3,1.0,2,0.6666666666666666,0,True,ELIGIBLE,0,HEADWAY_UNKNOWN_OR_NOT_APPLICABLE,0.3333333333333333,0.3333333333333333,0.16666666666666666,0.16666666666666666,0.0,"{""G04"": 1, ""G07"": 1}"
73,ct_6bfb1cb10f19bb,천안,목요일,EXPLICIT_SEPARATOR,4,3,3,1.0,2,0.6666666666666666,0,True,ELIGIBLE,0,HEADWAY_UNKNOWN_OR_NOT_APPLICABLE,0.6666666666666666,0.3333333333333333,0.0,0.0,0.0,"{""G07"": 1, ""G08"": 1}"
74,ct_2c0d1fe873d818,천안,화요일,EXPLICIT_SEPARATOR,5,4,4,1.0,3,0.75,0,True,ELIGIBLE,0,HEADWAY_UNKNOWN_OR_NOT_APPLICABLE,0.5,0.25,0.25,0.0,0.0,"{""G04"": 1, ""G08"": 2}"
75,ct_4078e0f90b0ed3,충주,충주시티투어,EXPLICIT_SEPARATOR,6,0,0,0.0,0,0.0,0,False,TOO_FEW_VISITS,0,HEADWAY_UNKNOWN_OR_NOT_APPLICABLE,0.0,0.0,0.0,0.0,0.0,{}
76,ct_a11be8ffeee88a,태백,통리장 코스,EXPLICIT_SEPARATOR,8,5,5,1.0,3,0.6,0,True,ELIGIBLE,0,,0.2,0.4,0.2,0.2,0.0,"{""G03"": 1, ""G04"": 2}"
77,ct_36b90ac2b7ebec,태백,황지자유시장 코스,EXPLICIT_SEPARATOR,9,6,6,1.0,4,0.6666666666666666,0,True,ELIGIBLE,0,,0.16666666666666666,0.3333333333333333,0.16666666666666666,0.16666666666666666,0.16666666666666666,"{""G03"": 1, ""G04"": 2, ""G05"": 1}"
78,ct_cba721781124d5,원주,원주시티투어(순환형),EXPLICIT_SEPARATOR,15,7,7,1.0,5,0.7142857142857143,0,True,ELIGIBLE,0,,0.14285714285714285,0.14285714285714285,0.7142857142857143,0.0,0.0,"{""G03"": 4, ""G08"": 1}"
79,ct_809907e22355c9,연천,연천명소코스,EXPLICIT_SEPARATOR,6,4,4,1.0,3,0.75,0,True,ELIGIBLE,0,HEADWAY_UNKNOWN_OR_NOT_APPLICABLE,0.25,0.5,0.0,0.25,0.0,"{""G04"": 2, ""G08"": 1}"
80,ct_ed3a5516a8c6ca,연천,안보자연코스,EXPLICIT_SEPARATOR,6,4,4,1.0,2,0.5,0,True,ELIGIBLE,0,,0.0,0.25,0.5,0.25,0.0,"{""G03"": 1, ""G04"": 1}"
81,ct_bd00bd65a80b11,연천,역사자연코스,EXPLICIT_SEPARATOR,7,5,5,1.0,4,0.8,0,True,ELIGIBLE,0,,0.4,0.4,0.2,0.0,0.0,"{""G04"": 2, ""G08"": 2}"
82,ct_768d8183a336c4,이천,승마체험코스,EXPLICIT_SEPARATOR,3,3,2,0.6666666666666666,0,0.0,1,False,CONDITIONAL_STOPS,0,HEADWAY_ONE_REVIEW,0.0,0.0,0.3333333333333333,0.3333333333333333,0.0,{}
83,ct_8e34c83e5dbe39,이천,농촌체험코스(북부),EXPLICIT_SEPARATOR,3,3,3,1.0,0,0.0,0,True,ELIGIBLE,0,HEADWAY_ONE_REVIEW,0.0,0.3333333333333333,0.6666666666666666,0.0,0.0,{}
84,ct_f48a1e387a5d08,이천,농촌체험코스(중부),EXPLICIT_SEPARATOR,3,3,3,1.0,0,0.0,0,True,ELIGIBLE,0,HEADWAY_ONE_REVIEW,0.0,0.0,1.0,0.0,0.0,{}
85,ct_95906ed6ab2982,이천,농촌체험코스(남부),EXPLICIT_SEPARATOR,3,3,2,0.6666666666666666,0,0.0,1,False,CONDITIONAL_STOPS,0,HEADWAY_ONE_REVIEW,0.0,0.0,0.6666666666666666,0.0,0.0,{}
86,ct_6e5834d70408a0,평택,"문화유산코스 /관광코스 ※무장애코스 월2회 정기운영(3~6월,9~11월)",EXPLICIT_SEPARATOR,28,26,25,0.9615384615384616,14,0.5384615384615384,1,False,CONDITIONAL_STOPS,0,HEADWAY_UNKNOWN_OR_NOT_APPLICABLE,0.5,0.2692307692307692,0.19230769230769232,0.0,0.0,"{""G03"": 2, ""G04"": 5, ""G08"": 7}"
87,ct_3dd54d8970e115,의정부,의정부포레스트:오감이 깨어나는 숲 속 여행,EXPLICIT_SEPARATOR,5,5,5,1.0,2,0.4,0,True,ELIGIBLE,0,HEADWAY_UNKNOWN_OR_NOT_APPLICABLE,0.0,0.2,0.4,0.4,0.0,"{""G03"": 1, ""G04"": 1}"
88,ct_1ec5a8d64c0dc7,청주,청주시티투어_수시투어,FLEXIBLE_OR_UNSPECIFIED,1,0,0,0.0,0,0.0,0,False,ROUTE_UNRESOLVED,0,HEADWAY_UNKNOWN_OR_NOT_APPLICABLE,0.0,0.0,0.0,0.0,0.0,{}
89,ct_77585e7300bc39,청주,청주시티투어_정기투어_트레킹 투어(토),EXPLICIT_SEPARATOR,9,7,7,1.0,5,0.7142857142857143,0,True,ELIGIBLE,0,HEADWAY_UNKNOWN_OR_NOT_APPLICABLE,0.0,0.7142857142857143,0.2857142857142857,0.0,0.0,"{""G03"": 2, ""G04"": 1, ""G07"": 2}"
90,ct_d756b69f16e800,청주,청주시티투어_정기투어_힐링로드 투어(토),EXPLICIT_SEPARATOR,8,6,6,1.0,4,0.6666666666666666,0,True,ELIGIBLE,0,HEADWAY_UNKNOWN_OR_NOT_APPLICABLE,0.16666666666666666,0.16666666666666666,0.5,0.16666666666666666,0.0,"{""G01"": 1, ""G03"": 2, ""G08"": 1}"
91,ct_a726fc60353090,청주,청주시티투어_정기투어_초정힐링 투어(토),EXPLICIT_SEPARATOR,8,5,5,1.0,5,1.0,0,True,ELIGIBLE,0,HEADWAY_UNKNOWN_OR_NOT_APPLICABLE,0.4,0.0,0.4,0.2,0.0,"{""G01"": 1, ""G03"": 2, ""G08"": 2}"
92,ct_86dc46ed127655,청주,청주시티투어_정기투어_청남대 투어(수토일),EXPLICIT_SEPARATOR,9,5,5,1.0,5,1.0,0,True,ELIGIBLE,0,HEADWAY_UNKNOWN_OR_NOT_APPLICABLE,0.2,0.2,0.4,0.2,0.0,"{""G01"": 1, ""G03"": 2, ""G07"": 1, ""G08"": 1}"
93,ct_c68da356b898d6,여주,꽃섬투어,EXPLICIT_SEPARATOR,9,7,7,1.0,4,0.5714285714285714,0,True,ELIGIBLE,0,,0.14285714285714285,0.0,0.5714285714285714,0.0,0.2857142857142857,"{""G03"": 1, ""G05"": 2, ""G08"": 1}"
94,ct_7cdced2e0d065a,여주,시티투어,EXPLICIT_SEPARATOR,11,9,9,1.0,3,0.3333333333333333,0,True,ELIGIBLE,0,,0.3333333333333333,0.2222222222222222,0.2222222222222222,0.2222222222222222,0.0,"{""G04"": 1, ""G08"": 2}"
95,ct_bd2de54ec11e6b,양산,양산시 가을 시티투어 (자연관광코스),EXPLICIT_SEPARATOR,6,4,3,0.75,2,0.5,0,True,ELIGIBLE,0,HEADWAY_UNKNOWN_OR_NOT_APPLICABLE|URL_MISSING,0.0,0.25,0.25,0.25,0.0,"{""G03"": 1, ""G04"": 1}"
96,ct_79a18eaed83932,양산,양산시 가을 시티투어 (역사문화코스),EXPLICIT_SEPARATOR,6,4,4,1.0,3,0.75,0,True,ELIGIBLE,0,HEADWAY_UNKNOWN_OR_NOT_APPLICABLE|URL_MISSING,0.5,0.25,0.0,0.25,0.0,"{""G04"": 1, ""G08"": 2}"
97,ct_956d44d9a821ed,양산,2025 6월 시티투어,EXPLICIT_SEPARATOR,6,4,4,1.0,3,0.75,0,True,ELIGIBLE,0,HEADWAY_UNKNOWN_OR_NOT_APPLICABLE|URL_MISSING,0.25,0.25,0.25,0.25,0.0,"{""G03"": 1, ""G04"": 1, ""G08"": 1}"
98,ct_a98893fa363590,양산,봄꽃체험코스,EXPLICIT_SEPARATOR,5,3,2,0.6666666666666666,1,0.3333333333333333,0,True,ELIGIBLE,0,HEADWAY_UNKNOWN_OR_NOT_APPLICABLE|URL_MISSING,0.0,0.3333333333333333,0.0,0.3333333333333333,0.0,"{""G04"": 1}"
99,ct_36cdd5661df6fd,봉화,송이축제 문화유적탐방버스,EXPLICIT_SEPARATOR,5,5,5,1.0,4,0.8,0,True,ELIGIBLE,0,HEADWAY_UNKNOWN_OR_NOT_APPLICABLE|OPERATING_TIME_UNDECIDED|URL_MISSING,0.2,0.4,0.4,0.0,0.0,"{""G03"": 2, ""G04"": 1, ""G07"": 1}"
100,ct_69c07f148cbc8b,봉화,은어축제 문화유적탐방버스,EXPLICIT_SEPARATOR,5,5,5,1.0,4,0.8,0,True,ELIGIBLE,0,HEADWAY_UNKNOWN_OR_NOT_APPLICABLE|OPERATING_TIME_UNDECIDED|URL_MISSING,0.2,0.4,0.4,0.0,0.0,"{""G03"": 2, ""G04"": 1, ""G07"": 1}"
101,ct_de90b5933f0b40,청도,시티투어,EXPLICIT_SEPARATOR,5,5,5,1.0,2,0.4,0,True,ELIGIBLE,0,URL_MISSING,0.2,0.2,0.2,0.4,0.0,"{""G03"": 1, ""G04"": 1}"
102,ct_a8109db7ba07e7,안동,봉정사&만휴정테마,EXPLICIT_SEPARATOR,12,8,7,0.875,3,0.375,1,False,CONDITIONAL_STOPS,0,,0.5625,0.25,0.0,0.0625,0.0,"{""G04"": 1, ""G08"": 2}"
103,ct_bdc4b066f6280d,안동,도산서원&예끼마을테마,EXPLICIT_SEPARATOR,11,7,7,1.0,3,0.42857142857142855,0,True,ELIGIBLE,0,,0.5,0.0,0.2857142857142857,0.21428571428571427,0.0,"{""G03"": 1, ""G08"": 2}"
104,ct_ec90f983bc7ed6,안동,하회마을테마,EXPLICIT_SEPARATOR,12,8,8,1.0,4,0.5,0,True,ELIGIBLE,0,,0.5625,0.25,0.125,0.0625,0.0,"{""G04"": 2, ""G07"": 1, ""G08"": 1}"
105,ct_40252d247000a5,안동,야간도심테마,EXPLICIT_SEPARATOR,7,4,4,1.0,3,0.75,0,True,ELIGIBLE,1,,0.25,0.5,0.25,0.0,0.0,"{""G04"": 2, ""G08"": 1}"
106,ct_ab2a31c9b0dd1c,안동,주간도심테마,EXPLICIT_SEPARATOR,11,8,7,0.875,4,0.5,0,True,ELIGIBLE,0,,0.25,0.375,0.0,0.125,0.125,"{""G01"": 1, ""G04"": 2, ""G08"": 1}"
107,ct_b96c711c2cd94d,예산,예산군 버스투어,EXPLICIT_SEPARATOR,7,6,6,1.0,6,1.0,0,True,ELIGIBLE,0,HEADWAY_UNKNOWN_OR_NOT_APPLICABLE,0.3333333333333333,0.3333333333333333,0.0,0.3333333333333333,0.0,"{""G01"": 2, ""G04"": 2, ""G08"": 2}"
108,ct_03101958100a14,부여,부여테마여행,EXPLICIT_SEPARATOR,21,11,11,1.0,8,0.7272727272727273,0,True,ELIGIBLE,0,,0.5454545454545454,0.36363636363636365,0.09090909090909091,0.0,0.0,"{""G03"": 1, ""G04"": 3, ""G08"": 4}"
109,ct_6c4aceb7545355,부여,롯데리조트부여와 함께하는 부여 감성야행,EXPLICIT_SEPARATOR,19,10,9,0.9,8,0.8,1,False,CONDITIONAL_STOPS,1,,0.2,0.3,0.4,0.0,0.0,"{""G03"": 2, ""G04"": 3, ""G08"": 1}"
110,ct_abd1e371e69550,정선,아리랑열차 연계형 시티투어2,EXPLICIT_SEPARATOR,7,5,5,1.0,4,0.8,0,True,ELIGIBLE,0,HEADWAY_UNKNOWN_OR_NOT_APPLICABLE,0.0,0.4,0.2,0.2,0.2,"{""G01"": 1, ""G04"": 1, ""G05"": 1, ""G07"": 1}"
111,ct_370b108b4609ce,정선,아리랑열차 연계형 시티투어 1,EXPLICIT_SEPARATOR,5,1,1,1.0,1,1.0,0,False,TOO_FEW_VISITS,0,HEADWAY_UNKNOWN_OR_NOT_APPLICABLE,0.0,0.0,0.0,1.0,0.0,"{""G01"": 1}"
112,ct_516add9e1cef4a,정선,와와정선 2층 투어버스,EXPLICIT_SEPARATOR,7,4,4,1.0,2,0.5,0,True,ELIGIBLE,0,HEADWAY_UNKNOWN_OR_NOT_APPLICABLE,0.0,0.25,0.5,0.25,0.0,"{""G01"": 1, ""G04"": 1}"
113,ct_ebbc3131233e25,가평,가평순환버스B코스,EXPLICIT_SEPARATOR,6,3,3,1.0,3,1.0,0,True,ELIGIBLE,0,,0.0,0.6666666666666666,0.3333333333333333,0.0,0.0,"{""G03"": 1, ""G04"": 1, ""G07"": 1}"
114,ct_2827a8d7943bdf,가평,가평순환버스A코스,EXPLICIT_SEPARATOR,9,7,7,1.0,6,0.8571428571428571,0,True,ELIGIBLE,0,,0.0,0.42857142857142855,0.5714285714285714,0.0,0.0,"{""G03"": 3, ""G04"": 2, ""G07"": 1}"
115,ct_c825dbc2a63555,파주,2026 파주시티투어 1박2일코스(토요일~일요일),EXPLICIT_SEPARATOR,6,6,6,1.0,3,0.5,0,True,ELIGIBLE,0,,0.5,0.0,0.5,0.0,0.0,"{""G03"": 2, ""G08"": 1}"
116,ct_f534f220e539af,파주,2026 파주시티투어 당일코스(일요일),EXPLICIT_SEPARATOR,3,3,3,1.0,1,0.3333333333333333,0,True,ELIGIBLE,0,,0.6666666666666666,0.16666666666666666,0.16666666666666666,0.0,0.0,"{""G08"": 1}"
117,ct_9f8a8ca65b1ebb,파주,2026 파주시티투어 당일코스(토요일),EXPLICIT_SEPARATOR,3,3,3,1.0,3,1.0,0,True,ELIGIBLE,0,,0.6666666666666666,0.0,0.3333333333333333,0.0,0.0,"{""G03"": 1, ""G08"": 2}"
118,ct_d916d0f4237246,파주,2026 파주시티투어 당일코스(금요일),EXPLICIT_SEPARATOR,3,3,3,1.0,2,0.6666666666666666,0,True,ELIGIBLE,0,,0.3333333333333333,0.0,0.6666666666666666,0.0,0.0,"{""G03"": 2}"
119,ct_62dfed5cce4635,파주,2026 파주시티투어 당일코스(목요일),EXPLICIT_SEPARATOR,3,3,3,1.0,2,0.6666666666666666,0,True,ELIGIBLE,0,,0.3333333333333333,0.6666666666666666,0.0,0.0,0.0,"{""G04"": 1, ""G08"": 1}"
120,ct_5c692156a089c1,파주,2026 파주시티투어 당일코스(수요일),EXPLICIT_SEPARATOR,3,3,3,1.0,1,0.3333333333333333,0,True,ELIGIBLE,0,,0.3333333333333333,0.5,0.16666666666666666,0.0,0.0,"{""G07"": 1}"
121,ct_d3c228b00ede2b,파주,2026 파주시티투어 당일코스(화요일),EXPLICIT_SEPARATOR,3,3,3,1.0,3,1.0,0,True,ELIGIBLE,0,,0.0,0.3333333333333333,0.6666666666666666,0.0,0.0,"{""G03"": 2, ""G04"": 1}"
122,ct_7e32361fcd1ee4,시흥,테마형 수시코스,FLEXIBLE_OR_UNSPECIFIED,1,0,0,0.0,0,0.0,0,False,ROUTE_UNRESOLVED,0,HEADWAY_UNKNOWN_OR_NOT_APPLICABLE,0.0,0.0,0.0,0.0,0.0,{}
123,ct_4be058672a95ae,시흥,테마형 정기코스,EXPLICIT_SEPARATOR,11,7,7,1.0,4,0.5714285714285714,0,True,ELIGIBLE,0,HEADWAY_UNKNOWN_OR_NOT_APPLICABLE,0.0,0.5,0.14285714285714285,0.0,0.35714285714285715,"{""G03"": 1, ""G04"": 2, ""G05"": 1}"
124,ct_83afdb6c6bad30,시흥,순환형 2층버스,EXPLICIT_SEPARATOR,5,5,5,1.0,4,0.8,0,True,ELIGIBLE,0,HEADWAY_ONE_REVIEW,0.2,0.4,0.0,0.0,0.4,"{""G04"": 2, ""G05"": 1, ""G08"": 1}"
125,ct_5af4a6ea0ae672,부천,정규코스. 특별코스,EXPLICIT_SEPARATOR,2,0,0,0.0,0,0.0,0,False,TOO_FEW_VISITS,0,HEADWAY_UNKNOWN_OR_NOT_APPLICABLE,0.0,0.0,0.0,0.0,0.0,{}
126,ct_1c691124e74222,대구,도동코스,EXPLICIT_SEPARATOR,4,4,4,1.0,3,0.75,0,True,ELIGIBLE,0,,0.75,0.0,0.0,0.25,0.0,"{""G08"": 3}"
127,ct_0e4d7f0c7de8e2,대구,송해코스,EXPLICIT_SEPARATOR,5,5,5,1.0,4,0.8,0,True,ELIGIBLE,0,,0.6,0.4,0.0,0.0,0.0,"{""G04"": 2, ""G08"": 2}"
128,ct_62ce3cfd4b2223,대구,현풍코스,EXPLICIT_SEPARATOR,7,6,6,1.0,3,0.5,0,True,ELIGIBLE,0,,0.8333333333333334,0.0,0.0,0.16666666666666666,0.0,"{""G08"": 3}"
129,ct_3502e24db497bb,인천,노을야경투어,EXPLICIT_SEPARATOR,5,1,1,1.0,0,0.0,0,False,TOO_FEW_VISITS,1,HEADWAY_UNKNOWN_OR_NOT_APPLICABLE,0.0,0.0,0.0,0.0,1.0,{}
130,ct_b53b246e98a9cd,인천,석모도투어,EXPLICIT_SEPARATOR,5,3,3,1.0,1,0.3333333333333333,0,True,ELIGIBLE,0,HEADWAY_UNKNOWN_OR_NOT_APPLICABLE,0.3333333333333333,0.3333333333333333,0.0,0.3333333333333333,0.0,"{""G04"": 1}"
131,ct_59c60fcaf04aa6,인천,교동도투어,EXPLICIT_SEPARATOR,6,4,4,1.0,1,0.25,0,True,ELIGIBLE,0,HEADWAY_UNKNOWN_OR_NOT_APPLICABLE,0.25,0.25,0.5,0.0,0.0,"{""G08"": 1}"
132,ct_30fd00f9cfda89,인천,선재영흥투어,EXPLICIT_SEPARATOR,5,3,3,1.0,0,0.0,0,True,ELIGIBLE,0,HEADWAY_UNKNOWN_OR_NOT_APPLICABLE,0.0,0.0,0.0,0.0,1.0,{}
133,ct_0ed3eb88438a1d,인천,청라투어,EXPLICIT_SEPARATOR,6,4,4,1.0,1,0.25,0,True,ELIGIBLE,0,HEADWAY_UNKNOWN_OR_NOT_APPLICABLE,0.0,0.5,0.5,0.0,0.0,"{""G04"": 1}"
134,ct_008becedc70ab4,인천,무의도투어,EXPLICIT_SEPARATOR,5,3,3,1.0,1,0.3333333333333333,0,True,ELIGIBLE,0,HEADWAY_UNKNOWN_OR_NOT_APPLICABLE,0.0,0.0,0.0,0.0,1.0,"{""G05"": 1}"
135,ct_2be78db2f756ab,인천,바다노선,EXPLICIT_SEPARATOR,9,6,6,1.0,3,0.5,0,True,ELIGIBLE,0,,0.16666666666666666,0.0,0.5,0.0,0.3333333333333333,"{""G05"": 1, ""G08"": 1}"
136,ct_424fda831e8a80,인천,인천레트로노선,EXPLICIT_SEPARATOR,9,6,6,1.0,4,0.6666666666666666,0,True,ELIGIBLE,0,,0.16666666666666666,0.0,0.5,0.3333333333333333,0.0,"{""G01"": 1, ""G02"": 1, ""G03"": 1, ""G08"": 1}"
137,ct_55438211f07ef0,임실,명소탐방 임실 시티투어,EXPLICIT_SEPARATOR,5,3,3,1.0,1,0.3333333333333333,0,True,ELIGIBLE,0,HEADWAY_UNKNOWN_OR_NOT_APPLICABLE,0.16666666666666666,0.0,0.3333333333333333,0.16666666666666666,0.3333333333333333,"{""G03"": 1}"
138,ct_d2de6dc991c57d,군산,(박물관 출발) 고군산코스,EXPLICIT_SEPARATOR,3,1,1,1.0,1,1.0,0,False,TOO_FEW_VISITS,0,,0.0,0.0,0.0,0.0,1.0,"{""G05"": 1}"
139,ct_3aa92169f5cb7c,군산,(익산역 출발) 고군산시간여행코스,EXPLICIT_SEPARATOR,8,5,5,1.0,4,0.8,0,True,ELIGIBLE,0,,0.4,0.2,0.2,0.0,0.2,"{""G02"": 1, ""G04"": 1, ""G05"": 1, ""G08"": 1}"
140,ct_c343406b7388f2,군산,고군산시간여행코스,EXPLICIT_SEPARATOR,7,2,2,1.0,1,0.5,0,True,ELIGIBLE,0,,0.5,0.0,0.0,0.0,0.5,"{""G05"": 1}"
141,ct_c5a98dca8ee2d1,제천,제천관광택시,FLEXIBLE_OR_UNSPECIFIED,1,0,0,0.0,0,0.0,0,False,ROUTE_UNRESOLVED,0,URL_MISSING,0.0,0.0,0.0,0.0,0.0,{}
142,ct_5728bf247a42c1,제천,시티투어,EXPLICIT_SEPARATOR,4,4,4,1.0,2,0.5,0,True,ELIGIBLE,0,,0.125,0.25,0.5,0.125,0.0,"{""G02"": 1, ""G04"": 1}"
143,ct_0af000fbdb8ad6,동해,관광문화코스,EXPLICIT_SEPARATOR,12,5,5,1.0,4,0.8,0,True,ELIGIBLE,0,,0.0,0.4,0.2,0.4,0.0,"{""G01"": 1, ""G03"": 1, ""G04"": 1, ""G07"": 1}"
144,ct_fc9f85899d40a4,안산,안산 시내권코스(토요일),EXPLICIT_SEPARATOR,8,5,5,1.0,3,0.6,0,True,ELIGIBLE,0,HEADWAY_UNKNOWN_OR_NOT_APPLICABLE,0.6,0.4,0.0,0.0,0.0,"{""G04"": 2, ""G08"": 1}"
145,ct_a3932d2baa3d16,안산,안산 시내권코스(목요일),EXPLICIT_SEPARATOR,7,5,5,1.0,4,0.8,0,True,ELIGIBLE,0,HEADWAY_UNKNOWN_OR_NOT_APPLICABLE,0.4,0.4,0.0,0.2,0.0,"{""G01"": 1, ""G04"": 2, ""G08"": 1}"
146,ct_b3b0773f44a533,안산,대부도 해변코스(체험형 1코스),EXPLICIT_SEPARATOR,6,3,3,1.0,2,0.6666666666666666,0,True,ELIGIBLE,0,HEADWAY_UNKNOWN_OR_NOT_APPLICABLE,0.0,0.0,1.0,0.0,0.0,"{""G03"": 2}"
147,ct_ec6acb453717fd,안산,대부도 해변코스(일반형 2코스),EXPLICIT_SEPARATOR,6,3,3,1.0,2,0.6666666666666666,0,True,ELIGIBLE,0,HEADWAY_UNKNOWN_OR_NOT_APPLICABLE,0.0,0.6666666666666666,0.0,0.0,0.3333333333333333,"{""G04"": 2}"
148,ct_14b70a907c3324,안산,대부도 해변코스(일반형 1코스),EXPLICIT_SEPARATOR,6,3,3,1.0,2,0.6666666666666666,0,True,ELIGIBLE,0,HEADWAY_UNKNOWN_OR_NOT_APPLICABLE,0.0,0.3333333333333333,0.3333333333333333,0.0,0.3333333333333333,"{""G04"": 1, ""G05"": 1}"
149,ct_0ebeda6387230e,안산,대부도 뱃길코스(체험형 2코스),EXPLICIT_SEPARATOR,7,5,5,1.0,5,1.0,0,True,ELIGIBLE,0,HEADWAY_UNKNOWN_OR_NOT_APPLICABLE,0.0,0.0,0.4,0.0,0.6,"{""G03"": 2, ""G05"": 3}"
150,ct_b2af495e1760b5,안산,대부도 뱃길코스(체험형 1코스),EXPLICIT_SEPARATOR,6,4,4,1.0,3,0.75,0,True,ELIGIBLE,0,HEADWAY_UNKNOWN_OR_NOT_APPLICABLE,0.0,0.0,0.0,0.25,0.75,"{""G05"": 3}"
151,ct_b6060e0e38a765,안산,대부도 뱃길코스(일반형 2코스),EXPLICIT_SEPARATOR,9,7,7,1.0,5,0.7142857142857143,0,True,ELIGIBLE,0,HEADWAY_UNKNOWN_OR_NOT_APPLICABLE,0.0,0.21428571428571427,0.14285714285714285,0.07142857142857142,0.5714285714285714,"{""G04"": 1, ""G05"": 4}"
152,ct_a7d1b6cc26e056,안산,대부도 뱃길코스(일반형 1코스),EXPLICIT_SEPARATOR,9,7,7,1.0,6,0.8571428571428571,0,True,ELIGIBLE,0,HEADWAY_UNKNOWN_OR_NOT_APPLICABLE,0.0,0.14285714285714285,0.14285714285714285,0.0,0.7142857142857143,"{""G04"": 1, ""G05"": 5}"
153,ct_0946c67481033f,세종,행복투어B,EXPLICIT_SEPARATOR,3,3,3,1.0,2,0.6666666666666666,0,True,ELIGIBLE,0,HEADWAY_UNKNOWN_OR_NOT_APPLICABLE,0.3333333333333333,0.3333333333333333,0.3333333333333333,0.0,0.0,"{""G02"": 1, ""G07"": 1}"
154,ct_6beed8d2daa9dc,세종,야경투어,EXPLICIT_SEPARATOR,5,5,5,1.0,2,0.4,0,True,ELIGIBLE,1,HEADWAY_UNKNOWN_OR_NOT_APPLICABLE,0.0,0.4,0.6,0.0,0.0,"{""G02"": 1, ""G04"": 1}"
155,ct_f355a62ad61675,세종,정원투어,EXPLICIT_SEPARATOR,5,5,5,1.0,1,0.2,0,True,ELIGIBLE,0,HEADWAY_UNKNOWN_OR_NOT_APPLICABLE,0.0,0.4,0.6,0.0,0.0,"{""G02"": 1}"
156,ct_fe508b5dbba88f,세종,역사산책투어,EXPLICIT_SEPARATOR,4,4,4,1.0,1,0.25,0,True,ELIGIBLE,0,HEADWAY_UNKNOWN_OR_NOT_APPLICABLE,0.125,0.625,0.25,0.0,0.0,"{""G04"": 1}"
157,ct_a8b35f46bb8621,세종,행복투어A,EXPLICIT_SEPARATOR,5,5,5,1.0,2,0.4,0,True,ELIGIBLE,0,HEADWAY_UNKNOWN_OR_NOT_APPLICABLE,0.0,0.4,0.6,0.0,0.0,"{""G02"": 1, ""G04"": 1}"
158,ct_4212deac479d6b,세종,역사문화투어,EXPLICIT_SEPARATOR,3,3,3,1.0,2,0.6666666666666666,0,True,ELIGIBLE,0,HEADWAY_UNKNOWN_OR_NOT_APPLICABLE,1.0,0.0,0.0,0.0,0.0,"{""G08"": 2}"
159,ct_a8b6f564bf7384,세종,봄꽃파닭B투어,EXPLICIT_SEPARATOR,3,3,3,1.0,2,0.6666666666666666,0,True,ELIGIBLE,0,HEADWAY_UNKNOWN_OR_NOT_APPLICABLE,0.0,0.6666666666666666,0.0,0.3333333333333333,0.0,"{""G01"": 1, ""G04"": 1}"
160,ct_3e1bfccd397508,세종,봄꽃파닭A투어,EXPLICIT_SEPARATOR,3,3,3,1.0,2,0.6666666666666666,0,True,ELIGIBLE,0,HEADWAY_UNKNOWN_OR_NOT_APPLICABLE,0.0,0.6666666666666666,0.0,0.3333333333333333,0.0,"{""G01"": 1, ""G04"": 1}"
161,ct_037c18bb42946f,세종,천안연계투어,EXPLICIT_SEPARATOR,4,4,4,1.0,1,0.25,0,True,ELIGIBLE,0,HEADWAY_UNKNOWN_OR_NOT_APPLICABLE,0.5,0.25,0.0,0.25,0.0,"{""G04"": 1}"
162,ct_ca13864967c1fb,세종,세종관광명소B투어,EXPLICIT_SEPARATOR,4,4,4,1.0,1,0.25,0,True,ELIGIBLE,0,HEADWAY_UNKNOWN_OR_NOT_APPLICABLE,0.0,0.25,0.5,0.25,0.0,"{""G01"": 1}"
163,ct_6df930eb64d3ad,세종,세종관광명소A투어,EXPLICIT_SEPARATOR,6,6,6,1.0,4,0.6666666666666666,0,True,ELIGIBLE,0,HEADWAY_UNKNOWN_OR_NOT_APPLICABLE,0.16666666666666666,0.6666666666666666,0.16666666666666666,0.0,0.0,"{""G02"": 1, ""G04"": 2, ""G07"": 1}"
164,ct_82edd01ea220e6,화순,화순적벽 버스투어(적벽 셔틀버스),EXPLICIT_SEPARATOR,7,5,5,1.0,3,0.6,0,True,ELIGIBLE,0,,0.0,1.0,0.0,0.0,0.0,"{""G04"": 3}"
165,ct_0d87fb5d8ec759,화순,화순적벽 버스투어(적벽투어),EXPLICIT_SEPARATOR,3,1,1,1.0,1,1.0,0,False,TOO_FEW_VISITS,0,,0.0,1.0,0.0,0.0,0.0,"{""G04"": 1}"
166,ct_4e89a607500203,태안,광역코스,EXPLICIT_SEPARATOR,5,5,5,1.0,3,0.6,0,True,ELIGIBLE,0,,0.2,0.2,0.0,0.2,0.4,"{""G04"": 1, ""G05"": 1, ""G08"": 1}"
167,ct_596ccaeb2861f9,태안,남부코스,EXPLICIT_SEPARATOR,6,6,6,1.0,4,0.6666666666666666,0,True,ELIGIBLE,0,,0.16666666666666666,0.3333333333333333,0.0,0.3333333333333333,0.16666666666666666,"{""G04"": 2, ""G05"": 1, ""G08"": 1}"
168,ct_74128602fb5dca,태안,북부코스,EXPLICIT_SEPARATOR,4,4,4,1.0,2,0.5,0,True,ELIGIBLE,0,,0.0,0.5,0.125,0.0,0.375,"{""G04"": 1, ""G07"": 1}"
169,ct_72a42eb150b5d4,춘천,일요일,EXPLICIT_SEPARATOR,11,9,9,1.0,7,0.7777777777777778,0,True,ELIGIBLE,0,HEADWAY_UNKNOWN_OR_NOT_APPLICABLE,0.1111111111111111,0.5,0.3333333333333333,0.05555555555555555,0.0,"{""G02"": 2, ""G03"": 1, ""G04"": 3, ""G08"": 1}"
170,ct_2c5b83ca1acb5c,춘천,토요일,EXPLICIT_SEPARATOR,11,9,9,1.0,7,0.7777777777777778,0,True,ELIGIBLE,0,HEADWAY_UNKNOWN_OR_NOT_APPLICABLE,0.1111111111111111,0.5,0.3333333333333333,0.05555555555555555,0.0,"{""G02"": 2, ""G03"": 1, ""G04"": 3, ""G08"": 1}"
171,ct_dfc58b1c3324c1,춘천,금요일,EXPLICIT_SEPARATOR,8,6,6,1.0,4,0.6666666666666666,0,True,ELIGIBLE,0,HEADWAY_UNKNOWN_OR_NOT_APPLICABLE,0.25,0.3333333333333333,0.25,0.16666666666666666,0.0,"{""G03"": 1, ""G04"": 1, ""G07"": 1, ""G08"": 1}"
172,ct_166c38f36d6640,춘천,목요일,EXPLICIT_SEPARATOR,4,4,4,1.0,1,0.25,0,True,ELIGIBLE,0,HEADWAY_UNKNOWN_OR_NOT_APPLICABLE,0.25,0.5,0.25,0.0,0.0,"{""G07"": 1}"
173,ct_38e990a88a3094,춘천,수요일,EXPLICIT_SEPARATOR,4,4,4,1.0,3,0.75,0,True,ELIGIBLE,0,HEADWAY_UNKNOWN_OR_NOT_APPLICABLE,1.0,0.0,0.0,0.0,0.0,"{""G08"": 3}"
174,ct_452018aaa6c847,춘천,화요일,EXPLICIT_SEPARATOR,5,5,5,1.0,4,0.8,0,True,ELIGIBLE,0,HEADWAY_UNKNOWN_OR_NOT_APPLICABLE,0.2,0.6,0.0,0.2,0.0,"{""G04"": 2, ""G07"": 1, ""G08"": 1}"
175,ct_d0cdc53f7d6755,춘천,월요일,EXPLICIT_SEPARATOR,5,5,5,1.0,3,0.6,0,True,ELIGIBLE,0,HEADWAY_UNKNOWN_OR_NOT_APPLICABLE,0.0,0.3,0.4,0.3,0.0,"{""G02"": 1, ""G03"": 1, ""G04"": 1}"
176,ct_aa87321b8b5003,창원,창원시티투어,EXPLICIT_SEPARATOR,14,12,12,1.0,9,0.75,0,True,ELIGIBLE,0,,0.08333333333333333,0.4166666666666667,0.20833333333333334,0.16666666666666666,0.125,"{""G01"": 2, ""G02"": 1, ""G03"": 1, ""G04"": 3, ""G05"": 1, ""G08"": 1}"
177,ct_1d8d8a70616c41,경기광주,광주시티투어,EXPLICIT_SEPARATOR,7,7,7,1.0,7,1.0,0,True,ELIGIBLE,0,HEADWAY_UNKNOWN_OR_NOT_APPLICABLE,0.42857142857142855,0.2857142857142857,0.2857142857142857,0.0,0.0,"{""G03"": 2, ""G04"": 1, ""G07"": 2, ""G08"": 2}"
178,ct_0ab41b7160d0e2,김해,문화에반해,EXPLICIT_SEPARATOR,4,4,3,0.75,2,0.5,1,False,CONDITIONAL_STOPS,0,HEADWAY_UNKNOWN_OR_NOT_APPLICABLE,0.25,0.0,0.5,0.0,0.0,"{""G02"": 1, ""G03"": 1}"
179,ct_caab077d4954a7,김해,역사에반해,EXPLICIT_SEPARATOR,6,6,6,1.0,6,1.0,0,True,ELIGIBLE,0,HEADWAY_UNKNOWN_OR_NOT_APPLICABLE,1.0,0.0,0.0,0.0,0.0,"{""G08"": 6}"
180,ct_37faafbf7ac90b,김해,자연에반해,EXPLICIT_SEPARATOR,5,5,4,0.8,2,0.4,1,False,CONDITIONAL_STOPS,0,HEADWAY_UNKNOWN_OR_NOT_APPLICABLE,0.2,0.4,0.2,0.0,0.0,"{""G04"": 1, ""G08"": 1}"
181,ct_084dcff739bc51,김해,김해에반해,EXPLICIT_SEPARATOR,12,12,12,1.0,10,0.8333333333333334,0,True,ELIGIBLE,0,HEADWAY_UNKNOWN_OR_NOT_APPLICABLE,0.6666666666666666,0.08333333333333333,0.25,0.0,0.0,"{""G02"": 1, ""G03"": 1, ""G08"": 8}"
182,ct_8de53de429d379,포항,퐝순환코스,EXPLICIT_SEPARATOR,8,4,4,1.0,4,1.0,0,True,ELIGIBLE,0,HEADWAY_UNKNOWN_OR_NOT_APPLICABLE,0.0,0.0,0.25,0.5,0.25,"{""G01"": 2, ""G02"": 1, ""G05"": 1}"
183,ct_ac7ca37140e6b6,포항,퐝랜드마크B코스,EXPLICIT_SEPARATOR,9,5,5,1.0,3,0.6,0,True,ELIGIBLE,0,HEADWAY_UNKNOWN_OR_NOT_APPLICABLE,0.0,0.4,0.2,0.2,0.2,"{""G02"": 1, ""G05"": 1, ""G07"": 1}"
184,ct_00435b9cca499b,포항,퐝랜드마크A코스,EXPLICIT_SEPARATOR,9,5,5,1.0,3,0.6,0,True,ELIGIBLE,0,HEADWAY_UNKNOWN_OR_NOT_APPLICABLE,0.2,0.2,0.3,0.2,0.1,"{""G01"": 1, ""G02"": 1, ""G08"": 1}"
185,ct_e346ea988fedc3,포항,씨(SEA)하게 보는 포항코스,EXPLICIT_SEPARATOR,8,6,6,1.0,3,0.5,0,True,ELIGIBLE,0,HEADWAY_UNKNOWN_OR_NOT_APPLICABLE,0.16666666666666666,0.16666666666666666,0.16666666666666666,0.25,0.25,"{""G01"": 1, ""G05"": 1, ""G08"": 1}"
186,ct_7dba0d730780c9,서천,동백코스(익산-군산 광역),EXPLICIT_SEPARATOR,7,6,6,1.0,5,0.8333333333333334,0,True,ELIGIBLE,0,,0.0,0.5,0.3333333333333333,0.16666666666666666,0.0,"{""G01"": 1, ""G03"": 1, ""G04"": 2, ""G07"": 1}"
187,ct_ba3c89379bf8c1,서천,금빛코스,EXPLICIT_SEPARATOR,7,6,6,1.0,3,0.5,0,True,ELIGIBLE,0,,0.5,0.3333333333333333,0.16666666666666666,0.0,0.0,"{""G03"": 1, ""G04"": 1, ""G08"": 1}"
188,ct_c188dbb343674a,서천,푸른빛코스,EXPLICIT_SEPARATOR,6,5,5,1.0,0,0.0,0,True,ELIGIBLE,0,,0.4,0.4,0.0,0.2,0.0,{}
189,ct_507ac7569b1306,서천,보랏빛코스,EXPLICIT_SEPARATOR,7,6,6,1.0,5,0.8333333333333334,0,True,ELIGIBLE,0,,0.0,0.3333333333333333,0.3333333333333333,0.3333333333333333,0.0,"{""G01"": 1, ""G03"": 2, ""G04"": 1, ""G07"": 1}"
190,ct_6be92119035c7f,영광,"영광쉼,투어",EXPLICIT_SEPARATOR,9,7,7,1.0,3,0.42857142857142855,0,True,ELIGIBLE,0,,0.42857142857142855,0.42857142857142855,0.14285714285714285,0.0,0.0,"{""G04"": 1, ""G08"": 2}"
191,ct_2528f0bf880396,평창,남부권 코스,EXPLICIT_SEPARATOR,8,4,4,1.0,1,0.25,0,True,ELIGIBLE,0,URL_MISSING|REFERENCE_OLDER_THAN_365_DAYS,0.0,0.5,0.5,0.0,0.0,"{""G03"": 1}"
192,ct_9d994e07488f57,삼척,종일코스,EXPLICIT_SEPARATOR,5,5,5,1.0,1,0.2,0,True,ELIGIBLE,0,,0.0,0.2,0.2,0.4,0.2,"{""G04"": 1}"
193,ct_343d3a1d62c8a5,완주,완주힐링로드 시티투어(코레일연계 익산역),EXPLICIT_SEPARATOR,11,9,9,1.0,5,0.5555555555555556,0,True,ELIGIBLE,0,REFERENCE_OLDER_THAN_365_DAYS,0.5555555555555556,0.2222222222222222,0.2222222222222222,0.0,0.0,"{""G02"": 1, ""G04"": 1, ""G08"": 3}"
194,ct_506425657ddce1,완주,완주힐링로드 시티투어(서울권역),EXPLICIT_SEPARATOR,12,10,10,1.0,5,0.5,0,True,ELIGIBLE,0,REFERENCE_OLDER_THAN_365_DAYS,0.5,0.2,0.2,0.1,0.0,"{""G02"": 1, ""G04"": 1, ""G08"": 3}"
195,ct_1dab0b645e521d,완주,완주힐링로드시티투어 2코스,EXPLICIT_SEPARATOR,9,6,6,1.0,3,0.5,0,True,ELIGIBLE,0,REFERENCE_OLDER_THAN_365_DAYS,0.5,0.16666666666666666,0.3333333333333333,0.0,0.0,"{""G07"": 2, ""G08"": 1}"
196,ct_820bca31911e89,완주,완주힐링로드시티투어 1코스,EXPLICIT_SEPARATOR,13,10,10,1.0,5,0.5,0,True,ELIGIBLE,0,REFERENCE_OLDER_THAN_365_DAYS,0.6,0.1,0.3,0.0,0.0,"{""G02"": 1, ""G07"": 2, ""G08"": 2}"
197,ct_e588b4efe19ef3,평창,북부권 코스,EXPLICIT_SEPARATOR,9,3,3,1.0,2,0.6666666666666666,0,True,ELIGIBLE,0,URL_MISSING|REFERENCE_OLDER_THAN_365_DAYS,0.6666666666666666,0.3333333333333333,0.0,0.0,0.0,"{""G07"": 1, ""G08"": 1}"
198,ct_d8a5c2013f976d,공주,축제코스,UNSPLIT_REVIEW,1,0,0,0.0,0,0.0,0,False,ROUTE_UNRESOLVED,0,HEADWAY_UNKNOWN_OR_NOT_APPLICABLE|REFERENCE_OLDER_THAN_365_DAYS,0.0,0.0,0.0,0.0,0.0,{}
199,ct_987d7b91b042a8,완도,해양치유시티투어,EXPLICIT_SEPARATOR,14,6,6,1.0,4,0.6666666666666666,0,True,ELIGIBLE,0,URL_MISSING|REFERENCE_OLDER_THAN_365_DAYS,0.3333333333333333,0.3333333333333333,0.0,0.16666666666666666,0.16666666666666666,"{""G04"": 1, ""G05"": 1, ""G07"": 1, ""G08"": 1}"
200,ct_75d07d35d33328,진도,진도시티투어,EXPLICIT_SEPARATOR,29,17,17,1.0,7,0.4117647058823529,0,True,ELIGIBLE,0,REFERENCE_OLDER_THAN_365_DAYS,0.20588235294117646,0.058823529411764705,0.5588235294117647,0.058823529411764705,0.11764705882352941,"{""G03"": 4, ""G08"": 3}"
201,ct_ff36074cae8347,양주,자연친화코스1,EXPLICIT_SEPARATOR,7,2,2,1.0,1,0.5,0,True,ELIGIBLE,0,REFERENCE_OLDER_THAN_365_DAYS,0.25,0.25,0.5,0.0,0.0,"{""G03"": 1}"
202,ct_cec518ee1213c1,양주,서울우유견학코스,EXPLICIT_SEPARATOR,10,4,4,1.0,1,0.25,0,True,ELIGIBLE,0,REFERENCE_OLDER_THAN_365_DAYS,0.75,0.0,0.25,0.0,0.0,"{""G08"": 1}"
203,ct_e4521f5325216f,양주,박물관투어,EXPLICIT_SEPARATOR,10,4,4,1.0,1,0.25,0,True,ELIGIBLE,0,REFERENCE_OLDER_THAN_365_DAYS,1.0,0.0,0.0,0.0,0.0,"{""G08"": 1}"
204,ct_82e2c317c54d7e,양주,역사투어,EXPLICIT_SEPARATOR,10,4,4,1.0,2,0.5,0,True,ELIGIBLE,0,REFERENCE_OLDER_THAN_365_DAYS,1.0,0.0,0.0,0.0,0.0,"{""G08"": 2}"
205,ct_6e6a0f2ecaee7f,양주,기본코스,EXPLICIT_SEPARATOR,10,4,4,1.0,2,0.5,0,True,ELIGIBLE,0,REFERENCE_OLDER_THAN_365_DAYS,0.75,0.125,0.125,0.0,0.0,"{""G08"": 2}"
206,ct_68d8eff6357673,양구,해안DMZ트래킹 코스,EXPLICIT_SEPARATOR,6,4,4,1.0,2,0.5,0,True,ELIGIBLE,0,REFERENCE_OLDER_THAN_365_DAYS,0.125,0.375,0.5,0.0,0.0,"{""G03"": 1, ""G04"": 1}"
207,ct_f6d09076696e6d,양구,힐링산책코스,EXPLICIT_SEPARATOR,6,4,4,1.0,2,0.5,0,True,ELIGIBLE,0,REFERENCE_OLDER_THAN_365_DAYS,0.0,0.25,0.5,0.0,0.25,"{""G04"": 1, ""G05"": 1}"
208,ct_618497cad743bc,양구,방산나들이코스,EXPLICIT_SEPARATOR,6,4,4,1.0,3,0.75,0,True,ELIGIBLE,0,REFERENCE_OLDER_THAN_365_DAYS,0.25,0.25,0.25,0.0,0.25,"{""G04"": 1, ""G05"": 1, ""G08"": 1}"
209,ct_88364cbd4a5650,곡성,압록권역 순환버스,EXPLICIT_SEPARATOR,7,5,5,1.0,2,0.4,0,True,ELIGIBLE,0,URL_MISSING|REFERENCE_OLDER_THAN_365_DAYS,0.0,0.4,0.6,0.0,0.0,"{""G04"": 2}"
210,ct_23c35eeaf17398,곡성,읍권 순환버스,EXPLICIT_SEPARATOR,9,9,9,1.0,4,0.4444444444444444,0,True,ELIGIBLE,0,URL_MISSING|REFERENCE_OLDER_THAN_365_DAYS,0.14814814814814814,0.4444444444444444,0.2592592592592593,0.14814814814814814,0.0,"{""G04"": 3, ""G08"": 1}"
211,ct_d562a83e7c0f28,대전,가족여행,EXPLICIT_SEPARATOR,4,1,1,1.0,0,0.0,0,False,TOO_FEW_VISITS,0,HEADWAY_UNKNOWN_OR_NOT_APPLICABLE|REFERENCE_OLDER_THAN_365_DAYS,0.0,1.0,0.0,0.0,0.0,{}
212,ct_cf9f8ad6cdda8f,대전,야경,EXPLICIT_SEPARATOR,6,4,3,0.75,2,0.5,0,True,ELIGIBLE,1,HEADWAY_UNKNOWN_OR_NOT_APPLICABLE|REFERENCE_OLDER_THAN_365_DAYS,0.0,0.5,0.25,0.0,0.0,"{""G04"": 2}"
213,ct_661e12e8488117,대전,힐링(장태산),EXPLICIT_SEPARATOR,4,2,2,1.0,1,0.5,0,True,ELIGIBLE,0,HEADWAY_UNKNOWN_OR_NOT_APPLICABLE|REFERENCE_OLDER_THAN_365_DAYS,0.0,0.5,0.5,0.0,0.0,"{""G07"": 1}"
214,ct_f0549cce13f623,대전,힐링(만인산),EXPLICIT_SEPARATOR,4,2,2,1.0,2,1.0,0,True,ELIGIBLE,0,HEADWAY_UNKNOWN_OR_NOT_APPLICABLE|REFERENCE_OLDER_THAN_365_DAYS,0.0,1.0,0.0,0.0,0.0,"{""G04"": 2}"
215,ct_0d96bb8740671d,대전,역사문화(동춘당),EXPLICIT_SEPARATOR,6,3,3,1.0,1,0.3333333333333333,0,True,ELIGIBLE,0,HEADWAY_UNKNOWN_OR_NOT_APPLICABLE|REFERENCE_OLDER_THAN_365_DAYS,0.6666666666666666,0.3333333333333333,0.0,0.0,0.0,"{""G04"": 1}"
216,ct_1a59c2f3801f38,대전,역사문화(효월드),EXPLICIT_SEPARATOR,5,3,3,1.0,1,0.3333333333333333,0,True,ELIGIBLE,0,HEADWAY_UNKNOWN_OR_NOT_APPLICABLE|REFERENCE_OLDER_THAN_365_DAYS,0.6666666666666666,0.0,0.3333333333333333,0.0,0.0,"{""G08"": 1}"
217,ct_d038c55e01951b,대전,대덕특구탐방,EXPLICIT_SEPARATOR,5,3,3,1.0,3,1.0,0,True,ELIGIBLE,0,HEADWAY_UNKNOWN_OR_NOT_APPLICABLE|REFERENCE_OLDER_THAN_365_DAYS,0.3333333333333333,0.6666666666666666,0.0,0.0,0.0,"{""G04"": 2, ""G08"": 1}"
218,ct_c59f7d050e72e0,대전,생태교육,EXPLICIT_SEPARATOR,5,2,2,1.0,1,0.5,0,True,ELIGIBLE,0,HEADWAY_UNKNOWN_OR_NOT_APPLICABLE|REFERENCE_OLDER_THAN_365_DAYS,0.5,0.5,0.0,0.0,0.0,"{""G08"": 1}"
219,ct_db611b0ecd14e4,대전,다크투어,EXPLICIT_SEPARATOR,7,5,5,1.0,1,0.2,0,True,ELIGIBLE,0,HEADWAY_UNKNOWN_OR_NOT_APPLICABLE|REFERENCE_OLDER_THAN_365_DAYS,1.0,0.0,0.0,0.0,0.0,"{""G08"": 1}"
220,ct_4309f65e431d83,아산,인생네컷 코스,EXPLICIT_SEPARATOR,6,4,4,1.0,2,0.5,0,True,ELIGIBLE,0,HEADWAY_UNKNOWN_OR_NOT_APPLICABLE|REFERENCE_OLDER_THAN_365_DAYS,0.25,0.5,0.25,0.0,0.0,"{""G04"": 1, ""G08"": 1}"
221,ct_1b0e0fd1157aaa,아산,休캉스 코스,EXPLICIT_SEPARATOR,5,3,3,1.0,2,0.6666666666666666,0,True,ELIGIBLE,0,REFERENCE_OLDER_THAN_365_DAYS,0.6666666666666666,0.3333333333333333,0.0,0.0,0.0,"{""G08"": 2}"
222,ct_fa87b733ddf357,아산,아산도심핫플코스,EXPLICIT_SEPARATOR,6,4,4,1.0,2,0.5,0,True,ELIGIBLE,0,REFERENCE_OLDER_THAN_365_DAYS,0.5,0.5,0.0,0.0,0.0,"{""G08"": 2}"
223,ct_636360ac200b66,대전,"광역투어(셋째주, 일)",EXPLICIT_SEPARATOR,8,5,5,1.0,4,0.8,0,True,ELIGIBLE,0,HEADWAY_UNKNOWN_OR_NOT_APPLICABLE|REFERENCE_OLDER_THAN_365_DAYS,0.8,0.1,0.1,0.0,0.0,"{""G08"": 4}"
224,ct_45e65111200294,대전,"광역투어(셋째주, 토)",EXPLICIT_SEPARATOR,9,6,6,1.0,1,0.16666666666666666,0,True,ELIGIBLE,0,HEADWAY_UNKNOWN_OR_NOT_APPLICABLE|REFERENCE_OLDER_THAN_365_DAYS,0.5,0.3333333333333333,0.0,0.16666666666666666,0.0,"{""G04"": 1}"
225,ct_6c466761af057c,대전,"광역투어(둘째주, 일)",EXPLICIT_SEPARATOR,7,4,4,1.0,3,0.75,0,True,ELIGIBLE,0,HEADWAY_UNKNOWN_OR_NOT_APPLICABLE|REFERENCE_OLDER_THAN_365_DAYS,0.25,0.5,0.25,0.0,0.0,"{""G03"": 1, ""G04"": 1, ""G08"": 1}"
226,ct_7799bf62ca5138,대전,"광역투어(둘째주, 토)",EXPLICIT_SEPARATOR,6,3,3,1.0,2,0.6666666666666666,0,True,ELIGIBLE,0,HEADWAY_UNKNOWN_OR_NOT_APPLICABLE|REFERENCE_OLDER_THAN_365_DAYS,0.3333333333333333,0.6666666666666666,0.0,0.0,0.0,"{""G07"": 2}"
227,ct_2d10b95a5e902e,대전,"광역투어(첫주, 일)",EXPLICIT_SEPARATOR,9,6,6,1.0,4,0.6666666666666666,0,True,ELIGIBLE,0,HEADWAY_UNKNOWN_OR_NOT_APPLICABLE|REFERENCE_OLDER_THAN_365_DAYS,0.5,0.3333333333333333,0.0,0.16666666666666666,0.0,"{""G04"": 2, ""G08"": 2}"
228,ct_6f6ed56249f477,대전,"광역투어(첫주, 토)",EXPLICIT_SEPARATOR,7,4,4,1.0,1,0.25,0,True,ELIGIBLE,0,HEADWAY_UNKNOWN_OR_NOT_APPLICABLE|REFERENCE_OLDER_THAN_365_DAYS,0.25,0.75,0.0,0.0,0.0,"{""G04"": 1}"
229,ct_e353674363d7f4,대전,대청호코스,EXPLICIT_SEPARATOR,11,8,7,0.875,1,0.125,0,True,ELIGIBLE,0,HEADWAY_UNKNOWN_OR_NOT_APPLICABLE|REFERENCE_OLDER_THAN_365_DAYS,0.125,0.375,0.375,0.0,0.0,"{""G08"": 1}"
230,ct_c53b5abd9a30ab,대전,남부코스,EXPLICIT_SEPARATOR,10,7,7,1.0,4,0.5714285714285714,0,True,ELIGIBLE,0,HEADWAY_UNKNOWN_OR_NOT_APPLICABLE|REFERENCE_OLDER_THAN_365_DAYS,0.2857142857142857,0.2857142857142857,0.42857142857142855,0.0,0.0,"{""G03"": 1, ""G04"": 1, ""G06"": 1, ""G07"": 1}"
231,ct_a32a31da4ac4a1,태안,북부코스남부코스,FLEXIBLE_OR_UNSPECIFIED,1,0,0,0.0,0,0.0,0,False,ROUTE_UNRESOLVED,0,HEADWAY_UNKNOWN_OR_NOT_APPLICABLE|REFERENCE_OLDER_THAN_365_DAYS,0.0,0.0,0.0,0.0,0.0,{}
232,ct_a0af2538872792,서천,전라권코스,EXPLICIT_SEPARATOR,6,6,6,1.0,4,0.6666666666666666,0,True,ELIGIBLE,0,HEADWAY_UNKNOWN_OR_NOT_APPLICABLE|REFERENCE_OLDER_THAN_365_DAYS,0.0,0.3333333333333333,0.3333333333333333,0.3333333333333333,0.0,"{""G01"": 1, ""G03"": 2, ""G07"": 1}"
233,ct_15ca3909485d66,서천,광역코스,EXPLICIT_SEPARATOR,7,7,7,1.0,4,0.5714285714285714,0,True,ELIGIBLE,0,HEADWAY_UNKNOWN_OR_NOT_APPLICABLE|REFERENCE_OLDER_THAN_365_DAYS,0.14285714285714285,0.2857142857142857,0.2857142857142857,0.2857142857142857,0.0,"{""G01"": 1, ""G03"": 2, ""G07"": 1}"
234,ct_2f8d9c4d57db08,서천,힐링코스,EXPLICIT_SEPARATOR,7,7,7,1.0,3,0.42857142857142855,0,True,ELIGIBLE,0,HEADWAY_UNKNOWN_OR_NOT_APPLICABLE|REFERENCE_OLDER_THAN_365_DAYS,0.14285714285714285,0.2857142857142857,0.2857142857142857,0.14285714285714285,0.14285714285714285,"{""G03"": 1, ""G04"": 1, ""G05"": 1}"
235,ct_61845aa89a1c1a,홍천,홍천시티투어,EXPLICIT_SEPARATOR,11,11,11,1.0,3,0.2727272727272727,0,True,ELIGIBLE,0,HEADWAY_UNKNOWN_OR_NOT_APPLICABLE|REFERENCE_OLDER_THAN_365_DAYS,0.22727272727272727,0.2727272727272727,0.36363636363636365,0.13636363636363635,0.0,"{""G04"": 1, ""G08"": 2}"
236,ct_9845cf0683e6c7,화천,화천시티투어(백암산케이블카),EXPLICIT_SEPARATOR,5,5,5,1.0,1,0.2,0,True,ELIGIBLE,0,HEADWAY_UNKNOWN_OR_NOT_APPLICABLE|REFERENCE_OLDER_THAN_365_DAYS,0.4,0.0,0.4,0.2,0.0,"{""G08"": 1}"
237,ct_53a12bc8caced9,화천,화천시티투어(평화누리호),EXPLICIT_SEPARATOR,6,6,6,1.0,2,0.3333333333333333,0,True,ELIGIBLE,0,HEADWAY_UNKNOWN_OR_NOT_APPLICABLE|REFERENCE_OLDER_THAN_365_DAYS,0.3333333333333333,0.16666666666666666,0.3333333333333333,0.16666666666666666,0.0,"{""G08"": 2}"
238,ct_a33d720535a1e1,순천,(테마투어)산사투어,EXPLICIT_SEPARATOR,5,3,3,1.0,3,1.0,0,True,ELIGIBLE,0,HEADWAY_UNKNOWN_OR_NOT_APPLICABLE|REFERENCE_OLDER_THAN_365_DAYS,0.6666666666666666,0.3333333333333333,0.0,0.0,0.0,"{""G04"": 1, ""G08"": 2}"
239,ct_7d1c2151bda037,순천,(테마투어)세계유산투어,EXPLICIT_SEPARATOR,7,5,5,1.0,4,0.8,0,True,ELIGIBLE,0,HEADWAY_UNKNOWN_OR_NOT_APPLICABLE|REFERENCE_OLDER_THAN_365_DAYS,0.6,0.0,0.4,0.0,0.0,"{""G02"": 1, ""G08"": 3}"
240,ct_02181b9e7a671f,순천,(테마투어)성곽투어,EXPLICIT_SEPARATOR,7,5,5,1.0,4,0.8,0,True,ELIGIBLE,0,HEADWAY_UNKNOWN_OR_NOT_APPLICABLE|REFERENCE_OLDER_THAN_365_DAYS,0.7,0.0,0.1,0.0,0.2,"{""G05"": 1, ""G08"": 3}"
241,ct_6b11aef24a24ef,순천,(테마투어)생태투어,EXPLICIT_SEPARATOR,5,3,3,1.0,3,1.0,0,True,ELIGIBLE,0,HEADWAY_UNKNOWN_OR_NOT_APPLICABLE|REFERENCE_OLDER_THAN_365_DAYS,0.3333333333333333,0.6666666666666666,0.0,0.0,0.0,"{""G07"": 2, ""G08"": 1}"
242,ct_f8bd00d4bc40b3,순천,(기획투어)나이트가든투어,EXPLICIT_SEPARATOR,4,2,2,1.0,1,0.5,0,True,ELIGIBLE,1,HEADWAY_UNKNOWN_OR_NOT_APPLICABLE|REFERENCE_OLDER_THAN_365_DAYS,0.5,0.5,0.0,0.0,0.0,"{""G07"": 1}"
243,ct_cfd77d72cf4c59,나주,정기코스,EXPLICIT_SEPARATOR,6,4,4,1.0,1,0.25,0,True,ELIGIBLE,0,HEADWAY_UNKNOWN_OR_NOT_APPLICABLE|REFERENCE_OLDER_THAN_365_DAYS,0.5,0.25,0.25,0.0,0.0,"{""G08"": 1}"
244,ct_8163a6f43e6f4a,아산,예술맛집 코스,EXPLICIT_SEPARATOR,5,3,3,1.0,3,1.0,0,True,ELIGIBLE,0,HEADWAY_UNKNOWN_OR_NOT_APPLICABLE|REFERENCE_OLDER_THAN_365_DAYS,0.0,0.3333333333333333,0.6666666666666666,0.0,0.0,"{""G03"": 2, ""G04"": 1}"
245,ct_f558345dd00dbf,아산,역사기행 코스,EXPLICIT_SEPARATOR,5,3,3,1.0,1,0.3333333333333333,0,True,ELIGIBLE,0,HEADWAY_UNKNOWN_OR_NOT_APPLICABLE|REFERENCE_OLDER_THAN_365_DAYS,0.5,0.5,0.0,0.0,0.0,"{""G08"": 1}"
246,ct_c3ec7bb154c2c1,대전,언택트세이프(B),EXPLICIT_SEPARATOR,5,3,3,1.0,1,0.3333333333333333,0,True,ELIGIBLE,0,HEADWAY_UNKNOWN_OR_NOT_APPLICABLE|REFERENCE_OLDER_THAN_365_DAYS,0.3333333333333333,0.5,0.16666666666666666,0.0,0.0,"{""G07"": 1}"
247,ct_5997fa12423936,대전,언택트세이프(A),EXPLICIT_SEPARATOR,5,3,3,1.0,2,0.6666666666666666,0,True,ELIGIBLE,0,HEADWAY_UNKNOWN_OR_NOT_APPLICABLE|REFERENCE_OLDER_THAN_365_DAYS,0.3333333333333333,0.6666666666666666,0.0,0.0,0.0,"{""G04"": 1, ""G07"": 1}"
248,ct_7350d2221bf4e5,대전,"광역투어(다섯째주, 일)",EXPLICIT_SEPARATOR,8,5,5,1.0,1,0.2,0,True,ELIGIBLE,0,HEADWAY_UNKNOWN_OR_NOT_APPLICABLE|REFERENCE_OLDER_THAN_365_DAYS,0.6,0.1,0.3,0.0,0.0,"{""G08"": 1}"
249,ct_a8a8ecfbd0eefc,대전,"광역투어(다섯째주, 토)",EXPLICIT_SEPARATOR,9,6,6,1.0,1,0.16666666666666666,0,True,ELIGIBLE,0,HEADWAY_UNKNOWN_OR_NOT_APPLICABLE|REFERENCE_OLDER_THAN_365_DAYS,0.4166666666666667,0.16666666666666666,0.0,0.4166666666666667,0.0,"{""G08"": 1}"
250,ct_3f9d81407b910a,대전,"광역투어(넷재주, 일)",EXPLICIT_SEPARATOR,8,5,5,1.0,0,0.0,0,True,ELIGIBLE,0,HEADWAY_UNKNOWN_OR_NOT_APPLICABLE|REFERENCE_OLDER_THAN_365_DAYS,0.4,0.6,0.0,0.0,0.0,{}
251,ct_3764c5ee83c6b9,대전,"광역투어(넷재주, 토)",EXPLICIT_SEPARATOR,7,4,4,1.0,2,0.5,0,True,ELIGIBLE,0,HEADWAY_UNKNOWN_OR_NOT_APPLICABLE|REFERENCE_OLDER_THAN_365_DAYS,0.75,0.0,0.25,0.0,0.0,"{""G03"": 1, ""G08"": 1}"
252,ct_1c94bb0caf5c4f,안성,안성시티투어,EXPLICIT_SEPARATOR,5,5,5,1.0,3,0.6,0,True,ELIGIBLE,0,HEADWAY_UNKNOWN_OR_NOT_APPLICABLE|REFERENCE_OLDER_THAN_365_DAYS,0.4,0.0,0.6,0.0,0.0,"{""G03"": 1, ""G08"": 2}"
253,ct_f55bded1011de2,대전,언택트세이프?,EXPLICIT_SEPARATOR,4,2,2,1.0,2,1.0,0,True,ELIGIBLE,0,HEADWAY_UNKNOWN_OR_NOT_APPLICABLE|REFERENCE_OLDER_THAN_365_DAYS,0.0,1.0,0.0,0.0,0.0,"{""G04"": 2}"
254,ct_2897644f6a83e3,경산,"소원성취코스,삼성현명품투어코스",UNORDERED_LIST_REVIEW,7,0,0,0.0,0,0.0,0,False,ROUTE_UNRESOLVED,0,HEADWAY_UNKNOWN_OR_NOT_APPLICABLE|REFERENCE_OLDER_THAN_365_DAYS,0.0,0.0,0.0,0.0,0.0,{}
255,ct_5e83dbf18d6227,울산,장생포 대왕암 코스,EXPLICIT_SEPARATOR,7,4,4,1.0,1,0.25,0,True,ELIGIBLE,0,REFERENCE_OLDER_THAN_365_DAYS,0.25,0.0,0.375,0.0,0.375,"{""G07"": 1}"
256,ct_2390c56fce5420,울산,태화강 국가정원 코스,EXPLICIT_SEPARATOR,18,9,9,1.0,5,0.5555555555555556,0,True,ELIGIBLE,0,REFERENCE_OLDER_THAN_365_DAYS,0.16666666666666666,0.3333333333333333,0.4444444444444444,0.05555555555555555,0.0,"{""G03"": 2, ""G07"": 2, ""G08"": 1}"
257,ct_658464b2619d71,양주,천일홍축제,EXPLICIT_SEPARATOR,10,4,4,1.0,1,0.25,0,True,ELIGIBLE,0,REFERENCE_OLDER_THAN_365_DAYS,0.625,0.125,0.25,0.0,0.0,"{""G08"": 1}"
258,ct_c4d1ab4265b00c,양주,왕실축제,EXPLICIT_SEPARATOR,10,4,4,1.0,1,0.25,0,True,ELIGIBLE,0,REFERENCE_OLDER_THAN_365_DAYS,0.625,0.125,0.25,0.0,0.0,"{""G08"": 1}"
259,ct_e25ef9dd702427,단양,단양군시티투어,UNSPLIT_REVIEW,1,0,0,0.0,0,0.0,0,False,ROUTE_UNRESOLVED,0,HEADWAY_ONE_REVIEW|REFERENCE_OLDER_THAN_365_DAYS,0.0,0.0,0.0,0.0,0.0,{}
260,ct_6ec0ad7a54e92d,서천,문화코스,EXPLICIT_SEPARATOR,9,9,9,1.0,7,0.7777777777777778,0,True,ELIGIBLE,0,HEADWAY_UNKNOWN_OR_NOT_APPLICABLE|REFERENCE_OLDER_THAN_365_DAYS,0.1111111111111111,0.3333333333333333,0.3333333333333333,0.2222222222222222,0.0,"{""G01"": 1, ""G03"": 3, ""G04"": 1, ""G07"": 1, ""G08"": 1}"
261,ct_77986f2809a784,부여,백제문화단지-부소산성-궁남지-정림사지-백제문화단지,FLEXIBLE_OR_UNSPECIFIED,1,0,0,0.0,0,0.0,0,False,ROUTE_UNRESOLVED,0,HEADWAY_UNKNOWN_OR_NOT_APPLICABLE|REFERENCE_OLDER_THAN_365_DAYS,0.0,0.0,0.0,0.0,0.0,{}
262,ct_bd82b0443efede,공주,봄·여름·가을 코스,UNORDERED_LIST_REVIEW,6,0,0,0.0,0,0.0,0,False,ROUTE_UNRESOLVED,1,HEADWAY_UNKNOWN_OR_NOT_APPLICABLE|REFERENCE_OLDER_THAN_365_DAYS,0.0,0.0,0.0,0.0,0.0,{}
263,ct_ba6ef7945423e1,공주,가을코스2,EXPLICIT_SEPARATOR,5,3,2,0.6666666666666666,2,0.6666666666666666,1,False,CONDITIONAL_STOPS,1,HEADWAY_UNKNOWN_OR_NOT_APPLICABLE|REFERENCE_OLDER_THAN_365_DAYS,0.6666666666666666,0.0,0.0,0.0,0.0,"{""G08"": 2}"
264,ct_104171b078b959,공주,가을코스,EXPLICIT_SEPARATOR,7,4,4,1.0,3,0.75,0,True,ELIGIBLE,0,HEADWAY_UNKNOWN_OR_NOT_APPLICABLE|REFERENCE_OLDER_THAN_365_DAYS,0.75,0.25,0.0,0.0,0.0,"{""G08"": 3}"
265,ct_fcbc8def0ff021,공주,여름코스,EXPLICIT_SEPARATOR,7,4,4,1.0,3,0.75,0,True,ELIGIBLE,0,HEADWAY_UNKNOWN_OR_NOT_APPLICABLE|REFERENCE_OLDER_THAN_365_DAYS,0.625,0.25,0.0,0.125,0.0,"{""G04"": 1, ""G08"": 2}"
266,ct_2d7ad6be7d0219,공주,봄코스,EXPLICIT_SEPARATOR,11,8,8,1.0,4,0.5,0,True,ELIGIBLE,0,HEADWAY_UNKNOWN_OR_NOT_APPLICABLE|REFERENCE_OLDER_THAN_365_DAYS,0.875,0.125,0.0,0.0,0.0,"{""G08"": 4}"
267,ct_2749460936eb31,공주,반일코스,EXPLICIT_SEPARATOR,5,4,4,1.0,4,1.0,0,True,ELIGIBLE,0,HEADWAY_UNKNOWN_OR_NOT_APPLICABLE|REFERENCE_OLDER_THAN_365_DAYS,0.75,0.0,0.25,0.0,0.0,"{""G03"": 1, ""G08"": 3}"
268,ct_2921659630cea0,서울,EG투어버스 B코스,EXPLICIT_SEPARATOR,5,2,2,1.0,0,0.0,0,True,ELIGIBLE,0,HEADWAY_UNKNOWN_OR_NOT_APPLICABLE|URL_MISSING|REFERENCE_OLDER_THAN_365_DAYS,0.0,0.0,1.0,0.0,0.0,{}
269,ct_10510d067f8caa,서울,EG투어버스 A코스,EXPLICIT_SEPARATOR,5,3,3,1.0,0,0.0,0,True,ELIGIBLE,0,HEADWAY_UNKNOWN_OR_NOT_APPLICABLE|URL_MISSING|REFERENCE_OLDER_THAN_365_DAYS,0.3333333333333333,0.0,0.6666666666666666,0.0,0.0,{}
270,ct_59f67b28d9aad1,서울,EG투어버스 G코스,EXPLICIT_SEPARATOR,5,3,3,1.0,0,0.0,0,True,ELIGIBLE,0,HEADWAY_UNKNOWN_OR_NOT_APPLICABLE|URL_MISSING|REFERENCE_OLDER_THAN_365_DAYS,0.0,0.6666666666666666,0.3333333333333333,0.0,0.0,{}
271,ct_7c0261fb1fd42d,서울,EG투어버스 F코스,EXPLICIT_SEPARATOR,5,3,2,0.6666666666666666,0,0.0,1,False,CONDITIONAL_STOPS,0,HEADWAY_UNKNOWN_OR_NOT_APPLICABLE|URL_MISSING|REFERENCE_OLDER_THAN_365_DAYS,0.0,0.0,0.6666666666666666,0.0,0.0,{}
272,ct_1fe72a79d47a7f,서울,EG투어버스 E코스,EXPLICIT_SEPARATOR,6,4,4,1.0,0,0.0,0,True,ELIGIBLE,0,HEADWAY_UNKNOWN_OR_NOT_APPLICABLE|URL_MISSING|REFERENCE_OLDER_THAN_365_DAYS,0.5,0.0,0.25,0.25,0.0,{}
273,ct_82029ce72f5013,서울,EG투어버스 D코스,EXPLICIT_SEPARATOR,5,3,3,1.0,0,0.0,0,True,ELIGIBLE,0,HEADWAY_UNKNOWN_OR_NOT_APPLICABLE|URL_MISSING|REFERENCE_OLDER_THAN_365_DAYS,0.0,0.0,0.8333333333333334,0.0,0.16666666666666666,{}
274,ct_c0c761a6bb3927,서울,EG투어버스 C코스,EXPLICIT_SEPARATOR,7,5,5,1.0,0,0.0,0,True,ELIGIBLE,0,HEADWAY_UNKNOWN_OR_NOT_APPLICABLE|URL_MISSING|REFERENCE_OLDER_THAN_365_DAYS,0.1,0.0,0.8,0.1,0.0,{}
275,ct_c410c248858e88,서울,EG투어버스 L코스,EXPLICIT_SEPARATOR,6,4,4,1.0,1,0.25,0,True,ELIGIBLE,0,HEADWAY_UNKNOWN_OR_NOT_APPLICABLE|URL_MISSING|REFERENCE_OLDER_THAN_365_DAYS,0.0,0.25,0.25,0.5,0.0,"{""G04"": 1}"
276,ct_52149303f1b0d4,서울,EG투어버스 K 코스,EXPLICIT_SEPARATOR,5,3,3,1.0,2,0.6666666666666666,0,True,ELIGIBLE,0,HEADWAY_UNKNOWN_OR_NOT_APPLICABLE|URL_MISSING|REFERENCE_OLDER_THAN_365_DAYS,0.0,0.3333333333333333,0.6666666666666666,0.0,0.0,"{""G03"": 1, ""G07"": 1}"
277,ct_07b4b0458851e1,서울,EG투어버스 J코스,EXPLICIT_SEPARATOR,5,3,3,1.0,2,0.6666666666666666,0,True,ELIGIBLE,0,HEADWAY_UNKNOWN_OR_NOT_APPLICABLE|URL_MISSING|REFERENCE_OLDER_THAN_365_DAYS,0.6666666666666666,0.0,0.0,0.3333333333333333,0.0,"{""G01"": 1, ""G07"": 1}"
278,ct_aabd87818ef08f,서울,EG투어버스 I코스,EXPLICIT_SEPARATOR,5,3,3,1.0,0,0.0,0,True,ELIGIBLE,0,HEADWAY_UNKNOWN_OR_NOT_APPLICABLE|URL_MISSING|REFERENCE_OLDER_THAN_365_DAYS,0.0,0.3333333333333333,0.3333333333333333,0.3333333333333333,0.0,{}
279,ct_a407c821a8382e,서울,EG투어버스 H코스,EXPLICIT_SEPARATOR,5,3,3,1.0,0,0.0,0,True,ELIGIBLE,0,HEADWAY_UNKNOWN_OR_NOT_APPLICABLE|URL_MISSING|REFERENCE_OLDER_THAN_365_DAYS,0.3333333333333333,0.0,0.3333333333333333,0.3333333333333333,0.0,{}
