mode,k,components,silhouette_mean,silhouette_sd,seed_ari_min,min_cluster_share,inertia_mean_in_training_space,passes_gates
raw,2,7,0.3516458153276569,0.0,1.0,0.25984251968503935,707.4084798123935,True
raw,3,7,0.4225456057218593,0.0,1.0,0.24015748031496062,537.1256220327159,True
raw,4,7,0.5716150066570255,0.0,1.0,0.22913385826771654,375.5528961899982,True
raw,5,7,0.661869471431288,0.0,1.0,0.11496062992125984,278.3618548385458,True
raw,6,7,0.702515041376112,0.00035346018979079397,0.9941154239901772,0.05590551181102362,189.90272423131196,True
raw,7,7,0.702905491070807,0.0017054744569251642,0.9624900332429638,0.02047244094488189,165.1830193292901,True
raw,8,7,0.718534443570645,0.000903634056063026,0.9536445714812086,0.02047244094488189,141.70073884391243,True
raw,9,7,0.7009643774902748,0.003148609419386161,0.8622515241627239,0.02874015748031496,120.28287653865969,True
raw,10,7,0.7202962568536181,0.002660008517112961,0.8654642679327117,0.02125984251968504,104.17278359693942,True
pca,2,5,0.3516458153276569,0.0,1.0,0.25984251968503935,701.1370258994117,True
pca,3,5,0.4225456057218593,0.0,1.0,0.24015748031496062,530.8645797886212,True
pca,4,5,0.5716150066570255,0.0,1.0,0.22913385826771654,369.28406758903157,True
pca,5,5,0.661869471431288,0.0,1.0,0.11496062992125984,272.0937638142456,True
pca,6,5,0.702015173181951,0.0,1.0,0.05590551181102362,183.65138460141057,True
pca,7,5,0.7030256746572338,0.000758985388236561,0.9692267900624679,0.025196850393700787,158.68769871921427,True
pca,8,5,0.7181812092270962,0.0017991454536143924,0.9517335111248034,0.02125984251968504,135.3746988839438,True
pca,9,5,0.7149992454753709,0.004266327319515717,0.8880395839215338,0.022440944881889763,114.49787913945993,True
pca,10,5,0.7136390595798049,0.0021357453547497995,0.8769532031433142,0.02125984251968504,97.69008751865488,True
