course_id,source_row,region,course_name,sequence,stop_raw,name_candidate,parser_status,role,conditional,match_status,place_id_candidate,identity_verified,G_cluster,category_source,herit,heal,activity,food,sea,search_id,place_id,search_match_status,source_rank,search_count,source_name,source_address,source_category,search_identity_verified,link_chain
ct_ff41044d0b7080,2,부산,동부산테마노선,2,광안리해수욕장,광안리해수욕장,EXPLICIT_SEPARATOR,VISIT_CANDIDATE,False,EXACT_NAME_REGION_CANDIDATE,ro4,False,G05,PROVISIONAL_PLACE_CATEGORY,0.0,0.0,0.0,0.0,1.0,MSR0019,ro4,NAME_REGION_CANDIDATE,19,225174,광안리해수욕장,부산 수영구 광안해변로 219-0,자연경관(하천/해양),False,unverified_route_place_candidate + unverified_name_region_candidate
ct_5082aae98cb9d3,4,부산,야경투어,2,광안리해수욕장(포토타임10분),광안리해수욕장,EXPLICIT_SEPARATOR,VISIT_CANDIDATE,False,PAREN_ALIAS_CANDIDATE,ro4,False,G05,PROVISIONAL_PLACE_CATEGORY,0.0,0.0,0.0,0.0,1.0,MSR0019,ro4,NAME_REGION_CANDIDATE,19,225174,광안리해수욕장,부산 수영구 광안해변로 219-0,자연경관(하천/해양),False,unverified_route_place_candidate + unverified_name_region_candidate
ct_1def3d2a58e430,5,부산,오렌지라인,5,다대포해수욕장(몰운대),다대포해수욕장,EXPLICIT_SEPARATOR,VISIT_CANDIDATE,False,PAREN_ALIAS_CANDIDATE,nax763,False,G05,PROVISIONAL_PLACE_CATEGORY,0.0,0.0,0.0,0.0,1.0,MSR0056,nax763,NAME_REGION_CANDIDATE,56,122831,다대포해수욕장,부산 사하구 몰운대1길 14-0,자연경관(하천/해양),False,unverified_route_place_candidate + unverified_name_region_candidate
ct_edd6e5375f387f,6,부산,그린라인,6,태종대,태종대,EXPLICIT_SEPARATOR,VISIT_CANDIDATE,False,EXACT_NAME_REGION_CANDIDATE,bc12,False,G07,PROVISIONAL_PLACE_CATEGORY,0.0,1.0,0.0,0.0,0.0,MSR0100,bc12,NAME_REGION_CANDIDATE,100,83080,태종대,부산 영도구 전망로 24-0,역사유적지,False,unverified_route_place_candidate + unverified_name_region_candidate
ct_c83f7c6960b76b,7,부산,레드라인,5,광안리해수욕장,광안리해수욕장,EXPLICIT_SEPARATOR,VISIT_CANDIDATE,False,EXACT_NAME_REGION_CANDIDATE,ro4,False,G05,PROVISIONAL_PLACE_CATEGORY,0.0,0.0,0.0,0.0,1.0,MSR0019,ro4,NAME_REGION_CANDIDATE,19,225174,광안리해수욕장,부산 수영구 광안해변로 219-0,자연경관(하천/해양),False,unverified_route_place_candidate + unverified_name_region_candidate
ct_c83f7c6960b76b,7,부산,레드라인,8,해운대해수욕장,해운대해수욕장,EXPLICIT_SEPARATOR,VISIT_CANDIDATE,False,EXACT_NAME_REGION_CANDIDATE,bc3,False,G07,PROVISIONAL_PLACE_CATEGORY,0.0,1.0,0.0,0.0,0.0,MSR0022,bc3,NAME_REGION_CANDIDATE,22,206656,해운대해수욕장,부산 해운대구 해운대해변로 264-0,자연경관(하천/해양),False,unverified_route_place_candidate + unverified_name_region_candidate
ct_bdf659310ea2d8,41,화성,열차와 하루,3,제부도,제부도,EXPLICIT_SEPARATOR,VISIT_CANDIDATE,False,EXACT_NAME_REGION_CANDIDATE,ctt74,False,G05,PROVISIONAL_PLACE_CATEGORY,0.0,0.0,0.0,0.0,1.0,MSR0069,ctt74,NAME_REGION_CANDIDATE,69,110103,제부도,경기 화성시 만세구,자연경관(하천/해양),False,unverified_route_place_candidate + unverified_name_region_candidate
ct_84ffabae716404,65,홍성,죽도코스,2,남당항,남당항,EXPLICIT_SEPARATOR,VISIT_CANDIDATE,False,EXACT_NAME_REGION_CANDIDATE,nax908,False,G01,PROVISIONAL_PLACE_CATEGORY,0.0,0.0,0.0,1.0,0.0,MSR0086,nax908,NAME_REGION_CANDIDATE,86,93996,남당항,충남 홍성군 남당항로213번길 1-0,자연경관(하천/해양),False,unverified_route_place_candidate + unverified_name_region_candidate
ct_330d0bc9cd3d05,71,서산,B코스,3,삼길포항(중식)(12:00),삼길포항,EXPLICIT_SEPARATOR,VISIT_CANDIDATE,False,PAREN_ALIAS_CANDIDATE,ctu32,False,G05,PROVISIONAL_PLACE_CATEGORY,0.0,0.0,0.0,0.0,1.0,MSR0061,ctu32,NAME_REGION_CANDIDATE,61,115715,삼길포항,충남 서산시,자연경관(하천/해양),False,unverified_route_place_candidate + unverified_name_region_candidate
ct_008becedc70ab4,136,인천,무의도투어,2,하나개해수욕장,하나개해수욕장,EXPLICIT_SEPARATOR,VISIT_CANDIDATE,False,EXACT_NAME_REGION_CANDIDATE,ro121,False,G05,PROVISIONAL_PLACE_CATEGORY,0.0,0.0,0.0,0.0,1.0,MSR0071,ro121,NAME_REGION_CANDIDATE,71,104723,하나개해수욕장,인천 영종구,자연경관(하천/해양),False,unverified_route_place_candidate + unverified_name_region_candidate
ct_2be78db2f756ab,137,인천,바다노선,2,송도컨벤시아,송도컨벤시아,EXPLICIT_SEPARATOR,VISIT_CANDIDATE,False,EXACT_NAME_REGION_CANDIDATE,ro553,False,G08,PROVISIONAL_PLACE_CATEGORY,1.0,0.0,0.0,0.0,0.0,MSR0030,ro553,NAME_REGION_CANDIDATE,30,183547,송도컨벤시아,인천 연수구 센트럴로 123-0,전시시설,False,unverified_route_place_candidate + unverified_name_region_candidate
ct_2be78db2f756ab,137,인천,바다노선,4,인스파이어 엔터테인먼트 리조트,인스파이어 엔터테인먼트 리조트,EXPLICIT_SEPARATOR,VISIT_CANDIDATE,False,EXACT_NAME_REGION_CANDIDATE,rs14,False,,KEYWORD_ESTIMATE,0.0,0.0,1.0,0.0,0.0,MSR0009,rs14,NAME_REGION_CANDIDATE,9,435699,인스파이어엔터테인먼트리조트,인천 영종구 공항문화로 127-0,콘도미니엄,False,unverified_route_place_candidate + unverified_name_region_candidate
ct_424fda831e8a80,138,인천,인천레트로노선,7,송도컨벤시아,송도컨벤시아,EXPLICIT_SEPARATOR,VISIT_CANDIDATE,False,EXACT_NAME_REGION_CANDIDATE,ro553,False,G08,PROVISIONAL_PLACE_CATEGORY,1.0,0.0,0.0,0.0,0.0,MSR0030,ro553,NAME_REGION_CANDIDATE,30,183547,송도컨벤시아,인천 연수구 센트럴로 123-0,전시시설,False,unverified_route_place_candidate + unverified_name_region_candidate
ct_14b70a907c3324,150,안산,대부도 해변코스(일반형 1코스),4,방아머리해변,방아머리해변,EXPLICIT_SEPARATOR,VISIT_CANDIDATE,False,EXACT_NAME_REGION_CANDIDATE,ctt219,False,G05,PROVISIONAL_PLACE_CATEGORY,0.0,0.0,0.0,0.0,1.0,MSR0047,ctt219,NAME_REGION_CANDIDATE,47,132747,방아머리해변,경기 안산시 단원구,자연경관(하천/해양),False,unverified_route_place_candidate + unverified_name_region_candidate
ct_0ebeda6387230e,151,안산,대부도 뱃길코스(체험형 2코스),4,방아머리해변,방아머리해변,EXPLICIT_SEPARATOR,VISIT_CANDIDATE,False,EXACT_NAME_REGION_CANDIDATE,ctt219,False,G05,PROVISIONAL_PLACE_CATEGORY,0.0,0.0,0.0,0.0,1.0,MSR0047,ctt219,NAME_REGION_CANDIDATE,47,132747,방아머리해변,경기 안산시 단원구,자연경관(하천/해양),False,unverified_route_place_candidate + unverified_name_region_candidate
ct_b2af495e1760b5,152,안산,대부도 뱃길코스(체험형 1코스),3,방아머리해변,방아머리해변,EXPLICIT_SEPARATOR,VISIT_CANDIDATE,False,EXACT_NAME_REGION_CANDIDATE,ctt219,False,G05,PROVISIONAL_PLACE_CATEGORY,0.0,0.0,0.0,0.0,1.0,MSR0047,ctt219,NAME_REGION_CANDIDATE,47,132747,방아머리해변,경기 안산시 단원구,자연경관(하천/해양),False,unverified_route_place_candidate + unverified_name_region_candidate
ct_b6060e0e38a765,153,안산,대부도 뱃길코스(일반형 2코스),4,방아머리해변,방아머리해변,EXPLICIT_SEPARATOR,VISIT_CANDIDATE,False,EXACT_NAME_REGION_CANDIDATE,ctt219,False,G05,PROVISIONAL_PLACE_CATEGORY,0.0,0.0,0.0,0.0,1.0,MSR0047,ctt219,NAME_REGION_CANDIDATE,47,132747,방아머리해변,경기 안산시 단원구,자연경관(하천/해양),False,unverified_route_place_candidate + unverified_name_region_candidate
ct_a7d1b6cc26e056,154,안산,대부도 뱃길코스(일반형 1코스),4,방아머리해변,방아머리해변,EXPLICIT_SEPARATOR,VISIT_CANDIDATE,False,EXACT_NAME_REGION_CANDIDATE,ctt219,False,G05,PROVISIONAL_PLACE_CATEGORY,0.0,0.0,0.0,0.0,1.0,MSR0047,ctt219,NAME_REGION_CANDIDATE,47,132747,방아머리해변,경기 안산시 단원구,자연경관(하천/해양),False,unverified_route_place_candidate + unverified_name_region_candidate
ct_a7d1b6cc26e056,154,안산,대부도 뱃길코스(일반형 1코스),7,방아머리해변,방아머리해변,EXPLICIT_SEPARATOR,VISIT_CANDIDATE,False,EXACT_NAME_REGION_CANDIDATE,ctt219,False,G05,PROVISIONAL_PLACE_CATEGORY,0.0,0.0,0.0,0.0,1.0,MSR0047,ctt219,NAME_REGION_CANDIDATE,47,132747,방아머리해변,경기 안산시 단원구,자연경관(하천/해양),False,unverified_route_place_candidate + unverified_name_region_candidate
ct_4e89a607500203,168,태안,광역코스,4,꽃지해수욕장,꽃지해수욕장,EXPLICIT_SEPARATOR,VISIT_CANDIDATE,False,EXACT_NAME_REGION_CANDIDATE,nax313,False,G05,PROVISIONAL_PLACE_CATEGORY,0.0,0.0,0.0,0.0,1.0,MSR0068,nax313,NAME_REGION_CANDIDATE,68,111296,꽃지해수욕장,충남 태안군 꽃지해안로 400-0,자연경관(하천/해양),False,unverified_route_place_candidate + unverified_name_region_candidate
ct_596ccaeb2861f9,169,태안,남부코스,5,꽃지해수욕장,꽃지해수욕장,EXPLICIT_SEPARATOR,VISIT_CANDIDATE,False,EXACT_NAME_REGION_CANDIDATE,nax313,False,G05,PROVISIONAL_PLACE_CATEGORY,0.0,0.0,0.0,0.0,1.0,MSR0068,nax313,NAME_REGION_CANDIDATE,68,111296,꽃지해수욕장,충남 태안군 꽃지해안로 400-0,자연경관(하천/해양),False,unverified_route_place_candidate + unverified_name_region_candidate
ct_8de53de429d379,184,포항,퐝순환코스,5,영일대해수욕장,영일대해수욕장,EXPLICIT_SEPARATOR,VISIT_CANDIDATE,False,EXACT_NAME_REGION_CANDIDATE,nax225,False,G05,PROVISIONAL_PLACE_CATEGORY,0.0,0.0,0.0,0.0,1.0,MSR0058,nax225,NAME_REGION_CANDIDATE,58,120071,영일대해수욕장,경북 포항시 북구,자연경관(하천/해양),False,unverified_route_place_candidate + unverified_name_region_candidate
ct_e346ea988fedc3,187,포항,씨(SEA)하게 보는 포항코스,8,영일대해수욕장(석식별도),영일대해수욕장,EXPLICIT_SEPARATOR,VISIT_CANDIDATE,False,PAREN_ALIAS_CANDIDATE,nax225,False,G05,PROVISIONAL_PLACE_CATEGORY,0.0,0.0,0.0,0.0,1.0,MSR0058,nax225,NAME_REGION_CANDIDATE,58,120071,영일대해수욕장,경북 포항시 북구,자연경관(하천/해양),False,unverified_route_place_candidate + unverified_name_region_candidate
