region,place_rows,candidate_places,visitor_value_linked_places,candidate_share
가평,26,26,26,1.0
강릉,38,17,17,0.4473684210526316
거제,45,25,25,0.5555555555555556
거창,21,21,21,1.0
경기광주,14,12,12,0.8571428571428571
경산,7,5,5,0.7142857142857143
경주,73,15,15,0.2054794520547945
고령,6,5,5,0.8333333333333334
고성,11,11,11,1.0
고성(강원),14,14,14,1.0
고양,21,0,0,0.0
고창,14,14,14,1.0
곡성,7,7,7,1.0
공주,32,12,12,0.375
광양,14,9,9,0.6428571428571429
광주,9,1,1,0.1111111111111111
구미,10,4,4,0.4
군산,28,7,7,0.25
김해,37,10,10,0.2702702702702703
나주,2,2,2,1.0
남양주,13,11,11,0.8461538461538461
남원,20,8,8,0.4
남해,30,29,29,0.9666666666666667
논산,12,9,9,0.75
단양,17,16,16,0.9411764705882353
담양,16,16,16,1.0
당진,13,12,12,0.9230769230769231
대구,64,26,26,0.40625
대전,52,2,2,0.038461538461538464
동해,27,3,3,0.1111111111111111
목포,31,4,4,0.12903225806451613
무주,8,8,8,1.0
문경,11,11,11,1.0
밀양,22,15,15,0.6818181818181818
보령,20,12,12,0.6
보성,11,11,11,1.0
보은,8,8,8,1.0
봉화,12,11,11,0.9166666666666666
부산,186,22,22,0.11827956989247312
부안,21,20,20,0.9523809523809523
부여,28,28,28,1.0
사천,23,9,9,0.391304347826087
산청,6,5,5,0.8333333333333334
삼척,18,10,10,0.5555555555555556
상주,9,7,7,0.7777777777777778
서산,24,19,19,0.7916666666666666
서울,258,11,11,0.04263565891472868
서천,27,27,27,1.0
세종,20,9,9,0.45
속초,33,6,6,0.18181818181818182
수원,39,1,1,0.02564102564102564
순창,2,0,0,0.0
순천,23,12,12,0.5217391304347826
시흥,12,0,0,0.0
신안,4,4,4,1.0
아산,27,17,17,0.6296296296296297
안동,39,15,15,0.38461538461538464
안산,13,0,0,0.0
안성,4,4,4,1.0
양구,6,6,6,1.0
양산,25,21,21,0.84
양양,28,28,28,1.0
양주,20,15,15,0.75
양평,16,16,16,1.0
여수,65,25,25,0.38461538461538464
여주,21,7,7,0.3333333333333333
연천,10,10,10,1.0
영광,6,6,6,1.0
영덕,22,22,22,1.0
영월,31,13,13,0.41935483870967744
영주,23,19,19,0.8260869565217391
예산,19,16,16,0.8421052631578947
완도,13,12,12,0.9230769230769231
완주,11,9,9,0.8181818181818182
용인,26,8,8,0.3076923076923077
울릉,39,38,38,0.9743589743589743
울산,35,22,22,0.6285714285714286
울진,19,19,19,1.0
원주,14,7,7,0.5
의정부,2,0,0,0.0
이천,17,11,11,0.6470588235294118
익산,20,14,14,0.7
인제,14,14,14,1.0
인천,86,19,19,0.22093023255813954
임실,3,1,1,0.3333333333333333
장성,12,11,11,0.9166666666666666
장수,4,0,0,0.0
장흥,4,3,3,0.75
전주,35,0,0,0.0
정선,38,28,28,0.7368421052631579
정읍,12,6,6,0.5
제주,173,96,96,0.5549132947976878
제천,20,16,16,0.8
진도,5,5,5,1.0
진안,4,3,3,0.75
진주,25,8,8,0.32
창녕,11,11,11,1.0
창원,62,8,8,0.12903225806451613
천안,22,5,5,0.22727272727272727
철원,25,17,17,0.68
청도,3,3,3,1.0
청송,14,11,11,0.7857142857142857
청주,27,8,8,0.2962962962962963
춘천,33,15,15,0.45454545454545453
충주,27,9,9,0.3333333333333333
태백,18,0,0,0.0
태안,28,28,28,1.0
통영,44,21,21,0.4772727272727273
파주,26,22,22,0.8461538461538461
평창,25,25,25,1.0
평택,19,17,17,0.8947368421052632
포천,17,16,16,0.9411764705882353
포항,18,14,14,0.7777777777777778
하동,20,20,20,1.0
함안,11,11,11,1.0
함양,11,11,11,1.0
합천,15,15,15,1.0
해남,14,14,14,1.0
홍성,17,17,17,1.0
홍천,4,4,4,1.0
화성,23,18,18,0.782608695652174
화순,14,14,14,1.0
화천,3,3,3,1.0
횡성,3,2,2,0.6666666666666666
