fold,model,test_provinces,n_train,n_test,alpha,mae_log,rmse_log,r2_log
1,M1_catalog_count,경기도,93,18,0.1,1.6150063506651307,1.7357951582509241,-2.7932774773394784
1,M2_composition,경기도,93,18,10.0,1.5877575775451778,1.7325191473426071,-2.7789726884272423
2,M1_catalog_count,강원특별자치도,93,18,1.0,0.8199363751472062,0.9953255744562013,-0.0976113045644269
2,M2_composition,강원특별자치도,93,18,10.0,0.8706666781576637,1.0404960236776952,-0.19949680243624845
3,M1_catalog_count,경상남도|충청북도,90,21,1.0,0.7319143602110723,0.908754953358674,0.26316066320155174
3,M2_composition,경상남도|충청북도,90,21,10.0,0.7132780586071782,0.9429941164842228,0.20659088224849653
4,M1_catalog_count,전남광주통합특별시|충청남도,84,27,10.0,0.5978889127284645,0.7606326712631069,0.31177304393206884
4,M2_composition,전남광주통합특별시|충청남도,84,27,10.0,0.6072707368546065,0.7912776480324456,0.2552002477293419
5,M1_catalog_count,경상북도|전북특별자치도,84,27,0.1,0.7564030362688912,0.9524576134531231,0.10440601658701543
5,M2_composition,경상북도|전북특별자치도,84,27,10.0,0.6543299358315727,0.8367355369708459,0.30881185520627563
