source_index,course_id,region,name,parser_status,parsed_stop_count,visit_candidate_count,category_known_count,category_coverage,place_candidate_count,place_match_coverage,conditional_stop_count,cluster_eligible,cluster_status,night_flag,operational_flags,share_herit,share_heal,share_activity,share_food,share_sea,G_composition_counts,T_cluster,PC1,PC2,spend_region_id,spend_province,spend_level,join_status,national_share_pct,economic_context_score,boundary_review,recommendation_spend_bonus,score_status
0,ct_ff41044d0b7080,부산,동부산테마노선,EXPLICIT_SEPARATOR,7,5,5,1.0,3,0.6,0,True,ELIGIBLE,0,HEADWAY_ONE_REVIEW,0.2,0.0,0.0,0.0,0.8,"{""G05"": 3}",T01,0.029667225304604028,-0.12509341350846676,부산광역시,부산광역시,province,PROVINCE_CONTEXT_ONLY,6.4128256513026045,,False,0.0,CONTEXT_ONLY_NOT_CALIBRATED
1,ct_4ba7f5cc1ffeda,부산,서부산생태투어,EXPLICIT_SEPARATOR,8,5,5,1.0,3,0.6,0,True,ELIGIBLE,0,HEADWAY_ONE_REVIEW,0.4,0.4,0.2,0.0,0.0,"{""G03"": 1, ""G07"": 1, ""G08"": 1}",T05,0.16037202329634925,0.16915192565175824,부산광역시,부산광역시,province,PROVINCE_CONTEXT_ONLY,6.4128256513026045,,False,0.0,CONTEXT_ONLY_NOT_CALIBRATED
2,ct_5082aae98cb9d3,부산,야경투어,EXPLICIT_SEPARATOR,4,2,2,1.0,1,0.5,0,True,ELIGIBLE,1,HEADWAY_ONE_REVIEW,0.0,0.5,0.0,0.0,0.5,"{""G05"": 1}",T03,-0.6397516344041716,0.9126396595179908,부산광역시,부산광역시,province,PROVINCE_CONTEXT_ONLY,6.4128256513026045,,False,0.0,CONTEXT_ONLY_NOT_CALIBRATED
3,ct_1def3d2a58e430,부산,오렌지라인,EXPLICIT_SEPARATOR,13,11,11,1.0,9,0.8181818181818182,0,True,ELIGIBLE,0,,0.2727272727272727,0.45454545454545453,0.09090909090909091,0.09090909090909091,0.09090909090909091,"{""G01"": 1, ""G03"": 1, ""G04"": 3, ""G05"": 1, ""G07"": 1, ""G08"": 2}",T06,-0.03596635112925485,0.1977228330611982,부산광역시,부산광역시,province,PROVINCE_CONTEXT_ONLY,6.4128256513026045,,False,0.0,CONTEXT_ONLY_NOT_CALIBRATED
4,ct_edd6e5375f387f,부산,그린라인,EXPLICIT_SEPARATOR,13,10,10,1.0,5,0.5,0,True,ELIGIBLE,0,,0.1,0.5,0.2,0.0,0.2,"{""G04"": 3, ""G07"": 1, ""G08"": 1}",T06,-0.42422425955776394,0.15425730067521642,부산광역시,부산광역시,province,PROVINCE_CONTEXT_ONLY,6.4128256513026045,,False,0.0,CONTEXT_ONLY_NOT_CALIBRATED
5,ct_c83f7c6960b76b,부산,레드라인,EXPLICIT_SEPARATOR,13,10,10,1.0,8,0.8,0,True,ELIGIBLE,0,,0.1,0.3,0.2,0.2,0.2,"{""G01"": 2, ""G04"": 1, ""G05"": 2, ""G06"": 1, ""G07"": 1, ""G08"": 1}",T06,-0.3370130967347178,-0.11273958601468043,부산광역시,부산광역시,province,PROVINCE_CONTEXT_ONLY,6.4128256513026045,,False,0.0,CONTEXT_ONLY_NOT_CALIBRATED
6,ct_8171ca90d9fa99,제주,야간코스(7월말~8월말 운영),EXPLICIT_SEPARATOR,8,6,6,1.0,4,0.6666666666666666,0,True,ELIGIBLE,1,HEADWAY_UNKNOWN_OR_NOT_APPLICABLE,0.16666666666666666,0.5,0.0,0.16666666666666666,0.16666666666666666,"{""G04"": 3, ""G08"": 1}",T03,-0.3312880460874163,0.6937830475334158,제주특별자치도,제주특별자치도,province,PROVINCE_CONTEXT_ONLY,1.7034068136272542,,False,0.0,CONTEXT_ONLY_NOT_CALIBRATED
7,ct_98323d74dbd87a,제주,순환형코스,NUMBERED_ORDER,21,13,13,1.0,6,0.46153846153846156,0,True,ELIGIBLE,0,,0.2692307692307692,0.5384615384615384,0.0,0.11538461538461539,0.07692307692307693,"{""G04"": 4, ""G08"": 2}",T06,-0.026955008580344567,0.37890406981526426,제주특별자치도,제주특별자치도,province,PROVINCE_CONTEXT_ONLY,1.7034068136272542,,False,0.0,CONTEXT_ONLY_NOT_CALIBRATED
8,ct_4e0d701d9aadd5,대구,테마(야경 4~10월),EXPLICIT_SEPARATOR,6,4,4,1.0,4,1.0,0,True,ELIGIBLE,1,HEADWAY_UNKNOWN_OR_NOT_APPLICABLE,0.0,0.5,0.25,0.25,0.0,"{""G01"": 1, ""G02"": 1, ""G04"": 1, ""G07"": 1}",T03,-0.7409183183939715,0.486399593938519,대구광역시,대구광역시,province,PROVINCE_CONTEXT_ONLY,3.707414829659318,,False,0.0,CONTEXT_ONLY_NOT_CALIBRATED
9,ct_e99ec2b47f0201,대구,테마-전통5일장-군위전통시장,EXPLICIT_SEPARATOR,10,5,4,0.8,2,0.4,1,False,CONDITIONAL_STOPS,1,HEADWAY_UNKNOWN_OR_NOT_APPLICABLE,0.1,0.0,0.6,0.1,0.0,"{""G03"": 2}",,,,대구광역시,대구광역시,province,PROVINCE_CONTEXT_ONLY,3.707414829659318,,False,0.0,CONTEXT_ONLY_NOT_CALIBRATED
10,ct_ceba5f847db171,대구,테마-전통5일장-현풍백년도깨비시장,EXPLICIT_SEPARATOR,8,4,3,0.75,2,0.5,1,False,CONDITIONAL_STOPS,0,HEADWAY_UNKNOWN_OR_NOT_APPLICABLE,0.5,0.0,0.0,0.25,0.0,"{""G08"": 2}",,,,대구광역시,대구광역시,province,PROVINCE_CONTEXT_ONLY,3.707414829659318,,False,0.0,CONTEXT_ONLY_NOT_CALIBRATED
11,ct_da6b197f9d64eb,대구,테마-방방곡곡(사시사철),EXPLICIT_SEPARATOR,9,5,5,1.0,4,0.8,0,True,ELIGIBLE,0,HEADWAY_UNKNOWN_OR_NOT_APPLICABLE,0.4,0.6,0.0,0.0,0.0,"{""G04"": 3, ""G08"": 1}",T05,0.1875580801634299,0.674543104767212,대구광역시,대구광역시,province,PROVINCE_CONTEXT_ONLY,3.707414829659318,,False,0.0,CONTEXT_ONLY_NOT_CALIBRATED
12,ct_1d6ad4598dff93,대구,테마-방방곡곡(군위군 돋보기),EXPLICIT_SEPARATOR,11,5,4,0.8,3,0.6,0,True,ELIGIBLE,0,HEADWAY_UNKNOWN_OR_NOT_APPLICABLE,0.2,0.4,0.2,0.0,0.0,"{""G03"": 1, ""G04"": 1, ""G07"": 1}",T05,-0.15924159396538443,0.17916241062698152,대구광역시,대구광역시,province,PROVINCE_CONTEXT_ONLY,3.707414829659318,,False,0.0,CONTEXT_ONLY_NOT_CALIBRATED
13,ct_d3a976675ffc53,대구,테마-방방곡곡(낙동강),EXPLICIT_SEPARATOR,8,4,4,1.0,2,0.5,0,True,ELIGIBLE,0,HEADWAY_UNKNOWN_OR_NOT_APPLICABLE,0.25,0.75,0.0,0.0,0.0,"{""G04"": 2}",T05,-0.1334240077913193,0.9249319634254135,대구광역시,대구광역시,province,PROVINCE_CONTEXT_ONLY,3.707414829659318,,False,0.0,CONTEXT_ONLY_NOT_CALIBRATED
14,ct_f1756d1e5ece58,대구,테마-방방곡곡(팔공산),EXPLICIT_SEPARATOR,11,5,4,0.8,3,0.6,1,False,CONDITIONAL_STOPS,0,HEADWAY_UNKNOWN_OR_NOT_APPLICABLE,0.4,0.4,0.0,0.0,0.0,"{""G04"": 1, ""G08"": 2}",,,,대구광역시,대구광역시,province,PROVINCE_CONTEXT_ONLY,3.707414829659318,,False,0.0,CONTEXT_ONLY_NOT_CALIBRATED
15,ct_9857f916bfa916,대구,도심순환코스(12개 정류장),EXPLICIT_SEPARATOR,17,14,14,1.0,14,1.0,0,True,ELIGIBLE,0,,0.07142857142857142,0.5,0.2857142857142857,0.14285714285714285,0.0,"{""G01"": 2, ""G02"": 1, ""G03"": 3, ""G04"": 6, ""G07"": 1, ""G08"": 1}",T06,-0.5067686328643548,-0.02553922361243645,대구광역시,대구광역시,province,PROVINCE_CONTEXT_ONLY,3.707414829659318,,False,0.0,CONTEXT_ONLY_NOT_CALIBRATED
16,ct_b75e8d4cf1e318,대구,테마(야경 11~3월),EXPLICIT_SEPARATOR,6,3,3,1.0,3,1.0,0,True,ELIGIBLE,1,HEADWAY_UNKNOWN_OR_NOT_APPLICABLE,0.0,0.3333333333333333,0.6666666666666666,0.0,0.0,"{""G02"": 1, ""G04"": 1, ""G06"": 1}",T03,-0.904080156159434,-0.17578993209256782,대구광역시,대구광역시,province,PROVINCE_CONTEXT_ONLY,3.707414829659318,,False,0.0,CONTEXT_ONLY_NOT_CALIBRATED
17,ct_4b24fed6566e54,해남,해남시티투어,EXPLICIT_SEPARATOR,2,2,2,1.0,2,1.0,0,True,ELIGIBLE,0,,0.5,0.5,0.0,0.0,0.0,"{""G04"": 1, ""G08"": 1}",T05,0.4106361337189154,0.7155872870703799,전남광주통합특별시|해남군,전남광주통합특별시,municipality,UNIQUE_MUNICIPALITY_ALIAS,0.066000264001056,17.24137931034483,True,0.0,CONTEXT_ONLY_NOT_CALIBRATED
18,ct_49fb403c953735,광양,광양역사코스,EXPLICIT_SEPARATOR,11,7,7,1.0,3,0.42857142857142855,0,True,ELIGIBLE,0,HEADWAY_UNKNOWN_OR_NOT_APPLICABLE,0.7142857142857143,0.14285714285714285,0.0,0.07142857142857142,0.07142857142857142,"{""G04"": 1, ""G08"": 2}",T07,0.9166481875300325,-0.017022135734612004,전남광주통합특별시|광양시,전남광주통합특별시,municipality,UNIQUE_MUNICIPALITY_ALIAS,0.1804007216028864,45.258620689655174,True,0.0,CONTEXT_ONLY_NOT_CALIBRATED
19,ct_b97fea5cc3f414,광양,광양힐링코스,EXPLICIT_SEPARATOR,10,6,6,1.0,4,0.6666666666666666,0,True,ELIGIBLE,0,HEADWAY_UNKNOWN_OR_NOT_APPLICABLE,0.25,0.25,0.3333333333333333,0.16666666666666666,0.0,"{""G01"": 1, ""G03"": 2, ""G04"": 1}",T06,-0.10981233770387261,-0.2257765497878409,전남광주통합특별시|광양시,전남광주통합특별시,municipality,UNIQUE_MUNICIPALITY_ALIAS,0.1804007216028864,45.258620689655174,True,0.0,CONTEXT_ONLY_NOT_CALIBRATED
20,ct_941018a965809c,광양,야경코스,EXPLICIT_SEPARATOR,10,6,6,1.0,3,0.5,0,True,ELIGIBLE,1,HEADWAY_UNKNOWN_OR_NOT_APPLICABLE,0.16666666666666666,0.3333333333333333,0.08333333333333333,0.16666666666666666,0.25,"{""G01"": 1, ""G04"": 2}",T03,-0.31419915203170895,0.3715958383149074,전남광주통합특별시|광양시,전남광주통합특별시,municipality,UNIQUE_MUNICIPALITY_ALIAS,0.1804007216028864,45.258620689655174,True,0.0,CONTEXT_ONLY_NOT_CALIBRATED
21,ct_83465bf3a690f2,여수,야간테마코스(시간을달리는버스커),EXPLICIT_SEPARATOR,11,7,7,1.0,5,0.7142857142857143,0,True,ELIGIBLE,1,HEADWAY_UNKNOWN_OR_NOT_APPLICABLE,0.2857142857142857,0.35714285714285715,0.0,0.0,0.35714285714285715,"{""G04"": 2, ""G05"": 2, ""G08"": 1}",T03,-0.08413990393714108,0.46530712312607364,전남광주통합특별시|여수시,전남광주통합특별시,municipality,UNIQUE_MUNICIPALITY_ALIAS,0.3432013728054912,62.93103448275862,True,0.0,CONTEXT_ONLY_NOT_CALIBRATED
22,ct_0b7a755a267601,여수,2층야간코스,EXPLICIT_SEPARATOR,7,4,4,1.0,3,0.75,0,True,ELIGIBLE,1,HEADWAY_UNKNOWN_OR_NOT_APPLICABLE,0.25,0.625,0.0,0.0,0.125,"{""G04"": 2, ""G08"": 1}",T03,-0.23496449263601826,0.9447283821143707,전남광주통합특별시|여수시,전남광주통합특별시,municipality,UNIQUE_MUNICIPALITY_ALIAS,0.3432013728054912,62.93103448275862,True,0.0,CONTEXT_ONLY_NOT_CALIBRATED
23,ct_0f4dbe3b938a90,여수,2층주간코스,EXPLICIT_SEPARATOR,10,6,6,1.0,3,0.5,0,True,ELIGIBLE,0,,0.16666666666666666,0.16666666666666666,0.5,0.0,0.16666666666666666,"{""G03"": 1, ""G05"": 1, ""G08"": 1}",T02,-0.3277640458041374,-0.5344052402498662,전남광주통합특별시|여수시,전남광주통합특별시,municipality,UNIQUE_MUNICIPALITY_ALIAS,0.3432013728054912,62.93103448275862,True,0.0,CONTEXT_ONLY_NOT_CALIBRATED
24,ct_ff41dfabaec78b,여수,야경코스,EXPLICIT_SEPARATOR,7,5,5,1.0,3,0.6,0,True,ELIGIBLE,1,HEADWAY_UNKNOWN_OR_NOT_APPLICABLE,0.2,0.2,0.2,0.2,0.2,"{""G04"": 1, ""G05"": 1, ""G08"": 1}",T03,-0.2590709880119507,0.0933006352826425,전남광주통합특별시|여수시,전남광주통합특별시,municipality,UNIQUE_MUNICIPALITY_ALIAS,0.3432013728054912,62.93103448275862,True,0.0,CONTEXT_ONLY_NOT_CALIBRATED
25,ct_a70933018dfe45,여수,이순신문화유적코스,EXPLICIT_SEPARATOR,9,7,7,1.0,6,0.8571428571428571,0,True,ELIGIBLE,0,HEADWAY_UNKNOWN_OR_NOT_APPLICABLE,1.0,0.0,0.0,0.0,0.0,"{""G08"": 6}",T07,1.476413650252865,-0.21428245192814124,전남광주통합특별시|여수시,전남광주통합특별시,municipality,UNIQUE_MUNICIPALITY_ALIAS,0.3432013728054912,62.93103448275862,True,0.0,CONTEXT_ONLY_NOT_CALIBRATED
26,ct_64b3f2e630ba51,여수,다크투어리즘코스,EXPLICIT_SEPARATOR,8,6,6,1.0,2,0.3333333333333333,0,True,ELIGIBLE,0,HEADWAY_UNKNOWN_OR_NOT_APPLICABLE,1.0,0.0,0.0,0.0,0.0,"{""G08"": 2}",T07,1.477903532787661,-0.18019541395453537,전남광주통합특별시|여수시,전남광주통합특별시,municipality,UNIQUE_MUNICIPALITY_ALIAS,0.3432013728054912,62.93103448275862,True,0.0,CONTEXT_ONLY_NOT_CALIBRATED
27,ct_a7f13a177e5633,여수,제2코스,EXPLICIT_SEPARATOR,13,9,9,1.0,5,0.5555555555555556,0,True,ELIGIBLE,0,HEADWAY_UNKNOWN_OR_NOT_APPLICABLE,0.0,0.3333333333333333,0.1111111111111111,0.0,0.5555555555555556,"{""G03"": 1, ""G04"": 2, ""G05"": 2}",T01,-0.5051789902172531,0.0629115424644489,전남광주통합특별시|여수시,전남광주통합특별시,municipality,UNIQUE_MUNICIPALITY_ALIAS,0.3432013728054912,62.93103448275862,True,0.0,CONTEXT_ONLY_NOT_CALIBRATED
28,ct_a1bc285f9c2881,여수,제1코스,EXPLICIT_SEPARATOR,7,5,5,1.0,4,0.8,0,True,ELIGIBLE,0,HEADWAY_UNKNOWN_OR_NOT_APPLICABLE,0.4,0.0,0.1,0.2,0.3,"{""G01"": 1, ""G05"": 1, ""G08"": 2}",T04,0.36347531845410297,-0.24693655599386105,전남광주통합특별시|여수시,전남광주통합특별시,municipality,UNIQUE_MUNICIPALITY_ALIAS,0.3432013728054912,62.93103448275862,True,0.0,CONTEXT_ONLY_NOT_CALIBRATED
29,ct_1845f5c9950df4,목포,별빛물결시티투어,EXPLICIT_SEPARATOR,7,5,5,1.0,2,0.4,0,True,ELIGIBLE,1,HEADWAY_UNKNOWN_OR_NOT_APPLICABLE,0.0,0.4,0.2,0.2,0.2,"{""G01"": 1, ""G04"": 1}",T03,-0.6897594532738897,0.36509660904282876,전남광주통합특별시|목포시,전남광주통합특별시,municipality,UNIQUE_MUNICIPALITY_ALIAS,0.2596010384041536,53.01724137931034,True,0.0,CONTEXT_ONLY_NOT_CALIBRATED
30,ct_aa2937d4d2a2d0,목포,목포랑시티투어,EXPLICIT_SEPARATOR,12,10,10,1.0,6,0.6,0,True,ELIGIBLE,0,HEADWAY_UNKNOWN_OR_NOT_APPLICABLE,0.4,0.2,0.2,0.1,0.1,"{""G03"": 2, ""G04"": 1, ""G07"": 1, ""G08"": 2}",T06,0.23131431844627837,-0.2530060418055282,전남광주통합특별시|목포시,전남광주통합특별시,municipality,UNIQUE_MUNICIPALITY_ALIAS,0.2596010384041536,53.01724137931034,True,0.0,CONTEXT_ONLY_NOT_CALIBRATED
31,ct_02725290337c6e,화성,테마와 하루(해양생태 체험),EXPLICIT_SEPARATOR,4,4,3,0.75,1,0.25,1,False,CONDITIONAL_STOPS,0,HEADWAY_UNKNOWN_OR_NOT_APPLICABLE,0.0,0.0,0.25,0.0,0.5,"{""G03"": 1}",,,,경기도|화성시,경기도,municipality,UNIQUE_MUNICIPALITY_ALIAS,1.3542631903727214,94.39655172413794,False,0.0,CONTEXT_ONLY_NOT_CALIBRATED
32,ct_0647088739be8e,화성,테마와 하루(문화예술 체험),EXPLICIT_SEPARATOR,5,5,4,0.8,4,0.8,1,False,CONDITIONAL_STOPS,0,HEADWAY_UNKNOWN_OR_NOT_APPLICABLE,0.0,0.4,0.4,0.0,0.0,"{""G03"": 2, ""G04"": 2}",,,,경기도|화성시,경기도,municipality,UNIQUE_MUNICIPALITY_ALIAS,1.3542631903727214,94.39655172413794,False,0.0,CONTEXT_ONLY_NOT_CALIBRATED
33,ct_18f8d2d6e6ecbb,화성,테마와 하루(목장 체험),EXPLICIT_SEPARATOR,4,4,3,0.75,2,0.5,1,False,CONDITIONAL_STOPS,0,HEADWAY_UNKNOWN_OR_NOT_APPLICABLE,0.0,0.25,0.5,0.0,0.0,"{""G03"": 1, ""G04"": 1}",,,,경기도|화성시,경기도,municipality,UNIQUE_MUNICIPALITY_ALIAS,1.3542631903727214,94.39655172413794,False,0.0,CONTEXT_ONLY_NOT_CALIBRATED
34,ct_1fde4efbf20ca7,화성,테마와 하루(농어촌 체험),EXPLICIT_SEPARATOR,3,3,2,0.6666666666666666,0,0.0,1,False,CONDITIONAL_STOPS,0,HEADWAY_UNKNOWN_OR_NOT_APPLICABLE,0.0,0.3333333333333333,0.16666666666666666,0.0,0.16666666666666666,{},,,,경기도|화성시,경기도,municipality,UNIQUE_MUNICIPALITY_ALIAS,1.3542631903727214,94.39655172413794,False,0.0,CONTEXT_ONLY_NOT_CALIBRATED
35,ct_ece2f86aee7798,화성,소소한 하루,EXPLICIT_SEPARATOR,3,3,2,0.6666666666666666,0,0.0,1,False,CONDITIONAL_STOPS,0,HEADWAY_UNKNOWN_OR_NOT_APPLICABLE,0.0,0.3333333333333333,0.16666666666666666,0.0,0.16666666666666666,{},,,,경기도|화성시,경기도,municipality,UNIQUE_MUNICIPALITY_ALIAS,1.3542631903727214,94.39655172413794,False,0.0,CONTEXT_ONLY_NOT_CALIBRATED
36,ct_1312c067f4f09c,화성,별과 하루,FLEXIBLE_OR_UNSPECIFIED,1,0,0,0.0,0,0.0,0,False,ROUTE_UNRESOLVED,0,HEADWAY_UNKNOWN_OR_NOT_APPLICABLE,0.0,0.0,0.0,0.0,0.0,{},,,,경기도|화성시,경기도,municipality,UNIQUE_MUNICIPALITY_ALIAS,1.3542631903727214,94.39655172413794,False,0.0,CONTEXT_ONLY_NOT_CALIBRATED
37,ct_57dcb7b9ef372a,화성,노을과 하루,FLEXIBLE_OR_UNSPECIFIED,1,0,0,0.0,0,0.0,0,False,ROUTE_UNRESOLVED,0,HEADWAY_UNKNOWN_OR_NOT_APPLICABLE,0.0,0.0,0.0,0.0,0.0,{},,,,경기도|화성시,경기도,municipality,UNIQUE_MUNICIPALITY_ALIAS,1.3542631903727214,94.39655172413794,False,0.0,CONTEXT_ONLY_NOT_CALIBRATED
38,ct_a8823fdcbfa445,화성,바다와 하루,UNORDERED_LIST,5,5,5,1.0,0,0.0,0,True,ELIGIBLE,0,HEADWAY_UNKNOWN_OR_NOT_APPLICABLE,0.0,0.2,0.3,0.0,0.5,{},T01,-0.5440994291591232,-0.20959702390801196,경기도|화성시,경기도,municipality,UNIQUE_MUNICIPALITY_ALIAS,1.3542631903727214,94.39655172413794,False,0.0,CONTEXT_ONLY_NOT_CALIBRATED
39,ct_bdf659310ea2d8,화성,열차와 하루,EXPLICIT_SEPARATOR,6,5,4,0.8,1,0.2,1,False,CONDITIONAL_STOPS,0,HEADWAY_UNKNOWN_OR_NOT_APPLICABLE,0.2,0.2,0.0,0.0,0.4,"{""G05"": 1}",,,,경기도|화성시,경기도,municipality,UNIQUE_MUNICIPALITY_ALIAS,1.3542631903727214,94.39655172413794,False,0.0,CONTEXT_ONLY_NOT_CALIBRATED
40,ct_787fd471a42547,화성,모두와 하루(무장애 여행),EXPLICIT_SEPARATOR,4,4,3,0.75,0,0.0,1,False,CONDITIONAL_STOPS,0,HEADWAY_UNKNOWN_OR_NOT_APPLICABLE,0.25,0.25,0.125,0.0,0.125,{},,,,경기도|화성시,경기도,municipality,UNIQUE_MUNICIPALITY_ALIAS,1.3542631903727214,94.39655172413794,False,0.0,CONTEXT_ONLY_NOT_CALIBRATED
41,ct_2cc8b9554c96b1,화성,역사와 하루2,EXPLICIT_SEPARATOR,4,4,3,0.75,1,0.25,1,False,CONDITIONAL_STOPS,0,HEADWAY_UNKNOWN_OR_NOT_APPLICABLE,0.5,0.0,0.0,0.25,0.0,"{""G08"": 1}",,,,경기도|화성시,경기도,municipality,UNIQUE_MUNICIPALITY_ALIAS,1.3542631903727214,94.39655172413794,False,0.0,CONTEXT_ONLY_NOT_CALIBRATED
42,ct_7c8399d1ee9697,화성,역사와 하루1,EXPLICIT_SEPARATOR,4,4,3,0.75,1,0.25,1,False,CONDITIONAL_STOPS,0,HEADWAY_UNKNOWN_OR_NOT_APPLICABLE,0.75,0.0,0.0,0.0,0.0,"{""G08"": 1}",,,,경기도|화성시,경기도,municipality,UNIQUE_MUNICIPALITY_ALIAS,1.3542631903727214,94.39655172413794,False,0.0,CONTEXT_ONLY_NOT_CALIBRATED
43,ct_fcdcec3c020261,화성,자연과 하루,EXPLICIT_SEPARATOR,3,3,1,0.3333333333333333,0,0.0,2,False,CONDITIONAL_STOPS,0,HEADWAY_UNKNOWN_OR_NOT_APPLICABLE,0.0,0.3333333333333333,0.0,0.0,0.0,{},,,,경기도|화성시,경기도,municipality,UNIQUE_MUNICIPALITY_ALIAS,1.3542631903727214,94.39655172413794,False,0.0,CONTEXT_ONLY_NOT_CALIBRATED
44,ct_4015a60380a6a5,화성,섬과 하루,UNSPLIT_REVIEW,1,0,0,0.0,0,0.0,0,False,ROUTE_UNRESOLVED,0,HEADWAY_UNKNOWN_OR_NOT_APPLICABLE,0.0,0.0,0.0,0.0,0.0,{},,,,경기도|화성시,경기도,municipality,UNIQUE_MUNICIPALITY_ALIAS,1.3542631903727214,94.39655172413794,False,0.0,CONTEXT_ONLY_NOT_CALIBRATED
45,ct_8f8d80c41a8119,화성,테마와 하루(지역축제 체험),EXPLICIT_SEPARATOR,5,5,4,0.8,0,0.0,1,False,CONDITIONAL_STOPS,0,HEADWAY_UNKNOWN_OR_NOT_APPLICABLE,0.0,0.0,0.8,0.0,0.0,{},,,,경기도|화성시,경기도,municipality,UNIQUE_MUNICIPALITY_ALIAS,1.3542631903727214,94.39655172413794,False,0.0,CONTEXT_ONLY_NOT_CALIBRATED
46,ct_52fe5a29aee3e7,합천,합천광역시티투어 누비고,EXPLICIT_SEPARATOR,3,3,3,1.0,2,0.6666666666666666,0,True,ELIGIBLE,0,HEADWAY_UNKNOWN_OR_NOT_APPLICABLE,0.3333333333333333,0.3333333333333333,0.3333333333333333,0.0,0.0,"{""G04"": 1, ""G07"": 1}",T05,0.003209158859117184,0.02632766459665055,경상남도|합천군,경상남도,municipality,UNIQUE_MUNICIPALITY_ALIAS,0.0342685370741483,6.4655172413793105,False,0.0,CONTEXT_ONLY_NOT_CALIBRATED
47,ct_17e0dd4d30822e,밀양,삼랑진권 투어,EXPLICIT_SEPARATOR,8,5,5,1.0,4,0.8,0,True,ELIGIBLE,0,,0.6,0.2,0.2,0.0,0.0,"{""G02"": 1, ""G04"": 1, ""G08"": 2}",T07,0.5910604885582882,-0.102644048108428,경상남도|밀양시,경상남도,municipality,UNIQUE_MUNICIPALITY_ALIAS,0.09899799599198397,28.448275862068964,False,0.0,CONTEXT_ONLY_NOT_CALIBRATED
48,ct_20eb1ae44f44d4,밀양,영남알프스권 투어 1,EXPLICIT_SEPARATOR,9,6,6,1.0,2,0.3333333333333333,0,True,ELIGIBLE,0,,0.3333333333333333,0.3333333333333333,0.3333333333333333,0.0,0.0,"{""G03"": 1, ""G08"": 1}",T06,-0.003034779530603021,-0.1165274666130045,경상남도|밀양시,경상남도,municipality,UNIQUE_MUNICIPALITY_ALIAS,0.09899799599198397,28.448275862068964,False,0.0,CONTEXT_ONLY_NOT_CALIBRATED
49,ct_d1e99a0d119f73,밀양,시내권 투어 1,EXPLICIT_SEPARATOR,10,7,6,0.8571428571428571,4,0.5714285714285714,0,True,ELIGIBLE,0,,0.35714285714285715,0.2857142857142857,0.21428571428571427,0.0,0.0,"{""G04"": 2, ""G08"": 2}",T06,0.14226912812490733,-0.06913272016907401,경상남도|밀양시,경상남도,municipality,UNIQUE_MUNICIPALITY_ALIAS,0.09899799599198397,28.448275862068964,False,0.0,CONTEXT_ONLY_NOT_CALIBRATED
50,ct_78497ddd68fd45,사천,우주항공산업투어,EXPLICIT_SEPARATOR,10,9,9,1.0,6,0.6666666666666666,0,True,ELIGIBLE,0,HEADWAY_UNKNOWN_OR_NOT_APPLICABLE,0.1111111111111111,0.2222222222222222,0.6666666666666666,0.0,0.0,"{""G03"": 3, ""G04"": 2, ""G08"": 1}",T02,-0.5308672302602283,-0.747900265475898,경상남도|사천시,경상남도,municipality,UNIQUE_MUNICIPALITY_ALIAS,0.17895791583166332,44.827586206896555,False,0.0,CONTEXT_ONLY_NOT_CALIBRATED
51,ct_18935ddc8bc32f,사천,오감체험투어,EXPLICIT_SEPARATOR,5,4,2,0.5,0,0.0,2,False,CONDITIONAL_STOPS,0,HEADWAY_UNKNOWN_OR_NOT_APPLICABLE,0.5,0.0,0.0,0.0,0.0,{},,,,경상남도|사천시,경상남도,municipality,UNIQUE_MUNICIPALITY_ALIAS,0.17895791583166332,44.827586206896555,False,0.0,CONTEXT_ONLY_NOT_CALIBRATED
52,ct_824d1bcb38ec4b,사천,이순신승전길투어,EXPLICIT_SEPARATOR,7,6,5,0.8333333333333334,3,0.5,1,False,CONDITIONAL_STOPS,0,HEADWAY_UNKNOWN_OR_NOT_APPLICABLE,0.0,0.5,0.0,0.0,0.3333333333333333,"{""G04"": 2, ""G05"": 1}",,,,경상남도|사천시,경상남도,municipality,UNIQUE_MUNICIPALITY_ALIAS,0.17895791583166332,44.827586206896555,False,0.0,CONTEXT_ONLY_NOT_CALIBRATED
53,ct_6b62f6c5e28b9c,사천,바다투어,EXPLICIT_SEPARATOR,8,7,7,1.0,6,0.8571428571428571,0,True,ELIGIBLE,0,HEADWAY_UNKNOWN_OR_NOT_APPLICABLE,0.0,0.42857142857142855,0.2857142857142857,0.0,0.2857142857142857,"{""G03"": 2, ""G04"": 3, ""G05"": 1}",T06,-0.6184381821515471,0.040055556695046776,경상남도|사천시,경상남도,municipality,UNIQUE_MUNICIPALITY_ALIAS,0.17895791583166332,44.827586206896555,False,0.0,CONTEXT_ONLY_NOT_CALIBRATED
54,ct_b8b6f8a37ebdf8,사천,별빛투어,EXPLICIT_SEPARATOR,12,10,10,1.0,6,0.6,0,True,ELIGIBLE,1,HEADWAY_UNKNOWN_OR_NOT_APPLICABLE,0.1,0.13333333333333333,0.6333333333333333,0.0,0.13333333333333333,"{""G03"": 3, ""G04"": 1, ""G05"": 1, ""G08"": 1}",T03,-0.6500256284402166,-0.6642631341690507,경상남도|사천시,경상남도,municipality,UNIQUE_MUNICIPALITY_ALIAS,0.17895791583166332,44.827586206896555,False,0.0,CONTEXT_ONLY_NOT_CALIBRATED
55,ct_da9b92ef0368b0,영주,특별운영,FLEXIBLE_OR_UNSPECIFIED,1,0,0,0.0,0,0.0,0,False,ROUTE_UNRESOLVED,0,HEADWAY_UNKNOWN_OR_NOT_APPLICABLE,0.0,0.0,0.0,0.0,0.0,{},,,,경상북도|영주시,경상북도,municipality,UNIQUE_MUNICIPALITY_ALIAS,0.07567582717883319,20.689655172413794,False,0.0,CONTEXT_ONLY_NOT_CALIBRATED
56,ct_572b4d8191127a,영주,선비 코스,EXPLICIT_SEPARATOR,10,6,6,1.0,4,0.6666666666666666,0,True,ELIGIBLE,0,HEADWAY_UNKNOWN_OR_NOT_APPLICABLE,0.6666666666666666,0.16666666666666666,0.0,0.16666666666666666,0.0,"{""G08"": 4}",T07,0.8327653930369678,0.05030047007086104,경상북도|영주시,경상북도,municipality,UNIQUE_MUNICIPALITY_ALIAS,0.07567582717883319,20.689655172413794,False,0.0,CONTEXT_ONLY_NOT_CALIBRATED
57,ct_c93b13bf48e761,영주,물돌이 코스,EXPLICIT_SEPARATOR,10,6,6,1.0,2,0.3333333333333333,0,True,ELIGIBLE,0,HEADWAY_UNKNOWN_OR_NOT_APPLICABLE,0.16666666666666666,0.5833333333333334,0.08333333333333333,0.16666666666666666,0.0,"{""G04"": 1, ""G08"": 1}",T05,-0.25528329381249637,0.5192107465065541,경상북도|영주시,경상북도,municipality,UNIQUE_MUNICIPALITY_ALIAS,0.07567582717883319,20.689655172413794,False,0.0,CONTEXT_ONLY_NOT_CALIBRATED
58,ct_e613bd3839189c,익산,순환형2,EXPLICIT_SEPARATOR,8,7,6,0.8571428571428571,5,0.7142857142857143,0,True,ELIGIBLE,0,,0.42857142857142855,0.0,0.2857142857142857,0.14285714285714285,0.0,"{""G01"": 1, ""G02"": 2, ""G08"": 2}",T06,0.3486708188538181,-0.5374116224031574,전북특별자치도|익산시,전북특별자치도,municipality,UNIQUE_MUNICIPALITY_ALIAS,0.2226452905811623,48.706896551724135,False,0.0,CONTEXT_ONLY_NOT_CALIBRATED
59,ct_c543fc703f1159,익산,순환형1,EXPLICIT_SEPARATOR,8,6,6,1.0,5,0.8333333333333334,0,True,ELIGIBLE,0,,0.5,0.0,0.3333333333333333,0.16666666666666666,0.0,"{""G01"": 1, ""G02"": 2, ""G08"": 2}",T06,0.42854824387355106,-0.5655215169880736,전북특별자치도|익산시,전북특별자치도,municipality,UNIQUE_MUNICIPALITY_ALIAS,0.2226452905811623,48.706896551724135,False,0.0,CONTEXT_ONLY_NOT_CALIBRATED
60,ct_ba0c8e297c39cc,익산,맞춤형코스,FLEXIBLE_OR_UNSPECIFIED,1,0,0,0.0,0,0.0,0,False,ROUTE_UNRESOLVED,0,HEADWAY_UNKNOWN_OR_NOT_APPLICABLE,0.0,0.0,0.0,0.0,0.0,{},,,,전북특별자치도|익산시,전북특별자치도,municipality,UNIQUE_MUNICIPALITY_ALIAS,0.2226452905811623,48.706896551724135,False,0.0,CONTEXT_ONLY_NOT_CALIBRATED
61,ct_73908901775f5c,익산,세계유산코스,EXPLICIT_SEPARATOR,5,3,3,1.0,2,0.6666666666666666,0,True,ELIGIBLE,0,HEADWAY_UNKNOWN_OR_NOT_APPLICABLE,1.0,0.0,0.0,0.0,0.0,"{""G08"": 2}",T07,1.4841474711773812,-0.03734028274488031,전북특별자치도|익산시,전북특별자치도,municipality,UNIQUE_MUNICIPALITY_ALIAS,0.2226452905811623,48.706896551724135,False,0.0,CONTEXT_ONLY_NOT_CALIBRATED
62,ct_68e342ed3c052f,익산,익산숨은보석찾기코스,EXPLICIT_SEPARATOR,7,5,5,1.0,4,0.8,0,True,ELIGIBLE,0,HEADWAY_UNKNOWN_OR_NOT_APPLICABLE,0.2,0.0,0.4,0.4,0.0,"{""G01"": 2, ""G02"": 2}",T04,-0.12308017318657816,-0.5984370530833031,전북특별자치도|익산시,전북특별자치도,municipality,UNIQUE_MUNICIPALITY_ALIAS,0.2226452905811623,48.706896551724135,False,0.0,CONTEXT_ONLY_NOT_CALIBRATED
63,ct_84ffabae716404,홍성,죽도코스,EXPLICIT_SEPARATOR,6,4,4,1.0,2,0.5,0,True,ELIGIBLE,0,HEADWAY_UNKNOWN_OR_NOT_APPLICABLE,0.0,0.25,0.25,0.25,0.25,"{""G01"": 1, ""G03"": 1}",T04,-0.5115039536728132,-0.035630805392249956,충청남도|홍성군,충청남도,municipality,UNIQUE_MUNICIPALITY_ALIAS,0.12286835934130522,33.4051724137931,False,0.0,CONTEXT_ONLY_NOT_CALIBRATED
64,ct_1d32ffebd246d5,홍성,"전통시장코스(홍성) 1,6일 운영",EXPLICIT_SEPARATOR,5,3,3,1.0,2,0.6666666666666666,0,True,ELIGIBLE,0,HEADWAY_UNKNOWN_OR_NOT_APPLICABLE,0.3333333333333333,0.3333333333333333,0.0,0.3333333333333333,0.0,"{""G01"": 1, ""G08"": 1}",T05,0.19387119167599492,0.4236514853059125,충청남도|홍성군,충청남도,municipality,UNIQUE_MUNICIPALITY_ALIAS,0.12286835934130522,33.4051724137931,False,0.0,CONTEXT_ONLY_NOT_CALIBRATED
65,ct_c722d90ff66eb2,홍성,"전통시장코스(광천) 4,9일 운영",EXPLICIT_SEPARATOR,6,4,4,1.0,2,0.5,0,True,ELIGIBLE,0,HEADWAY_UNKNOWN_OR_NOT_APPLICABLE,0.0,0.25,0.125,0.625,0.0,"{""G01"": 1, ""G04"": 1}",T04,-0.4162409910886494,0.11444217277256018,충청남도|홍성군,충청남도,municipality,UNIQUE_MUNICIPALITY_ALIAS,0.12286835934130522,33.4051724137931,False,0.0,CONTEXT_ONLY_NOT_CALIBRATED
66,ct_8b988867d0e267,홍성,남당항 코스,EXPLICIT_SEPARATOR,6,4,4,1.0,3,0.75,0,True,ELIGIBLE,0,HEADWAY_UNKNOWN_OR_NOT_APPLICABLE,0.0,0.5,0.5,0.0,0.0,"{""G03"": 1, ""G04"": 2}",T02,-0.7397497315364443,0.0011989828370114197,충청남도|홍성군,충청남도,municipality,UNIQUE_MUNICIPALITY_ALIAS,0.12286835934130522,33.4051724137931,False,0.0,CONTEXT_ONLY_NOT_CALIBRATED
67,ct_ba06e511559567,홍성,역사·문화 코스,EXPLICIT_SEPARATOR,5,3,3,1.0,1,0.3333333333333333,0,True,ELIGIBLE,0,HEADWAY_UNKNOWN_OR_NOT_APPLICABLE,1.0,0.0,0.0,0.0,0.0,"{""G08"": 1}",T07,1.4841474711773812,-0.03734028274488031,충청남도|홍성군,충청남도,municipality,UNIQUE_MUNICIPALITY_ALIAS,0.12286835934130522,33.4051724137931,False,0.0,CONTEXT_ONLY_NOT_CALIBRATED
68,ct_94cebe436c068a,서산,C코스,EXPLICIT_SEPARATOR,7,5,5,1.0,3,0.6,0,True,ELIGIBLE,0,HEADWAY_UNKNOWN_OR_NOT_APPLICABLE,0.2,0.2,0.2,0.2,0.2,"{""G04"": 1, ""G05"": 1, ""G08"": 1}",T04,-0.11490587654176534,-0.09390711028691862,충청남도|서산시,충청남도,municipality,UNIQUE_MUNICIPALITY_ALIAS,0.1965893749460883,46.98275862068966,False,0.0,CONTEXT_ONLY_NOT_CALIBRATED
69,ct_330d0bc9cd3d05,서산,B코스,EXPLICIT_SEPARATOR,7,5,5,1.0,3,0.6,0,True,ELIGIBLE,0,HEADWAY_UNKNOWN_OR_NOT_APPLICABLE,0.2,0.2,0.2,0.2,0.2,"{""G04"": 1, ""G05"": 1, ""G08"": 1}",T04,-0.11490587654176534,-0.09390711028691862,충청남도|서산시,충청남도,municipality,UNIQUE_MUNICIPALITY_ALIAS,0.1965893749460883,46.98275862068966,False,0.0,CONTEXT_ONLY_NOT_CALIBRATED
70,ct_3ed5105d35b251,서산,A코스,EXPLICIT_SEPARATOR,7,4,4,1.0,3,0.75,0,True,ELIGIBLE,0,HEADWAY_UNKNOWN_OR_NOT_APPLICABLE,0.75,0.125,0.125,0.0,0.0,"{""G08"": 3}",T07,0.9263058698216027,-0.07042745792221078,충청남도|서산시,충청남도,municipality,UNIQUE_MUNICIPALITY_ALIAS,0.1965893749460883,46.98275862068966,False,0.0,CONTEXT_ONLY_NOT_CALIBRATED
71,ct_e4444e050c482f,천안,일요일,EXPLICIT_SEPARATOR,4,3,3,1.0,1,0.3333333333333333,0,True,ELIGIBLE,0,HEADWAY_UNKNOWN_OR_NOT_APPLICABLE,0.3333333333333333,0.0,0.3333333333333333,0.3333333333333333,0.0,"{""G08"": 1}",T04,0.14856109689752728,-0.4186671465531774,충청남도|천안시,충청남도,municipality,UNIQUE_MUNICIPALITY_ALIAS,1.1479415287030514,91.37931034482759,False,0.0,CONTEXT_ONLY_NOT_CALIBRATED
72,ct_566165b1b827e0,천안,토요일,EXPLICIT_SEPARATOR,4,3,3,1.0,2,0.6666666666666666,0,True,ELIGIBLE,0,HEADWAY_UNKNOWN_OR_NOT_APPLICABLE,0.3333333333333333,0.3333333333333333,0.16666666666666666,0.16666666666666666,0.0,"{""G04"": 1, ""G07"": 1}",T05,0.09854017526755607,0.22498957495128152,충청남도|천안시,충청남도,municipality,UNIQUE_MUNICIPALITY_ALIAS,1.1479415287030514,91.37931034482759,False,0.0,CONTEXT_ONLY_NOT_CALIBRATED
73,ct_6bfb1cb10f19bb,천안,목요일,EXPLICIT_SEPARATOR,4,3,3,1.0,2,0.6666666666666666,0,True,ELIGIBLE,0,HEADWAY_UNKNOWN_OR_NOT_APPLICABLE,0.6666666666666666,0.3333333333333333,0.0,0.0,0.0,"{""G07"": 1, ""G08"": 1}",T07,0.7663333624074831,0.4156530068554301,충청남도|천안시,충청남도,municipality,UNIQUE_MUNICIPALITY_ALIAS,1.1479415287030514,91.37931034482759,False,0.0,CONTEXT_ONLY_NOT_CALIBRATED
74,ct_2c0d1fe873d818,천안,화요일,EXPLICIT_SEPARATOR,5,4,4,1.0,3,0.75,0,True,ELIGIBLE,0,HEADWAY_UNKNOWN_OR_NOT_APPLICABLE,0.5,0.25,0.25,0.0,0.0,"{""G04"": 1, ""G08"": 2}",T07,0.3709540027022536,-0.046551977669136706,충청남도|천안시,충청남도,municipality,UNIQUE_MUNICIPALITY_ALIAS,1.1479415287030514,91.37931034482759,False,0.0,CONTEXT_ONLY_NOT_CALIBRATED
75,ct_4078e0f90b0ed3,충주,충주시티투어,EXPLICIT_SEPARATOR,6,0,0,0.0,0,0.0,0,False,TOO_FEW_VISITS,0,HEADWAY_UNKNOWN_OR_NOT_APPLICABLE,0.0,0.0,0.0,0.0,0.0,{},,,,충청북도|충주시,충청북도,municipality,UNIQUE_MUNICIPALITY_ALIAS,0.336337009683703,61.63793103448276,False,0.0,CONTEXT_ONLY_NOT_CALIBRATED
76,ct_a11be8ffeee88a,태백,통리장 코스,EXPLICIT_SEPARATOR,8,5,5,1.0,3,0.6,0,True,ELIGIBLE,0,,0.2,0.4,0.2,0.2,0.0,"{""G03"": 1, ""G04"": 2}",T04,-0.1831052791425436,0.17395101272204772,강원특별자치도|태백시,강원특별자치도,municipality,UNIQUE_MUNICIPALITY_ALIAS,0.05771543086172345,15.086206896551724,False,0.0,CONTEXT_ONLY_NOT_CALIBRATED
77,ct_36b90ac2b7ebec,태백,황지자유시장 코스,EXPLICIT_SEPARATOR,9,6,6,1.0,4,0.6666666666666666,0,True,ELIGIBLE,0,,0.16666666666666666,0.3333333333333333,0.16666666666666666,0.16666666666666666,0.16666666666666666,"{""G03"": 1, ""G04"": 2, ""G05"": 1}",T04,-0.20977798200646475,0.08541598603430976,강원특별자치도|태백시,강원특별자치도,municipality,UNIQUE_MUNICIPALITY_ALIAS,0.05771543086172345,15.086206896551724,False,0.0,CONTEXT_ONLY_NOT_CALIBRATED
78,ct_cba721781124d5,원주,원주시티투어(순환형),EXPLICIT_SEPARATOR,15,7,7,1.0,5,0.7142857142857143,0,True,ELIGIBLE,0,,0.14285714285714285,0.14285714285714285,0.7142857142857143,0.0,0.0,"{""G03"": 4, ""G08"": 1}",T02,-0.46648711825216094,-0.8544110612253929,강원특별자치도|원주시,강원특별자치도,municipality,UNIQUE_MUNICIPALITY_ALIAS,0.4809619238476953,71.55172413793103,False,0.0,CONTEXT_ONLY_NOT_CALIBRATED
79,ct_809907e22355c9,연천,연천명소코스,EXPLICIT_SEPARATOR,6,4,4,1.0,3,0.75,0,True,ELIGIBLE,0,HEADWAY_UNKNOWN_OR_NOT_APPLICABLE,0.25,0.5,0.0,0.25,0.0,"{""G04"": 2, ""G08"": 1}",T05,-0.02441005426251172,0.5911858550630426,경기도|연천군,경기도,municipality,UNIQUE_MUNICIPALITY_ALIAS,0.04924593419537168,12.5,False,0.0,CONTEXT_ONLY_NOT_CALIBRATED
80,ct_ed3a5516a8c6ca,연천,안보자연코스,EXPLICIT_SEPARATOR,6,4,4,1.0,2,0.5,0,True,ELIGIBLE,0,,0.0,0.25,0.5,0.25,0.0,"{""G03"": 1, ""G04"": 1}",T02,-0.6307357780076368,-0.33254712552535953,경기도|연천군,경기도,municipality,UNIQUE_MUNICIPALITY_ALIAS,0.04924593419537168,12.5,False,0.0,CONTEXT_ONLY_NOT_CALIBRATED
81,ct_bd00bd65a80b11,연천,역사자연코스,EXPLICIT_SEPARATOR,7,5,5,1.0,4,0.8,0,True,ELIGIBLE,0,,0.4,0.4,0.2,0.0,0.0,"{""G04"": 2, ""G08"": 2}",T05,0.16037202329634925,0.16915192565175824,경기도|연천군,경기도,municipality,UNIQUE_MUNICIPALITY_ALIAS,0.04924593419537168,12.5,False,0.0,CONTEXT_ONLY_NOT_CALIBRATED
82,ct_768d8183a336c4,이천,승마체험코스,EXPLICIT_SEPARATOR,3,3,2,0.6666666666666666,0,0.0,1,False,CONDITIONAL_STOPS,0,HEADWAY_ONE_REVIEW,0.0,0.0,0.3333333333333333,0.3333333333333333,0.0,{},,,,경기도|이천시,경기도,municipality,UNIQUE_MUNICIPALITY_ALIAS,0.5663282432467742,76.9396551724138,False,0.0,CONTEXT_ONLY_NOT_CALIBRATED
83,ct_8e34c83e5dbe39,이천,농촌체험코스(북부),EXPLICIT_SEPARATOR,3,3,3,1.0,0,0.0,0,True,ELIGIBLE,0,HEADWAY_ONE_REVIEW,0.0,0.3333333333333333,0.6666666666666666,0.0,0.0,{},T02,-0.7599150446892486,-0.3629976776621289,경기도|이천시,경기도,municipality,UNIQUE_MUNICIPALITY_ALIAS,0.5663282432467742,76.9396551724138,False,0.0,CONTEXT_ONLY_NOT_CALIBRATED
84,ct_f48a1e387a5d08,이천,농촌체험코스(중부),EXPLICIT_SEPARATOR,3,3,3,1.0,0,0.0,0,True,ELIGIBLE,0,HEADWAY_ONE_REVIEW,0.0,0.0,1.0,0.0,0.0,{},T02,-0.8052251394677163,-1.205316309521219,경기도|이천시,경기도,municipality,UNIQUE_MUNICIPALITY_ALIAS,0.5663282432467742,76.9396551724138,False,0.0,CONTEXT_ONLY_NOT_CALIBRATED
85,ct_95906ed6ab2982,이천,농촌체험코스(남부),EXPLICIT_SEPARATOR,3,3,2,0.6666666666666666,0,0.0,1,False,CONDITIONAL_STOPS,0,HEADWAY_ONE_REVIEW,0.0,0.0,0.6666666666666666,0.0,0.0,{},,,,경기도|이천시,경기도,municipality,UNIQUE_MUNICIPALITY_ALIAS,0.5663282432467742,76.9396551724138,False,0.0,CONTEXT_ONLY_NOT_CALIBRATED
86,ct_6e5834d70408a0,평택,"문화유산코스 /관광코스 ※무장애코스 월2회 정기운영(3~6월,9~11월)",EXPLICIT_SEPARATOR,28,26,25,0.9615384615384616,14,0.5384615384615384,1,False,CONDITIONAL_STOPS,0,HEADWAY_UNKNOWN_OR_NOT_APPLICABLE,0.5,0.2692307692307692,0.19230769230769232,0.0,0.0,"{""G03"": 2, ""G04"": 5, ""G08"": 7}",,,,경기도|평택시,경기도,municipality,UNIQUE_MUNICIPALITY_ALIAS,0.7633119800282611,86.63793103448276,False,0.0,CONTEXT_ONLY_NOT_CALIBRATED
87,ct_3dd54d8970e115,의정부,의정부포레스트:오감이 깨어나는 숲 속 여행,EXPLICIT_SEPARATOR,5,5,5,1.0,2,0.4,0,True,ELIGIBLE,0,HEADWAY_UNKNOWN_OR_NOT_APPLICABLE,0.0,0.2,0.4,0.4,0.0,"{""G03"": 1, ""G04"": 1}",T04,-0.5537686384485171,-0.3266410793231168,경기도|의정부시,경기도,municipality,UNIQUE_MUNICIPALITY_ALIAS,0.5663282432467742,76.9396551724138,False,0.0,CONTEXT_ONLY_NOT_CALIBRATED
88,ct_1ec5a8d64c0dc7,청주,청주시티투어_수시투어,FLEXIBLE_OR_UNSPECIFIED,1,0,0,0.0,0,0.0,0,False,ROUTE_UNRESOLVED,0,HEADWAY_UNKNOWN_OR_NOT_APPLICABLE,0.0,0.0,0.0,0.0,0.0,{},,,,충청북도|청주시,충청북도,municipality,UNIQUE_MUNICIPALITY_ALIAS,2.0180220581022184,96.55172413793103,False,0.0,CONTEXT_ONLY_NOT_CALIBRATED
89,ct_77585e7300bc39,청주,청주시티투어_정기투어_트레킹 투어(토),EXPLICIT_SEPARATOR,9,7,7,1.0,5,0.7142857142857143,0,True,ELIGIBLE,0,HEADWAY_UNKNOWN_OR_NOT_APPLICABLE,0.0,0.7142857142857143,0.2857142857142857,0.0,0.0,"{""G03"": 2, ""G04"": 1, ""G07"": 2}",T05,-0.7158659001526589,0.422710018136427,충청북도|청주시,충청북도,municipality,UNIQUE_MUNICIPALITY_ALIAS,2.0180220581022184,96.55172413793103,False,0.0,CONTEXT_ONLY_NOT_CALIBRATED
90,ct_d756b69f16e800,청주,청주시티투어_정기투어_힐링로드 투어(토),EXPLICIT_SEPARATOR,8,6,6,1.0,4,0.6666666666666666,0,True,ELIGIBLE,0,HEADWAY_UNKNOWN_OR_NOT_APPLICABLE,0.16666666666666666,0.16666666666666666,0.5,0.16666666666666666,0.0,"{""G01"": 1, ""G03"": 2, ""G08"": 1}",T02,-0.31192091228558094,-0.5336875433173083,충청북도|청주시,충청북도,municipality,UNIQUE_MUNICIPALITY_ALIAS,2.0180220581022184,96.55172413793103,False,0.0,CONTEXT_ONLY_NOT_CALIBRATED
91,ct_a726fc60353090,청주,청주시티투어_정기투어_초정힐링 투어(토),EXPLICIT_SEPARATOR,8,5,5,1.0,5,1.0,0,True,ELIGIBLE,0,HEADWAY_UNKNOWN_OR_NOT_APPLICABLE,0.4,0.0,0.4,0.2,0.0,"{""G01"": 1, ""G03"": 2, ""G08"": 2}",T04,0.2203971292523147,-0.6032361401535925,충청북도|청주시,충청북도,municipality,UNIQUE_MUNICIPALITY_ALIAS,2.0180220581022184,96.55172413793103,False,0.0,CONTEXT_ONLY_NOT_CALIBRATED
92,ct_86dc46ed127655,청주,청주시티투어_정기투어_청남대 투어(수토일),EXPLICIT_SEPARATOR,9,5,5,1.0,5,1.0,0,True,ELIGIBLE,0,HEADWAY_UNKNOWN_OR_NOT_APPLICABLE,0.2,0.2,0.4,0.2,0.0,"{""G01"": 1, ""G03"": 2, ""G07"": 1, ""G08"": 1}",T04,-0.21029133600962419,-0.3314401663934063,충청북도|청주시,충청북도,municipality,UNIQUE_MUNICIPALITY_ALIAS,2.0180220581022184,96.55172413793103,False,0.0,CONTEXT_ONLY_NOT_CALIBRATED
93,ct_c68da356b898d6,여주,꽃섬투어,EXPLICIT_SEPARATOR,9,7,7,1.0,4,0.5714285714285714,0,True,ELIGIBLE,0,,0.14285714285714285,0.0,0.5714285714285714,0.0,0.2857142857142857,"{""G03"": 1, ""G05"": 2, ""G08"": 1}",T02,-0.3496407882031345,-0.8760718232985919,경기도|여주시,경기도,municipality,UNIQUE_MUNICIPALITY_ALIAS,0.6648201116375178,82.54310344827586,False,0.0,CONTEXT_ONLY_NOT_CALIBRATED
94,ct_7cdced2e0d065a,여주,시티투어,EXPLICIT_SEPARATOR,11,9,9,1.0,3,0.3333333333333333,0,True,ELIGIBLE,0,,0.3333333333333333,0.2222222222222222,0.2222222222222222,0.2222222222222222,0.0,"{""G04"": 1, ""G08"": 2}",T06,0.10499026064993414,-0.22346749016387035,경기도|여주시,경기도,municipality,UNIQUE_MUNICIPALITY_ALIAS,0.6648201116375178,82.54310344827586,False,0.0,CONTEXT_ONLY_NOT_CALIBRATED
95,ct_bd2de54ec11e6b,양산,양산시 가을 시티투어 (자연관광코스),EXPLICIT_SEPARATOR,6,4,3,0.75,2,0.5,0,True,ELIGIBLE,0,HEADWAY_UNKNOWN_OR_NOT_APPLICABLE|URL_MISSING,0.0,0.25,0.25,0.25,0.0,"{""G03"": 1, ""G04"": 1}",T04,-0.45790964692352953,-0.028040012612245813,경상남도|양산시,경상남도,municipality,UNIQUE_MUNICIPALITY_ALIAS,0.3426853707414829,62.5,False,0.0,CONTEXT_ONLY_NOT_CALIBRATED
96,ct_79a18eaed83932,양산,양산시 가을 시티투어 (역사문화코스),EXPLICIT_SEPARATOR,6,4,4,1.0,3,0.75,0,True,ELIGIBLE,0,HEADWAY_UNKNOWN_OR_NOT_APPLICABLE|URL_MISSING,0.5,0.25,0.0,0.25,0.0,"{""G04"": 1, ""G08"": 2}",T07,0.513950527314912,0.25144088786280977,경상남도|양산시,경상남도,municipality,UNIQUE_MUNICIPALITY_ALIAS,0.3426853707414829,62.5,False,0.0,CONTEXT_ONLY_NOT_CALIBRATED
97,ct_956d44d9a821ed,양산,2025 6월 시티투어,EXPLICIT_SEPARATOR,6,4,4,1.0,3,0.75,0,True,ELIGIBLE,0,HEADWAY_UNKNOWN_OR_NOT_APPLICABLE|URL_MISSING,0.25,0.25,0.25,0.25,0.0,"{""G03"": 1, ""G04"": 1, ""G08"": 1}",T04,-0.05839262534636249,-0.04055311883127488,경상남도|양산시,경상남도,municipality,UNIQUE_MUNICIPALITY_ALIAS,0.3426853707414829,62.5,False,0.0,CONTEXT_ONLY_NOT_CALIBRATED
98,ct_a98893fa363590,양산,봄꽃체험코스,EXPLICIT_SEPARATOR,5,3,2,0.6666666666666666,1,0.3333333333333333,0,True,ELIGIBLE,0,HEADWAY_UNKNOWN_OR_NOT_APPLICABLE|URL_MISSING,0.0,0.3333333333333333,0.0,0.3333333333333333,0.0,"{""G04"": 1}",T04,-0.33881817042689466,0.44033562693128453,경상남도|양산시,경상남도,municipality,UNIQUE_MUNICIPALITY_ALIAS,0.3426853707414829,62.5,False,0.0,CONTEXT_ONLY_NOT_CALIBRATED
99,ct_36cdd5661df6fd,봉화,송이축제 문화유적탐방버스,EXPLICIT_SEPARATOR,5,5,5,1.0,4,0.8,0,True,ELIGIBLE,0,HEADWAY_UNKNOWN_OR_NOT_APPLICABLE|OPERATING_TIME_UNDECIDED|URL_MISSING,0.2,0.4,0.4,0.0,0.0,"{""G03"": 2, ""G04"": 1, ""G07"": 1}",T02,-0.2975024988326702,-0.06444327970350948,경상북도|봉화군,경상북도,municipality,UNIQUE_MUNICIPALITY_ALIAS,0.025225275726277727,3.4482758620689653,False,0.0,CONTEXT_ONLY_NOT_CALIBRATED
100,ct_69c07f148cbc8b,봉화,은어축제 문화유적탐방버스,EXPLICIT_SEPARATOR,5,5,5,1.0,4,0.8,0,True,ELIGIBLE,0,HEADWAY_UNKNOWN_OR_NOT_APPLICABLE|OPERATING_TIME_UNDECIDED|URL_MISSING,0.2,0.4,0.4,0.0,0.0,"{""G03"": 2, ""G04"": 1, ""G07"": 1}",T02,-0.2975024988326702,-0.06444327970350948,경상북도|봉화군,경상북도,municipality,UNIQUE_MUNICIPALITY_ALIAS,0.025225275726277727,3.4482758620689653,False,0.0,CONTEXT_ONLY_NOT_CALIBRATED
101,ct_de90b5933f0b40,청도,시티투어,EXPLICIT_SEPARATOR,5,5,5,1.0,2,0.4,0,True,ELIGIBLE,0,URL_MISSING,0.2,0.2,0.2,0.4,0.0,"{""G03"": 1, ""G04"": 1}",T04,-0.09589411631949757,-0.0930458739678491,경상북도|청도군,경상북도,municipality,UNIQUE_MUNICIPALITY_ALIAS,0.09729749208707124,27.586206896551722,False,0.0,CONTEXT_ONLY_NOT_CALIBRATED
102,ct_a8109db7ba07e7,안동,봉정사&만휴정테마,EXPLICIT_SEPARATOR,12,8,7,0.875,3,0.375,1,False,CONDITIONAL_STOPS,0,,0.5625,0.25,0.0,0.0625,0.0,"{""G04"": 1, ""G08"": 2}",,,,경상북도|안동시,경상북도,municipality,UNIQUE_MUNICIPALITY_ALIAS,0.16936970844786475,43.53448275862069,False,0.0,CONTEXT_ONLY_NOT_CALIBRATED
103,ct_bdc4b066f6280d,안동,도산서원&예끼마을테마,EXPLICIT_SEPARATOR,11,7,7,1.0,3,0.42857142857142855,0,True,ELIGIBLE,0,,0.5,0.0,0.2857142857142857,0.21428571428571427,0.0,"{""G03"": 1, ""G08"": 2}",T06,0.45429579459830904,-0.5428480091460707,경상북도|안동시,경상북도,municipality,UNIQUE_MUNICIPALITY_ALIAS,0.16936970844786475,43.53448275862069,False,0.0,CONTEXT_ONLY_NOT_CALIBRATED
104,ct_ec90f983bc7ed6,안동,하회마을테마,EXPLICIT_SEPARATOR,12,8,8,1.0,4,0.5,0,True,ELIGIBLE,0,,0.5625,0.25,0.125,0.0625,0.0,"{""G04"": 2, ""G07"": 1, ""G08"": 1}",T06,0.543230665800897,-0.049101671719156914,경상북도|안동시,경상북도,municipality,UNIQUE_MUNICIPALITY_ALIAS,0.16936970844786475,43.53448275862069,False,0.0,CONTEXT_ONLY_NOT_CALIBRATED
105,ct_40252d247000a5,안동,야간도심테마,EXPLICIT_SEPARATOR,7,4,4,1.0,3,0.75,0,True,ELIGIBLE,1,,0.25,0.5,0.25,0.0,0.0,"{""G04"": 2, ""G08"": 1}",T03,-0.3115716903453554,0.48040073510065723,경상북도|안동시,경상북도,municipality,UNIQUE_MUNICIPALITY_ALIAS,0.16936970844786475,43.53448275862069,False,0.0,CONTEXT_ONLY_NOT_CALIBRATED
106,ct_ab2a31c9b0dd1c,안동,주간도심테마,EXPLICIT_SEPARATOR,11,8,7,0.875,4,0.5,0,True,ELIGIBLE,0,,0.25,0.375,0.0,0.125,0.125,"{""G01"": 1, ""G04"": 2, ""G08"": 1}",T06,0.02657111937885956,0.2769852397664943,경상북도|안동시,경상북도,municipality,UNIQUE_MUNICIPALITY_ALIAS,0.16936970844786475,43.53448275862069,False,0.0,CONTEXT_ONLY_NOT_CALIBRATED
107,ct_b96c711c2cd94d,예산,예산군 버스투어,EXPLICIT_SEPARATOR,7,6,6,1.0,6,1.0,0,True,ELIGIBLE,0,HEADWAY_UNKNOWN_OR_NOT_APPLICABLE,0.3333333333333333,0.3333333333333333,0.0,0.3333333333333333,0.0,"{""G01"": 2, ""G04"": 2, ""G08"": 2}",T04,0.18762725328627472,0.2807963540962574,충청남도|예산군,충청남도,municipality,UNIQUE_MUNICIPALITY_ALIAS,0.16850517852521854,42.88793103448276,False,0.0,CONTEXT_ONLY_NOT_CALIBRATED
108,ct_03101958100a14,부여,부여테마여행,EXPLICIT_SEPARATOR,21,11,11,1.0,8,0.7272727272727273,0,True,ELIGIBLE,0,,0.5454545454545454,0.36363636363636365,0.09090909090909091,0.0,0.0,"{""G03"": 1, ""G04"": 3, ""G08"": 4}",T06,0.4806949353989235,0.07020787325133672,충청남도|부여군,충청남도,municipality,UNIQUE_MUNICIPALITY_ALIAS,0.12286835934130522,33.4051724137931,False,0.0,CONTEXT_ONLY_NOT_CALIBRATED
109,ct_6c4aceb7545355,부여,롯데리조트부여와 함께하는 부여 감성야행,EXPLICIT_SEPARATOR,19,10,9,0.9,8,0.8,1,False,CONDITIONAL_STOPS,1,,0.2,0.3,0.4,0.0,0.0,"{""G03"": 2, ""G04"": 3, ""G08"": 1}",,,,충청남도|부여군,충청남도,municipality,UNIQUE_MUNICIPALITY_ALIAS,0.12286835934130522,33.4051724137931,False,0.0,CONTEXT_ONLY_NOT_CALIBRATED
110,ct_abd1e371e69550,정선,아리랑열차 연계형 시티투어2,EXPLICIT_SEPARATOR,7,5,5,1.0,4,0.8,0,True,ELIGIBLE,0,HEADWAY_UNKNOWN_OR_NOT_APPLICABLE,0.0,0.4,0.2,0.2,0.2,"{""G01"": 1, ""G04"": 1, ""G05"": 1, ""G07"": 1}",T04,-0.5455943418037043,0.17788886347326766,강원특별자치도|정선군,강원특별자치도,municipality,UNIQUE_MUNICIPALITY_ALIAS,0.09298597194388776,25.0,False,0.0,CONTEXT_ONLY_NOT_CALIBRATED
111,ct_370b108b4609ce,정선,아리랑열차 연계형 시티투어 1,EXPLICIT_SEPARATOR,5,1,1,1.0,1,1.0,0,False,TOO_FEW_VISITS,0,HEADWAY_UNKNOWN_OR_NOT_APPLICABLE,0.0,0.0,0.0,1.0,0.0,"{""G01"": 1}",,,,강원특별자치도|정선군,강원특별자치도,municipality,UNIQUE_MUNICIPALITY_ALIAS,0.09298597194388776,25.0,False,0.0,CONTEXT_ONLY_NOT_CALIBRATED
112,ct_516add9e1cef4a,정선,와와정선 2층 투어버스,EXPLICIT_SEPARATOR,7,4,4,1.0,2,0.5,0,True,ELIGIBLE,0,HEADWAY_UNKNOWN_OR_NOT_APPLICABLE,0.0,0.25,0.5,0.25,0.0,"{""G01"": 1, ""G04"": 1}",T02,-0.6307357780076368,-0.33254712552535953,강원특별자치도|정선군,강원특별자치도,municipality,UNIQUE_MUNICIPALITY_ALIAS,0.09298597194388776,25.0,False,0.0,CONTEXT_ONLY_NOT_CALIBRATED
113,ct_ebbc3131233e25,가평,가평순환버스B코스,EXPLICIT_SEPARATOR,6,3,3,1.0,3,1.0,0,True,ELIGIBLE,0,,0.0,0.6666666666666666,0.3333333333333333,0.0,0.0,"{""G03"": 1, ""G04"": 1, ""G07"": 1}",T05,-0.714604949910781,0.4793209541969609,경기도|가평군,경기도,municipality,UNIQUE_MUNICIPALITY_ALIAS,0.27085263807454424,54.741379310344826,False,0.0,CONTEXT_ONLY_NOT_CALIBRATED
114,ct_2827a8d7943bdf,가평,가평순환버스A코스,EXPLICIT_SEPARATOR,9,7,7,1.0,6,0.8571428571428571,0,True,ELIGIBLE,0,,0.0,0.42857142857142855,0.5714285714285714,0.0,0.0,"{""G03"": 3, ""G04"": 2, ""G07"": 1}",T02,-0.7547031242484884,-0.2992773805999355,경기도|가평군,경기도,municipality,UNIQUE_MUNICIPALITY_ALIAS,0.27085263807454424,54.741379310344826,False,0.0,CONTEXT_ONLY_NOT_CALIBRATED
115,ct_c825dbc2a63555,파주,2026 파주시티투어 1박2일코스(토요일~일요일),EXPLICIT_SEPARATOR,6,6,6,1.0,3,0.5,0,True,ELIGIBLE,0,,0.5,0.0,0.5,0.0,0.0,"{""G03"": 2, ""G08"": 1}",T06,0.3332172274651122,-0.7641834273427047,경기도|파주시,경기도,municipality,UNIQUE_MUNICIPALITY_ALIAS,0.7879349471259469,87.28448275862068,False,0.0,CONTEXT_ONLY_NOT_CALIBRATED
116,ct_f534f220e539af,파주,2026 파주시티투어 당일코스(일요일),EXPLICIT_SEPARATOR,3,3,3,1.0,1,0.3333333333333333,0,True,ELIGIBLE,0,,0.6666666666666666,0.16666666666666666,0.16666666666666666,0.0,0.0,"{""G08"": 1}",T07,0.7436783150182492,-0.005506309074114882,경기도|파주시,경기도,municipality,UNIQUE_MUNICIPALITY_ALIAS,0.7879349471259469,87.28448275862068,False,0.0,CONTEXT_ONLY_NOT_CALIBRATED
117,ct_9f8a8ca65b1ebb,파주,2026 파주시티투어 당일코스(토요일),EXPLICIT_SEPARATOR,3,3,3,1.0,3,1.0,0,True,ELIGIBLE,0,,0.6666666666666666,0.0,0.3333333333333333,0.0,0.0,"{""G03"": 1, ""G08"": 2}",T07,0.7210232676290155,-0.4266656250036598,경기도|파주시,경기도,municipality,UNIQUE_MUNICIPALITY_ALIAS,0.7879349471259469,87.28448275862068,False,0.0,CONTEXT_ONLY_NOT_CALIBRATED
118,ct_d916d0f4237246,파주,2026 파주시티투어 당일코스(금요일),EXPLICIT_SEPARATOR,3,3,3,1.0,2,0.6666666666666666,0,True,ELIGIBLE,0,,0.3333333333333333,0.0,0.6666666666666666,0.0,0.0,"{""G03"": 2}",T02,-0.04210093591935048,-0.8159909672624394,경기도|파주시,경기도,municipality,UNIQUE_MUNICIPALITY_ALIAS,0.7879349471259469,87.28448275862068,False,0.0,CONTEXT_ONLY_NOT_CALIBRATED
119,ct_62dfed5cce4635,파주,2026 파주시티투어 당일코스(목요일),EXPLICIT_SEPARATOR,3,3,3,1.0,2,0.6666666666666666,0,True,ELIGIBLE,0,,0.3333333333333333,0.6666666666666666,0.0,0.0,0.0,"{""G04"": 1, ""G08"": 1}",T05,0.04851925363758483,0.8686462964557404,경기도|파주시,경기도,municipality,UNIQUE_MUNICIPALITY_ALIAS,0.7879349471259469,87.28448275862068,False,0.0,CONTEXT_ONLY_NOT_CALIBRATED
120,ct_5c692156a089c1,파주,2026 파주시티투어 당일코스(수요일),EXPLICIT_SEPARATOR,3,3,3,1.0,1,0.3333333333333333,0,True,ELIGIBLE,0,,0.3333333333333333,0.5,0.16666666666666666,0.0,0.0,"{""G07"": 1}",T05,0.025864206248351007,0.44748698052619557,경기도|파주시,경기도,municipality,UNIQUE_MUNICIPALITY_ALIAS,0.7879349471259469,87.28448275862068,False,0.0,CONTEXT_ONLY_NOT_CALIBRATED
121,ct_d3c228b00ede2b,파주,2026 파주시티투어 당일코스(화요일),EXPLICIT_SEPARATOR,3,3,3,1.0,3,1.0,0,True,ELIGIBLE,0,,0.0,0.3333333333333333,0.6666666666666666,0.0,0.0,"{""G03"": 2, ""G04"": 1}",T02,-0.7599150446892486,-0.3629976776621289,경기도|파주시,경기도,municipality,UNIQUE_MUNICIPALITY_ALIAS,0.7879349471259469,87.28448275862068,False,0.0,CONTEXT_ONLY_NOT_CALIBRATED
122,ct_7e32361fcd1ee4,시흥,테마형 수시코스,FLEXIBLE_OR_UNSPECIFIED,1,0,0,0.0,0,0.0,0,False,ROUTE_UNRESOLVED,0,HEADWAY_UNKNOWN_OR_NOT_APPLICABLE,0.0,0.0,0.0,0.0,0.0,{},,,,경기도|시흥시,경기도,municipality,UNIQUE_MUNICIPALITY_ALIAS,0.7879349471259469,87.28448275862068,False,0.0,CONTEXT_ONLY_NOT_CALIBRATED
123,ct_4be058672a95ae,시흥,테마형 정기코스,EXPLICIT_SEPARATOR,11,7,7,1.0,4,0.5714285714285714,0,True,ELIGIBLE,0,HEADWAY_UNKNOWN_OR_NOT_APPLICABLE,0.0,0.5,0.14285714285714285,0.0,0.35714285714285715,"{""G03"": 1, ""G04"": 2, ""G05"": 1}",T01,-0.5746626406033545,0.30538564070288304,경기도|시흥시,경기도,municipality,UNIQUE_MUNICIPALITY_ALIAS,0.7879349471259469,87.28448275862068,False,0.0,CONTEXT_ONLY_NOT_CALIBRATED
124,ct_83afdb6c6bad30,시흥,순환형 2층버스,EXPLICIT_SEPARATOR,5,5,5,1.0,4,0.8,0,True,ELIGIBLE,0,HEADWAY_ONE_REVIEW,0.2,0.4,0.0,0.0,0.4,"{""G04"": 2, ""G05"": 1, ""G08"": 1}",T01,-0.1067315798969525,0.4106228325094658,경기도|시흥시,경기도,municipality,UNIQUE_MUNICIPALITY_ALIAS,0.7879349471259469,87.28448275862068,False,0.0,CONTEXT_ONLY_NOT_CALIBRATED
125,ct_5af4a6ea0ae672,부천,정규코스. 특별코스,EXPLICIT_SEPARATOR,2,0,0,0.0,0,0.0,0,False,TOO_FEW_VISITS,0,HEADWAY_UNKNOWN_OR_NOT_APPLICABLE,0.0,0.0,0.0,0.0,0.0,{},,,,경기도|부천시,경기도,municipality,UNIQUE_MUNICIPALITY_ALIAS,1.083410552298177,90.94827586206897,False,0.0,CONTEXT_ONLY_NOT_CALIBRATED
126,ct_1c691124e74222,대구,도동코스,EXPLICIT_SEPARATOR,4,4,4,1.0,3,0.75,0,True,ELIGIBLE,0,,0.75,0.0,0.0,0.25,0.0,"{""G08"": 3}",T07,1.0523111088923356,-0.08830407933742303,대구광역시,대구광역시,province,PROVINCE_CONTEXT_ONLY,3.707414829659318,,False,0.0,CONTEXT_ONLY_NOT_CALIBRATED
127,ct_0e4d7f0c7de8e2,대구,송해코스,EXPLICIT_SEPARATOR,5,5,5,1.0,4,0.8,0,True,ELIGIBLE,0,,0.6,0.4,0.0,0.0,0.0,"{""G04"": 2, ""G08"": 2}",T07,0.6182465454253687,0.4027471310070259,대구광역시,대구광역시,province,PROVINCE_CONTEXT_ONLY,3.707414829659318,,False,0.0,CONTEXT_ONLY_NOT_CALIBRATED
128,ct_62ce3cfd4b2223,대구,현풍코스,EXPLICIT_SEPARATOR,7,6,6,1.0,3,0.5,0,True,ELIGIBLE,0,,0.8333333333333334,0.0,0.0,0.16666666666666666,0.0,"{""G08"": 3}",T07,1.1916724474219171,-0.17619617472929414,대구광역시,대구광역시,province,PROVINCE_CONTEXT_ONLY,3.707414829659318,,False,0.0,CONTEXT_ONLY_NOT_CALIBRATED
129,ct_3502e24db497bb,인천,노을야경투어,EXPLICIT_SEPARATOR,5,1,1,1.0,0,0.0,0,False,TOO_FEW_VISITS,1,HEADWAY_UNKNOWN_OR_NOT_APPLICABLE,0.0,0.0,0.0,0.0,1.0,{},,,,인천광역시,인천광역시,province,PROVINCE_CONTEXT_ONLY,5.310621242484969,,True,0.0,CONTEXT_ONLY_NOT_CALIBRATED
130,ct_b53b246e98a9cd,인천,석모도투어,EXPLICIT_SEPARATOR,5,3,3,1.0,1,0.3333333333333333,0,True,ELIGIBLE,0,HEADWAY_UNKNOWN_OR_NOT_APPLICABLE,0.3333333333333333,0.3333333333333333,0.0,0.3333333333333333,0.0,"{""G04"": 1}",T05,0.19387119167599492,0.4236514853059125,인천광역시,인천광역시,province,PROVINCE_CONTEXT_ONLY,5.310621242484969,,True,0.0,CONTEXT_ONLY_NOT_CALIBRATED
131,ct_59c60fcaf04aa6,인천,교동도투어,EXPLICIT_SEPARATOR,6,4,4,1.0,1,0.25,0,True,ELIGIBLE,0,HEADWAY_UNKNOWN_OR_NOT_APPLICABLE,0.25,0.25,0.5,0.0,0.0,"{""G08"": 1}",T02,-0.2013891499590208,-0.33854598436322136,인천광역시,인천광역시,province,PROVINCE_CONTEXT_ONLY,5.310621242484969,,True,0.0,CONTEXT_ONLY_NOT_CALIBRATED
132,ct_30fd00f9cfda89,인천,선재영흥투어,EXPLICIT_SEPARATOR,5,3,3,1.0,0,0.0,0,True,ELIGIBLE,0,HEADWAY_UNKNOWN_OR_NOT_APPLICABLE,0.0,0.0,0.0,0.0,1.0,{},T01,-0.32829784212842206,-0.017651028988780584,인천광역시,인천광역시,province,PROVINCE_CONTEXT_ONLY,5.310621242484969,,True,0.0,CONTEXT_ONLY_NOT_CALIBRATED
133,ct_0ed3eb88438a1d,인천,청라투어,EXPLICIT_SEPARATOR,6,4,4,1.0,1,0.25,0,True,ELIGIBLE,0,HEADWAY_UNKNOWN_OR_NOT_APPLICABLE,0.0,0.5,0.5,0.0,0.0,"{""G04"": 1}",T02,-0.7397497315364443,0.0011989828370114197,인천광역시,인천광역시,province,PROVINCE_CONTEXT_ONLY,5.310621242484969,,True,0.0,CONTEXT_ONLY_NOT_CALIBRATED
134,ct_008becedc70ab4,인천,무의도투어,EXPLICIT_SEPARATOR,5,3,3,1.0,1,0.3333333333333333,0,True,ELIGIBLE,0,HEADWAY_UNKNOWN_OR_NOT_APPLICABLE,0.0,0.0,0.0,0.0,1.0,"{""G05"": 1}",T01,-0.32829784212842206,-0.017651028988780584,인천광역시,인천광역시,province,PROVINCE_CONTEXT_ONLY,5.310621242484969,,True,0.0,CONTEXT_ONLY_NOT_CALIBRATED
135,ct_2be78db2f756ab,인천,바다노선,EXPLICIT_SEPARATOR,9,6,6,1.0,3,0.5,0,True,ELIGIBLE,0,,0.16666666666666666,0.0,0.5,0.0,0.3333333333333333,"{""G05"": 1, ""G08"": 1}",T02,-0.2709312103034889,-0.7576203427573381,인천광역시,인천광역시,province,PROVINCE_CONTEXT_ONLY,5.310621242484969,,True,0.0,CONTEXT_ONLY_NOT_CALIBRATED
136,ct_424fda831e8a80,인천,인천레트로노선,EXPLICIT_SEPARATOR,9,6,6,1.0,4,0.6666666666666666,0,True,ELIGIBLE,0,,0.16666666666666666,0.0,0.5,0.3333333333333333,0.0,"{""G01"": 1, ""G02"": 1, ""G03"": 1, ""G08"": 1}",T04,-0.2392449432663759,-0.7561849488922222,인천광역시,인천광역시,province,PROVINCE_CONTEXT_ONLY,5.310621242484969,,True,0.0,CONTEXT_ONLY_NOT_CALIBRATED
137,ct_55438211f07ef0,임실,명소탐방 임실 시티투어,EXPLICIT_SEPARATOR,5,3,3,1.0,1,0.3333333333333333,0,True,ELIGIBLE,0,HEADWAY_UNKNOWN_OR_NOT_APPLICABLE,0.16666666666666666,0.0,0.3333333333333333,0.16666666666666666,0.3333333333333333,"{""G03"": 1}",T04,-0.1693562555053298,-0.416103301193052,전북특별자치도|임실군,전북특별자치도,municipality,UNIQUE_MUNICIPALITY_ALIAS,0.07054108216432865,17.887931034482758,False,0.0,CONTEXT_ONLY_NOT_CALIBRATED
138,ct_d2de6dc991c57d,군산,(박물관 출발) 고군산코스,EXPLICIT_SEPARATOR,3,1,1,1.0,1,1.0,0,False,TOO_FEW_VISITS,0,,0.0,0.0,0.0,0.0,1.0,"{""G05"": 1}",,,,전북특별자치도|군산시,전북특별자치도,municipality,UNIQUE_MUNICIPALITY_ALIAS,0.3571142284569138,63.36206896551724,False,0.0,CONTEXT_ONLY_NOT_CALIBRATED
139,ct_3aa92169f5cb7c,군산,(익산역 출발) 고군산시간여행코스,EXPLICIT_SEPARATOR,8,5,5,1.0,4,0.8,0,True,ELIGIBLE,0,,0.4,0.2,0.2,0.0,0.2,"{""G02"": 1, ""G04"": 1, ""G05"": 1, ""G08"": 1}",T06,0.2285714258971276,-0.09870619735720806,전북특별자치도|군산시,전북특별자치도,municipality,UNIQUE_MUNICIPALITY_ALIAS,0.3571142284569138,63.36206896551724,False,0.0,CONTEXT_ONLY_NOT_CALIBRATED
140,ct_c343406b7388f2,군산,고군산시간여행코스,EXPLICIT_SEPARATOR,7,2,2,1.0,1,0.5,0,True,ELIGIBLE,0,,0.5,0.0,0.0,0.0,0.5,"{""G05"": 1}",T01,0.5811346402208611,0.045941979547964265,전북특별자치도|군산시,전북특별자치도,municipality,UNIQUE_MUNICIPALITY_ALIAS,0.3571142284569138,63.36206896551724,False,0.0,CONTEXT_ONLY_NOT_CALIBRATED
141,ct_c5a98dca8ee2d1,제천,제천관광택시,FLEXIBLE_OR_UNSPECIFIED,1,0,0,0.0,0,0.0,0,False,ROUTE_UNRESOLVED,0,URL_MISSING,0.0,0.0,0.0,0.0,0.0,{},,,,충청북도|제천시,충청북도,municipality,UNIQUE_MUNICIPALITY_ALIAS,0.21371414156985294,47.8448275862069,False,0.0,CONTEXT_ONLY_NOT_CALIBRATED
142,ct_5728bf247a42c1,제천,시티투어,EXPLICIT_SEPARATOR,4,4,4,1.0,2,0.5,0,True,ELIGIBLE,0,,0.125,0.25,0.5,0.125,0.0,"{""G02"": 1, ""G04"": 1}",T02,-0.4160624639833288,-0.3355465549442904,충청북도|제천시,충청북도,municipality,UNIQUE_MUNICIPALITY_ALIAS,0.21371414156985294,47.8448275862069,False,0.0,CONTEXT_ONLY_NOT_CALIBRATED
143,ct_0af000fbdb8ad6,동해,관광문화코스,EXPLICIT_SEPARATOR,12,5,5,1.0,4,0.8,0,True,ELIGIBLE,0,,0.0,0.4,0.2,0.4,0.0,"{""G01"": 1, ""G03"": 1, ""G04"": 1, ""G07"": 1}",T04,-0.5265825815814364,0.1787500997923372,강원특별자치도|동해시,강원특별자치도,municipality,UNIQUE_MUNICIPALITY_ALIAS,0.1346693386773547,36.206896551724135,False,0.0,CONTEXT_ONLY_NOT_CALIBRATED
144,ct_fc9f85899d40a4,안산,안산 시내권코스(토요일),EXPLICIT_SEPARATOR,8,5,5,1.0,3,0.6,0,True,ELIGIBLE,0,HEADWAY_UNKNOWN_OR_NOT_APPLICABLE,0.6,0.4,0.0,0.0,0.0,"{""G04"": 2, ""G08"": 1}",T07,0.6182465454253687,0.4027471310070259,경기도|안산시,경기도,municipality,UNIQUE_MUNICIPALITY_ALIAS,0.9356727497120619,89.65517241379311,False,0.0,CONTEXT_ONLY_NOT_CALIBRATED
145,ct_a3932d2baa3d16,안산,안산 시내권코스(목요일),EXPLICIT_SEPARATOR,7,5,5,1.0,4,0.8,0,True,ELIGIBLE,0,HEADWAY_UNKNOWN_OR_NOT_APPLICABLE,0.4,0.4,0.0,0.2,0.0,"{""G01"": 1, ""G04"": 2, ""G08"": 1}",T05,0.27476924298647587,0.4075462180773154,경기도|안산시,경기도,municipality,UNIQUE_MUNICIPALITY_ALIAS,0.9356727497120619,89.65517241379311,False,0.0,CONTEXT_ONLY_NOT_CALIBRATED
146,ct_b3b0773f44a533,안산,대부도 해변코스(체험형 1코스),EXPLICIT_SEPARATOR,6,3,3,1.0,2,0.6666666666666666,0,True,ELIGIBLE,0,HEADWAY_UNKNOWN_OR_NOT_APPLICABLE,0.0,0.0,1.0,0.0,0.0,"{""G03"": 2}",T02,-0.8052251394677163,-1.205316309521219,경기도|안산시,경기도,municipality,UNIQUE_MUNICIPALITY_ALIAS,0.9356727497120619,89.65517241379311,False,0.0,CONTEXT_ONLY_NOT_CALIBRATED
147,ct_ec6acb453717fd,안산,대부도 해변코스(일반형 2코스),EXPLICIT_SEPARATOR,6,3,3,1.0,2,0.6666666666666666,0,True,ELIGIBLE,0,HEADWAY_UNKNOWN_OR_NOT_APPLICABLE,0.0,0.6666666666666666,0.0,0.0,0.3333333333333333,"{""G04"": 2}",T05,-0.5556291841310164,0.8752093810411069,경기도|안산시,경기도,municipality,UNIQUE_MUNICIPALITY_ALIAS,0.9356727497120619,89.65517241379311,False,0.0,CONTEXT_ONLY_NOT_CALIBRATED
148,ct_14b70a907c3324,안산,대부도 해변코스(일반형 1코스),EXPLICIT_SEPARATOR,6,3,3,1.0,2,0.6666666666666666,0,True,ELIGIBLE,0,HEADWAY_UNKNOWN_OR_NOT_APPLICABLE,0.0,0.3333333333333333,0.3333333333333333,0.0,0.3333333333333333,"{""G04"": 1, ""G05"": 1}",T01,-0.600939278909484,0.03289074918201711,경기도|안산시,경기도,municipality,UNIQUE_MUNICIPALITY_ALIAS,0.9356727497120619,89.65517241379311,False,0.0,CONTEXT_ONLY_NOT_CALIBRATED
149,ct_0ebeda6387230e,안산,대부도 뱃길코스(체험형 2코스),EXPLICIT_SEPARATOR,7,5,5,1.0,5,1.0,0,True,ELIGIBLE,0,HEADWAY_UNKNOWN_OR_NOT_APPLICABLE,0.0,0.0,0.4,0.0,0.6,"{""G03"": 2, ""G05"": 3}",T01,-0.5235927562922744,-0.5962216749702222,경기도|안산시,경기도,municipality,UNIQUE_MUNICIPALITY_ALIAS,0.9356727497120619,89.65517241379311,False,0.0,CONTEXT_ONLY_NOT_CALIBRATED
150,ct_b2af495e1760b5,안산,대부도 뱃길코스(체험형 1코스),EXPLICIT_SEPARATOR,6,4,4,1.0,3,0.75,0,True,ELIGIBLE,0,HEADWAY_UNKNOWN_OR_NOT_APPLICABLE,0.0,0.0,0.0,0.25,0.75,"{""G05"": 3}",T01,-0.30702287608701684,-0.07353713902034822,경기도|안산시,경기도,municipality,UNIQUE_MUNICIPALITY_ALIAS,0.9356727497120619,89.65517241379311,False,0.0,CONTEXT_ONLY_NOT_CALIBRATED
151,ct_b6060e0e38a765,안산,대부도 뱃길코스(일반형 2코스),EXPLICIT_SEPARATOR,9,7,7,1.0,5,0.7142857142857143,0,True,ELIGIBLE,0,HEADWAY_UNKNOWN_OR_NOT_APPLICABLE,0.0,0.21428571428571427,0.14285714285714285,0.07142857142857142,0.5714285714285714,"{""G04"": 1, ""G05"": 4}",T01,-0.470445008237147,-0.0769612363388297,경기도|안산시,경기도,municipality,UNIQUE_MUNICIPALITY_ALIAS,0.9356727497120619,89.65517241379311,False,0.0,CONTEXT_ONLY_NOT_CALIBRATED
152,ct_a7d1b6cc26e056,안산,대부도 뱃길코스(일반형 1코스),EXPLICIT_SEPARATOR,9,7,7,1.0,6,0.8571428571428571,0,True,ELIGIBLE,0,HEADWAY_UNKNOWN_OR_NOT_APPLICABLE,0.0,0.14285714285714285,0.14285714285714285,0.0,0.7142857142857143,"{""G04"": 1, ""G05"": 5}",T01,-0.4528779931019647,-0.17293243609884248,경기도|안산시,경기도,municipality,UNIQUE_MUNICIPALITY_ALIAS,0.9356727497120619,89.65517241379311,False,0.0,CONTEXT_ONLY_NOT_CALIBRATED
153,ct_0946c67481033f,세종,행복투어B,EXPLICIT_SEPARATOR,3,3,3,1.0,2,0.6666666666666666,0,True,ELIGIBLE,0,HEADWAY_UNKNOWN_OR_NOT_APPLICABLE,0.3333333333333333,0.3333333333333333,0.3333333333333333,0.0,0.0,"{""G02"": 1, ""G07"": 1}",T05,0.003209158859117184,0.02632766459665055,세종특별자치시,세종특별자치시,province,PROVINCE_CONTEXT_ONLY,0.3006012024048096,,False,0.0,CONTEXT_ONLY_NOT_CALIBRATED
154,ct_6beed8d2daa9dc,세종,야경투어,EXPLICIT_SEPARATOR,5,5,5,1.0,2,0.4,0,True,ELIGIBLE,1,HEADWAY_UNKNOWN_OR_NOT_APPLICABLE,0.0,0.4,0.6,0.0,0.0,"{""G02"": 1, ""G04"": 1}",T03,-0.8995421324318751,-0.11083073948921603,세종특별자치시,세종특별자치시,province,PROVINCE_CONTEXT_ONLY,0.3006012024048096,,False,0.0,CONTEXT_ONLY_NOT_CALIBRATED
155,ct_f355a62ad61675,세종,정원투어,EXPLICIT_SEPARATOR,5,5,5,1.0,1,0.2,0,True,ELIGIBLE,0,HEADWAY_UNKNOWN_OR_NOT_APPLICABLE,0.0,0.4,0.6,0.0,0.0,"{""G02"": 1}",T02,-0.7553770209616897,-0.2980384850587771,세종특별자치시,세종특별자치시,province,PROVINCE_CONTEXT_ONLY,0.3006012024048096,,False,0.0,CONTEXT_ONLY_NOT_CALIBRATED
156,ct_fe508b5dbba88f,세종,역사산책투어,EXPLICIT_SEPARATOR,4,4,4,1.0,1,0.25,0,True,ELIGIBLE,0,HEADWAY_UNKNOWN_OR_NOT_APPLICABLE,0.125,0.625,0.25,0.0,0.0,"{""G04"": 1}",T05,-0.4365868696638819,0.46306547313121255,세종특별자치시,세종특별자치시,province,PROVINCE_CONTEXT_ONLY,0.3006012024048096,,False,0.0,CONTEXT_ONLY_NOT_CALIBRATED
157,ct_a8b35f46bb8621,세종,행복투어A,EXPLICIT_SEPARATOR,5,5,5,1.0,2,0.4,0,True,ELIGIBLE,0,HEADWAY_UNKNOWN_OR_NOT_APPLICABLE,0.0,0.4,0.6,0.0,0.0,"{""G02"": 1, ""G04"": 1}",T02,-0.7553770209616897,-0.2980384850587771,세종특별자치시,세종특별자치시,province,PROVINCE_CONTEXT_ONLY,0.3006012024048096,,False,0.0,CONTEXT_ONLY_NOT_CALIBRATED
158,ct_4212deac479d6b,세종,역사문화투어,EXPLICIT_SEPARATOR,3,3,3,1.0,2,0.6666666666666666,0,True,ELIGIBLE,0,HEADWAY_UNKNOWN_OR_NOT_APPLICABLE,1.0,0.0,0.0,0.0,0.0,"{""G08"": 2}",T07,1.4841474711773812,-0.03734028274488031,세종특별자치시,세종특별자치시,province,PROVINCE_CONTEXT_ONLY,0.3006012024048096,,False,0.0,CONTEXT_ONLY_NOT_CALIBRATED
159,ct_a8b6f564bf7384,세종,봄꽃파닭B투어,EXPLICIT_SEPARATOR,3,3,3,1.0,2,0.6666666666666666,0,True,ELIGIBLE,0,HEADWAY_UNKNOWN_OR_NOT_APPLICABLE,0.0,0.6666666666666666,0.0,0.3333333333333333,0.0,"{""G01"": 1, ""G04"": 1}",T05,-0.5239429170939034,0.8766447749062228,세종특별자치시,세종특별자치시,province,PROVINCE_CONTEXT_ONLY,0.3006012024048096,,False,0.0,CONTEXT_ONLY_NOT_CALIBRATED
160,ct_3e1bfccd397508,세종,봄꽃파닭A투어,EXPLICIT_SEPARATOR,3,3,3,1.0,2,0.6666666666666666,0,True,ELIGIBLE,0,HEADWAY_UNKNOWN_OR_NOT_APPLICABLE,0.0,0.6666666666666666,0.0,0.3333333333333333,0.0,"{""G01"": 1, ""G04"": 1}",T05,-0.5239429170939034,0.8766447749062228,세종특별자치시,세종특별자치시,province,PROVINCE_CONTEXT_ONLY,0.3006012024048096,,False,0.0,CONTEXT_ONLY_NOT_CALIBRATED
161,ct_037c18bb42946f,세종,천안연계투어,EXPLICIT_SEPARATOR,4,4,4,1.0,1,0.25,0,True,ELIGIBLE,0,HEADWAY_UNKNOWN_OR_NOT_APPLICABLE,0.5,0.25,0.0,0.25,0.0,"{""G04"": 1}",T07,0.513950527314912,0.25144088786280977,세종특별자치시,세종특별자치시,province,PROVINCE_CONTEXT_ONLY,0.3006012024048096,,False,0.0,CONTEXT_ONLY_NOT_CALIBRATED
162,ct_ca13864967c1fb,세종,세종관광명소B투어,EXPLICIT_SEPARATOR,4,4,4,1.0,1,0.25,0,True,ELIGIBLE,0,HEADWAY_UNKNOWN_OR_NOT_APPLICABLE,0.0,0.25,0.5,0.25,0.0,"{""G01"": 1}",T02,-0.6307357780076368,-0.33254712552535953,세종특별자치시,세종특별자치시,province,PROVINCE_CONTEXT_ONLY,0.3006012024048096,,False,0.0,CONTEXT_ONLY_NOT_CALIBRATED
163,ct_6df930eb64d3ad,세종,세종관광명소A투어,EXPLICIT_SEPARATOR,6,6,6,1.0,4,0.6666666666666666,0,True,ELIGIBLE,0,HEADWAY_UNKNOWN_OR_NOT_APPLICABLE,0.16666666666666666,0.6666666666666666,0.16666666666666666,0.0,0.0,"{""G02"": 1, ""G04"": 2, ""G07"": 1}",T05,-0.3392867865263183,0.5311284941166955,세종특별자치시,세종특별자치시,province,PROVINCE_CONTEXT_ONLY,0.3006012024048096,,False,0.0,CONTEXT_ONLY_NOT_CALIBRATED
164,ct_82edd01ea220e6,화순,화순적벽 버스투어(적벽 셔틀버스),EXPLICIT_SEPARATOR,7,5,5,1.0,3,0.6,0,True,ELIGIBLE,0,,0.0,1.0,0.0,0.0,0.0,"{""G04"": 3}",T05,-0.673818850360448,1.2181350522875847,전남광주통합특별시|화순군,전남광주통합특별시,municipality,UNIQUE_MUNICIPALITY_ALIAS,0.0924003696014784,24.56896551724138,True,0.0,CONTEXT_ONLY_NOT_CALIBRATED
165,ct_0d87fb5d8ec759,화순,화순적벽 버스투어(적벽투어),EXPLICIT_SEPARATOR,3,1,1,1.0,1,1.0,0,False,TOO_FEW_VISITS,0,,0.0,1.0,0.0,0.0,0.0,"{""G04"": 1}",,,,전남광주통합특별시|화순군,전남광주통합특별시,municipality,UNIQUE_MUNICIPALITY_ALIAS,0.0924003696014784,24.56896551724138,True,0.0,CONTEXT_ONLY_NOT_CALIBRATED
166,ct_4e89a607500203,태안,광역코스,EXPLICIT_SEPARATOR,5,5,5,1.0,3,0.6,0,True,ELIGIBLE,0,,0.2,0.2,0.0,0.2,0.4,"{""G04"": 1, ""G05"": 1, ""G08"": 1}",T01,-0.019520417073906476,0.14362594581956906,충청남도|태안군,충청남도,municipality,UNIQUE_MUNICIPALITY_ALIAS,0.16499465397260984,41.37931034482759,False,0.0,CONTEXT_ONLY_NOT_CALIBRATED
167,ct_596ccaeb2861f9,태안,남부코스,EXPLICIT_SEPARATOR,6,6,6,1.0,4,0.6666666666666666,0,True,ELIGIBLE,0,,0.16666666666666666,0.3333333333333333,0.0,0.3333333333333333,0.16666666666666666,"{""G04"": 2, ""G05"": 1, ""G08"": 1}",T04,-0.11444696559802586,0.2840778963889407,충청남도|태안군,충청남도,municipality,UNIQUE_MUNICIPALITY_ALIAS,0.16499465397260984,41.37931034482759,False,0.0,CONTEXT_ONLY_NOT_CALIBRATED
168,ct_74128602fb5dca,태안,북부코스,EXPLICIT_SEPARATOR,4,4,4,1.0,2,0.5,0,True,ELIGIBLE,0,,0.0,0.5,0.125,0.0,0.375,"{""G04"": 1, ""G07"": 1}",T01,-0.5609019950342091,0.44657346303667583,충청남도|태안군,충청남도,municipality,UNIQUE_MUNICIPALITY_ALIAS,0.16499465397260984,41.37931034482759,False,0.0,CONTEXT_ONLY_NOT_CALIBRATED
169,ct_72a42eb150b5d4,춘천,일요일,EXPLICIT_SEPARATOR,11,9,9,1.0,7,0.7777777777777778,0,True,ELIGIBLE,0,HEADWAY_UNKNOWN_OR_NOT_APPLICABLE,0.1111111111111111,0.5,0.3333333333333333,0.05555555555555555,0.0,"{""G02"": 2, ""G03"": 1, ""G04"": 3, ""G08"": 1}",T06,-0.46133181247535904,0.02025256452488726,강원특별자치도|춘천시,강원특별자치도,municipality,UNIQUE_MUNICIPALITY_ALIAS,0.3687374749498998,63.793103448275865,False,0.0,CONTEXT_ONLY_NOT_CALIBRATED
170,ct_2c5b83ca1acb5c,춘천,토요일,EXPLICIT_SEPARATOR,11,9,9,1.0,7,0.7777777777777778,0,True,ELIGIBLE,0,HEADWAY_UNKNOWN_OR_NOT_APPLICABLE,0.1111111111111111,0.5,0.3333333333333333,0.05555555555555555,0.0,"{""G02"": 2, ""G03"": 1, ""G04"": 3, ""G08"": 1}",T06,-0.46133181247535904,0.02025256452488726,강원특별자치도|춘천시,강원특별자치도,municipality,UNIQUE_MUNICIPALITY_ALIAS,0.3687374749498998,63.793103448275865,False,0.0,CONTEXT_ONLY_NOT_CALIBRATED
171,ct_dfc58b1c3324c1,춘천,금요일,EXPLICIT_SEPARATOR,8,6,6,1.0,4,0.6666666666666666,0,True,ELIGIBLE,0,HEADWAY_UNKNOWN_OR_NOT_APPLICABLE,0.25,0.3333333333333333,0.25,0.16666666666666666,0.0,"{""G03"": 1, ""G04"": 1, ""G07"": 1, ""G08"": 1}",T06,-0.09848481400925568,-0.01519689182306845,강원특별자치도|춘천시,강원특별자치도,municipality,UNIQUE_MUNICIPALITY_ALIAS,0.3687374749498998,63.793103448275865,False,0.0,CONTEXT_ONLY_NOT_CALIBRATED
172,ct_166c38f36d6640,춘천,목요일,EXPLICIT_SEPARATOR,4,4,4,1.0,1,0.25,0,True,ELIGIBLE,0,HEADWAY_UNKNOWN_OR_NOT_APPLICABLE,0.25,0.5,0.25,0.0,0.0,"{""G07"": 1}",T05,-0.16740657887517002,0.2931929895310961,강원특별자치도|춘천시,강원특별자치도,municipality,UNIQUE_MUNICIPALITY_ALIAS,0.3687374749498998,63.793103448275865,False,0.0,CONTEXT_ONLY_NOT_CALIBRATED
173,ct_38e990a88a3094,춘천,수요일,EXPLICIT_SEPARATOR,4,4,4,1.0,3,0.75,0,True,ELIGIBLE,0,HEADWAY_UNKNOWN_OR_NOT_APPLICABLE,1.0,0.0,0.0,0.0,0.0,"{""G08"": 3}",T07,1.4816577369409516,-0.09430293817528485,강원특별자치도|춘천시,강원특별자치도,municipality,UNIQUE_MUNICIPALITY_ALIAS,0.3687374749498998,63.793103448275865,False,0.0,CONTEXT_ONLY_NOT_CALIBRATED
174,ct_452018aaa6c847,춘천,화요일,EXPLICIT_SEPARATOR,5,5,5,1.0,4,0.8,0,True,ELIGIBLE,0,HEADWAY_UNKNOWN_OR_NOT_APPLICABLE,0.2,0.6,0.0,0.2,0.0,"{""G04"": 2, ""G07"": 1, ""G08"": 1}",T05,-0.15591922227546298,0.6793421918375016,강원특별자치도|춘천시,강원특별자치도,municipality,UNIQUE_MUNICIPALITY_ALIAS,0.3687374749498998,63.793103448275865,False,0.0,CONTEXT_ONLY_NOT_CALIBRATED
175,ct_d0cdc53f7d6755,춘천,월요일,EXPLICIT_SEPARATOR,5,5,5,1.0,3,0.6,0,True,ELIGIBLE,0,HEADWAY_UNKNOWN_OR_NOT_APPLICABLE,0.0,0.3,0.4,0.3,0.0,"{""G02"": 1, ""G03"": 1, ""G04"": 1}",T04,-0.59737421986004,-0.19314263597816844,강원특별자치도|춘천시,강원특별자치도,municipality,UNIQUE_MUNICIPALITY_ALIAS,0.3687374749498998,63.793103448275865,False,0.0,CONTEXT_ONLY_NOT_CALIBRATED
176,ct_aa87321b8b5003,창원,창원시티투어,EXPLICIT_SEPARATOR,14,12,12,1.0,9,0.75,0,True,ELIGIBLE,0,,0.08333333333333333,0.4166666666666667,0.20833333333333334,0.16666666666666666,0.125,"{""G01"": 2, ""G02"": 1, ""G03"": 1, ""G04"": 3, ""G05"": 1, ""G08"": 1}",T06,-0.41601043780472763,-0.008846106004733553,경상남도|창원시,경상남도,municipality,UNIQUE_MUNICIPALITY_ALIAS,1.2869739478957913,93.96551724137932,False,0.0,CONTEXT_ONLY_NOT_CALIBRATED
177,ct_1d8d8a70616c41,경기광주,광주시티투어,EXPLICIT_SEPARATOR,7,7,7,1.0,7,1.0,0,True,ELIGIBLE,0,HEADWAY_UNKNOWN_OR_NOT_APPLICABLE,0.42857142857142855,0.2857142857142857,0.2857142857142857,0.0,0.0,"{""G03"": 2, ""G04"": 1, ""G07"": 2, ""G08"": 2}",T06,0.20703795398006725,-0.15970992563540048,경기도|광주시,경기도,municipality,EXPLICIT_PARENT_ALIAS,0.5170823090514027,73.27586206896552,False,0.0,CONTEXT_ONLY_NOT_CALIBRATED
178,ct_0ab41b7160d0e2,김해,문화에반해,EXPLICIT_SEPARATOR,4,4,3,0.75,2,0.5,1,False,CONDITIONAL_STOPS,0,HEADWAY_UNKNOWN_OR_NOT_APPLICABLE,0.25,0.0,0.5,0.0,0.0,"{""G02"": 1, ""G03"": 1}",,,,경상남도|김해시,경상남도,municipality,UNIQUE_MUNICIPALITY_ALIAS,0.6511022044088176,81.46551724137932,False,0.0,CONTEXT_ONLY_NOT_CALIBRATED
179,ct_caab077d4954a7,김해,역사에반해,EXPLICIT_SEPARATOR,6,6,6,1.0,6,1.0,0,True,ELIGIBLE,0,HEADWAY_UNKNOWN_OR_NOT_APPLICABLE,1.0,0.0,0.0,0.0,0.0,"{""G08"": 6}",T07,1.477903532787661,-0.18019541395453537,경상남도|김해시,경상남도,municipality,UNIQUE_MUNICIPALITY_ALIAS,0.6511022044088176,81.46551724137932,False,0.0,CONTEXT_ONLY_NOT_CALIBRATED
180,ct_37faafbf7ac90b,김해,자연에반해,EXPLICIT_SEPARATOR,5,5,4,0.8,2,0.4,1,False,CONDITIONAL_STOPS,0,HEADWAY_UNKNOWN_OR_NOT_APPLICABLE,0.2,0.4,0.2,0.0,0.0,"{""G04"": 1, ""G08"": 1}",,,,경상남도|김해시,경상남도,municipality,UNIQUE_MUNICIPALITY_ALIAS,0.6511022044088176,81.46551724137932,False,0.0,CONTEXT_ONLY_NOT_CALIBRATED
181,ct_084dcff739bc51,김해,김해에반해,EXPLICIT_SEPARATOR,12,12,12,1.0,10,0.8333333333333334,0,True,ELIGIBLE,0,HEADWAY_UNKNOWN_OR_NOT_APPLICABLE,0.6666666666666666,0.08333333333333333,0.25,0.0,0.0,"{""G02"": 1, ""G03"": 1, ""G08"": 8}",T06,0.7191998950505945,-0.5169654593321451,경상남도|김해시,경상남도,municipality,UNIQUE_MUNICIPALITY_ALIAS,0.6511022044088176,81.46551724137932,False,0.0,CONTEXT_ONLY_NOT_CALIBRATED
182,ct_8de53de429d379,포항,퐝순환코스,EXPLICIT_SEPARATOR,8,4,4,1.0,4,1.0,0,True,ELIGIBLE,0,HEADWAY_UNKNOWN_OR_NOT_APPLICABLE,0.0,0.0,0.25,0.5,0.25,"{""G01"": 2, ""G02"": 1, ""G05"": 1}",T04,-0.4024900001440057,-0.3693769137546209,경상북도|포항시,경상북도,municipality,UNIQUE_MUNICIPALITY_ALIAS,0.5981993957945861,78.01724137931035,False,0.0,CONTEXT_ONLY_NOT_CALIBRATED
183,ct_ac7ca37140e6b6,포항,퐝랜드마크B코스,EXPLICIT_SEPARATOR,9,5,5,1.0,3,0.6,0,True,ELIGIBLE,0,HEADWAY_UNKNOWN_OR_NOT_APPLICABLE,0.0,0.4,0.2,0.2,0.2,"{""G02"": 1, ""G05"": 1, ""G07"": 1}",T04,-0.5455943418037043,0.17788886347326766,경상북도|포항시,경상북도,municipality,UNIQUE_MUNICIPALITY_ALIAS,0.5981993957945861,78.01724137931035,False,0.0,CONTEXT_ONLY_NOT_CALIBRATED
184,ct_00435b9cca499b,포항,퐝랜드마크A코스,EXPLICIT_SEPARATOR,9,5,5,1.0,3,0.6,0,True,ELIGIBLE,0,HEADWAY_UNKNOWN_OR_NOT_APPLICABLE,0.2,0.2,0.3,0.2,0.1,"{""G01"": 1, ""G02"": 1, ""G08"": 1}",T04,-0.16259860627569478,-0.21267363834016242,경상북도|포항시,경상북도,municipality,UNIQUE_MUNICIPALITY_ALIAS,0.5981993957945861,78.01724137931035,False,0.0,CONTEXT_ONLY_NOT_CALIBRATED
185,ct_e346ea988fedc3,포항,씨(SEA)하게 보는 포항코스,EXPLICIT_SEPARATOR,8,6,6,1.0,3,0.5,0,True,ELIGIBLE,0,HEADWAY_UNKNOWN_OR_NOT_APPLICABLE,0.16666666666666666,0.16666666666666666,0.16666666666666666,0.25,0.25,"{""G01"": 1, ""G05"": 1, ""G08"": 1}",T04,-0.14502357974653793,-0.13744026800688317,경상북도|포항시,경상북도,municipality,UNIQUE_MUNICIPALITY_ALIAS,0.5981993957945861,78.01724137931035,False,0.0,CONTEXT_ONLY_NOT_CALIBRATED
186,ct_7dba0d730780c9,서천,동백코스(익산-군산 광역),EXPLICIT_SEPARATOR,7,6,6,1.0,5,0.8333333333333334,0,True,ELIGIBLE,0,,0.0,0.5,0.3333333333333333,0.16666666666666666,0.0,"{""G01"": 1, ""G03"": 1, ""G04"": 2, ""G07"": 1}",T04,-0.6481729192812963,0.11396841741239193,충청남도|서천군,충청남도,municipality,UNIQUE_MUNICIPALITY_ALIAS,0.06318944194695697,15.948275862068966,False,0.0,CONTEXT_ONLY_NOT_CALIBRATED
187,ct_ba3c89379bf8c1,서천,금빛코스,EXPLICIT_SEPARATOR,7,6,6,1.0,3,0.5,0,True,ELIGIBLE,0,,0.5,0.3333333333333333,0.16666666666666666,0.0,0.0,"{""G03"": 1, ""G04"": 1, ""G08"": 1}",T06,0.3785273222435798,0.07813520451638524,충청남도|서천군,충청남도,municipality,UNIQUE_MUNICIPALITY_ALIAS,0.06318944194695697,15.948275862068966,False,0.0,CONTEXT_ONLY_NOT_CALIBRATED
188,ct_c188dbb343674a,서천,푸른빛코스,EXPLICIT_SEPARATOR,6,5,5,1.0,0,0.0,0,True,ELIGIBLE,0,,0.4,0.4,0.0,0.2,0.0,{},T05,0.27476924298647587,0.4075462180773154,충청남도|서천군,충청남도,municipality,UNIQUE_MUNICIPALITY_ALIAS,0.06318944194695697,15.948275862068966,False,0.0,CONTEXT_ONLY_NOT_CALIBRATED
189,ct_507ac7569b1306,서천,보랏빛코스,EXPLICIT_SEPARATOR,7,6,6,1.0,5,0.8333333333333334,0,True,ELIGIBLE,0,,0.0,0.3333333333333333,0.3333333333333333,0.3333333333333333,0.0,"{""G01"": 1, ""G03"": 2, ""G04"": 1, ""G07"": 1}",T04,-0.5754969502620912,-0.10852898816252209,충청남도|서천군,충청남도,municipality,UNIQUE_MUNICIPALITY_ALIAS,0.06318944194695697,15.948275862068966,False,0.0,CONTEXT_ONLY_NOT_CALIBRATED
190,ct_6be92119035c7f,영광,"영광쉼,투어",EXPLICIT_SEPARATOR,9,7,7,1.0,3,0.42857142857142855,0,True,ELIGIBLE,0,,0.42857142857142855,0.42857142857142855,0.14285714285714285,0.0,0.0,"{""G04"": 1, ""G08"": 2}",T06,0.22645656602798192,0.2012837737327809,전남광주통합특별시|영광군,전남광주통합특별시,municipality,UNIQUE_MUNICIPALITY_ALIAS,0.048400193600774404,11.422413793103448,True,0.0,CONTEXT_ONLY_NOT_CALIBRATED
191,ct_2528f0bf880396,평창,남부권 코스,EXPLICIT_SEPARATOR,8,4,4,1.0,1,0.25,0,True,ELIGIBLE,0,URL_MISSING|REFERENCE_OLDER_THAN_365_DAYS,0.0,0.5,0.5,0.0,0.0,"{""G03"": 1}",T02,-0.7397497315364443,0.0011989828370114197,강원특별자치도|평창군,강원특별자치도,municipality,UNIQUE_MUNICIPALITY_ALIAS,0.18917835671342684,46.12068965517241,False,0.0,CONTEXT_ONLY_NOT_CALIBRATED
192,ct_9d994e07488f57,삼척,종일코스,EXPLICIT_SEPARATOR,5,5,5,1.0,1,0.2,0,True,ELIGIBLE,0,,0.0,0.2,0.2,0.4,0.2,"{""G04"": 1}",T04,-0.4583831789806582,-0.08910802321662913,강원특별자치도|삼척시,강원특별자치도,municipality,UNIQUE_MUNICIPALITY_ALIAS,0.09619238476953906,26.724137931034484,False,0.0,CONTEXT_ONLY_NOT_CALIBRATED
193,ct_343d3a1d62c8a5,완주,완주힐링로드 시티투어(코레일연계 익산역),EXPLICIT_SEPARATOR,11,9,9,1.0,5,0.5555555555555556,0,True,ELIGIBLE,0,REFERENCE_OLDER_THAN_365_DAYS,0.5555555555555556,0.2222222222222222,0.2222222222222222,0.0,0.0,"{""G02"": 1, ""G04"": 1, ""G08"": 3}",T06,0.4866317078042596,-0.22879980913085868,전북특별자치도|완주군,전북특별자치도,municipality,UNIQUE_MUNICIPALITY_ALIAS,0.18296593186372748,45.689655172413794,False,0.0,CONTEXT_ONLY_NOT_CALIBRATED
194,ct_506425657ddce1,완주,완주힐링로드 시티투어(서울권역),EXPLICIT_SEPARATOR,12,10,10,1.0,5,0.5,0,True,ELIGIBLE,0,REFERENCE_OLDER_THAN_365_DAYS,0.5,0.2,0.2,0.1,0.0,"{""G02"": 1, ""G04"": 1, ""G08"": 3}",T06,0.41255884977685875,-0.25497496718113816,전북특별자치도|완주군,전북특별자치도,municipality,UNIQUE_MUNICIPALITY_ALIAS,0.18296593186372748,45.689655172413794,False,0.0,CONTEXT_ONLY_NOT_CALIBRATED
195,ct_1dab0b645e521d,완주,완주힐링로드시티투어 2코스,EXPLICIT_SEPARATOR,9,6,6,1.0,3,0.5,0,True,ELIGIBLE,0,REFERENCE_OLDER_THAN_365_DAYS,0.5,0.16666666666666666,0.3333333333333333,0.0,0.0,"{""G07"": 2, ""G08"": 1}",T06,0.355872274854346,-0.3430241114131597,전북특별자치도|완주군,전북특별자치도,municipality,UNIQUE_MUNICIPALITY_ALIAS,0.18296593186372748,45.689655172413794,False,0.0,CONTEXT_ONLY_NOT_CALIBRATED
196,ct_820bca31911e89,완주,완주힐링로드시티투어 1코스,EXPLICIT_SEPARATOR,13,10,10,1.0,5,0.5,0,True,ELIGIBLE,0,REFERENCE_OLDER_THAN_365_DAYS,0.6,0.1,0.3,0.0,0.0,"{""G02"": 1, ""G07"": 2, ""G08"": 2}",T06,0.5707044725627648,-0.5100701002740099,전북특별자치도|완주군,전북특별자치도,municipality,UNIQUE_MUNICIPALITY_ALIAS,0.18296593186372748,45.689655172413794,False,0.0,CONTEXT_ONLY_NOT_CALIBRATED
197,ct_e588b4efe19ef3,평창,북부권 코스,EXPLICIT_SEPARATOR,9,3,3,1.0,2,0.6666666666666666,0,True,ELIGIBLE,0,URL_MISSING|REFERENCE_OLDER_THAN_365_DAYS,0.6666666666666666,0.3333333333333333,0.0,0.0,0.0,"{""G07"": 1, ""G08"": 1}",T07,0.7663333624074831,0.4156530068554301,강원특별자치도|평창군,강원특별자치도,municipality,UNIQUE_MUNICIPALITY_ALIAS,0.18917835671342684,46.12068965517241,False,0.0,CONTEXT_ONLY_NOT_CALIBRATED
198,ct_d8a5c2013f976d,공주,축제코스,UNSPLIT_REVIEW,1,0,0,0.0,0,0.0,0,False,ROUTE_UNRESOLVED,0,HEADWAY_UNKNOWN_OR_NOT_APPLICABLE|REFERENCE_OLDER_THAN_365_DAYS,0.0,0.0,0.0,0.0,0.0,{},,,,충청남도|공주시,충청남도,municipality,UNIQUE_MUNICIPALITY_ALIAS,0.2808419642086976,55.60344827586207,False,0.0,CONTEXT_ONLY_NOT_CALIBRATED
199,ct_987d7b91b042a8,완도,해양치유시티투어,EXPLICIT_SEPARATOR,14,6,6,1.0,4,0.6666666666666666,0,True,ELIGIBLE,0,URL_MISSING|REFERENCE_OLDER_THAN_365_DAYS,0.3333333333333333,0.3333333333333333,0.0,0.16666666666666666,0.16666666666666666,"{""G04"": 1, ""G05"": 1, ""G07"": 1, ""G08"": 1}",T06,0.17178411976771818,0.2800786571636995,전남광주통합특별시|완도군,전남광주통합특별시,municipality,UNIQUE_MUNICIPALITY_ALIAS,0.030800123200492798,5.172413793103448,True,0.0,CONTEXT_ONLY_NOT_CALIBRATED
200,ct_75d07d35d33328,진도,진도시티투어,EXPLICIT_SEPARATOR,29,17,17,1.0,7,0.4117647058823529,0,True,ELIGIBLE,0,REFERENCE_OLDER_THAN_365_DAYS,0.20588235294117646,0.058823529411764705,0.5588235294117647,0.058823529411764705,0.11764705882352941,"{""G03"": 4, ""G08"": 3}",T06,-0.2529142970412978,-0.9903161337421701,전남광주통합특별시|진도군,전남광주통합특별시,municipality,UNIQUE_MUNICIPALITY_ALIAS,0.0264001056004224,4.094827586206897,True,0.0,CONTEXT_ONLY_NOT_CALIBRATED
201,ct_ff36074cae8347,양주,자연친화코스1,EXPLICIT_SEPARATOR,7,2,2,1.0,1,0.5,0,True,ELIGIBLE,0,REFERENCE_OLDER_THAN_365_DAYS,0.25,0.25,0.5,0.0,0.0,"{""G03"": 1}",T02,-0.1956895900262097,-0.20814569351802212,경기도|양주시,경기도,municipality,UNIQUE_MUNICIPALITY_ALIAS,0.39396747356297346,66.16379310344827,False,0.0,CONTEXT_ONLY_NOT_CALIBRATED
202,ct_cec518ee1213c1,양주,서울우유견학코스,EXPLICIT_SEPARATOR,10,4,4,1.0,1,0.25,0,True,ELIGIBLE,0,REFERENCE_OLDER_THAN_365_DAYS,0.75,0.0,0.25,0.0,0.0,"{""G08"": 1}",T07,0.9093145842796773,-0.3862969448693695,경기도|양주시,경기도,municipality,UNIQUE_MUNICIPALITY_ALIAS,0.39396747356297346,66.16379310344827,False,0.0,CONTEXT_ONLY_NOT_CALIBRATED
203,ct_e4521f5325216f,양주,박물관투어,EXPLICIT_SEPARATOR,10,4,4,1.0,1,0.25,0,True,ELIGIBLE,0,REFERENCE_OLDER_THAN_365_DAYS,1.0,0.0,0.0,0.0,0.0,"{""G08"": 1}",T07,1.4816577369409516,-0.09430293817528485,경기도|양주시,경기도,municipality,UNIQUE_MUNICIPALITY_ALIAS,0.39396747356297346,66.16379310344827,False,0.0,CONTEXT_ONLY_NOT_CALIBRATED
204,ct_82e2c317c54d7e,양주,역사투어,EXPLICIT_SEPARATOR,10,4,4,1.0,2,0.5,0,True,ELIGIBLE,0,REFERENCE_OLDER_THAN_365_DAYS,1.0,0.0,0.0,0.0,0.0,"{""G08"": 2}",T07,1.4816577369409516,-0.09430293817528485,경기도|양주시,경기도,municipality,UNIQUE_MUNICIPALITY_ALIAS,0.39396747356297346,66.16379310344827,False,0.0,CONTEXT_ONLY_NOT_CALIBRATED
205,ct_6e6a0f2ecaee7f,양주,기본코스,EXPLICIT_SEPARATOR,10,4,4,1.0,2,0.5,0,True,ELIGIBLE,0,REFERENCE_OLDER_THAN_365_DAYS,0.75,0.125,0.125,0.0,0.0,"{""G08"": 2}",T07,0.9263058698216027,-0.07042745792221078,경기도|양주시,경기도,municipality,UNIQUE_MUNICIPALITY_ALIAS,0.39396747356297346,66.16379310344827,False,0.0,CONTEXT_ONLY_NOT_CALIBRATED
206,ct_68d8eff6357673,양구,해안DMZ트래킹 코스,EXPLICIT_SEPARATOR,6,4,4,1.0,2,0.5,0,True,ELIGIBLE,0,REFERENCE_OLDER_THAN_365_DAYS,0.125,0.375,0.5,0.0,0.0,"{""G03"": 1, ""G04"": 1}",T02,-0.4705694407477326,-0.16867350076310494,강원특별자치도|양구군,강원특별자치도,municipality,UNIQUE_MUNICIPALITY_ALIAS,0.019238476953907815,1.293103448275862,False,0.0,CONTEXT_ONLY_NOT_CALIBRATED
207,ct_f6d09076696e6d,양구,힐링산책코스,EXPLICIT_SEPARATOR,6,4,4,1.0,2,0.5,0,True,ELIGIBLE,0,REFERENCE_OLDER_THAN_365_DAYS,0.0,0.25,0.5,0.0,0.25,"{""G04"": 1, ""G05"": 1}",T02,-0.6545004782854715,-0.3336236709241964,강원특별자치도|양구군,강원특별자치도,municipality,UNIQUE_MUNICIPALITY_ALIAS,0.019238476953907815,1.293103448275862,False,0.0,CONTEXT_ONLY_NOT_CALIBRATED
208,ct_618497cad743bc,양구,방산나들이코스,EXPLICIT_SEPARATOR,6,4,4,1.0,3,0.75,0,True,ELIGIBLE,0,REFERENCE_OLDER_THAN_365_DAYS,0.25,0.25,0.25,0.0,0.25,"{""G04"": 1, ""G05"": 1, ""G08"": 1}",T04,-0.08215732562419721,-0.04162966423011178,강원특별자치도|양구군,강원특별자치도,municipality,UNIQUE_MUNICIPALITY_ALIAS,0.019238476953907815,1.293103448275862,False,0.0,CONTEXT_ONLY_NOT_CALIBRATED
209,ct_88364cbd4a5650,곡성,압록권역 순환버스,EXPLICIT_SEPARATOR,7,5,5,1.0,2,0.4,0,True,ELIGIBLE,0,URL_MISSING|REFERENCE_OLDER_THAN_365_DAYS,0.0,0.4,0.6,0.0,0.0,"{""G04"": 2}",T02,-0.7553770209616897,-0.2980384850587771,전남광주통합특별시|곡성군,전남광주통합특별시,municipality,UNIQUE_MUNICIPALITY_ALIAS,0.048400193600774404,11.422413793103448,True,0.0,CONTEXT_ONLY_NOT_CALIBRATED
210,ct_23c35eeaf17398,곡성,읍권 순환버스,EXPLICIT_SEPARATOR,9,9,9,1.0,4,0.4444444444444444,0,True,ELIGIBLE,0,URL_MISSING|REFERENCE_OLDER_THAN_365_DAYS,0.14814814814814814,0.4444444444444444,0.2592592592592593,0.14814814814814814,0.0,"{""G04"": 3, ""G08"": 1}",T06,-0.3311302409839303,0.033492225218587066,전남광주통합특별시|곡성군,전남광주통합특별시,municipality,UNIQUE_MUNICIPALITY_ALIAS,0.048400193600774404,11.422413793103448,True,0.0,CONTEXT_ONLY_NOT_CALIBRATED
211,ct_d562a83e7c0f28,대전,가족여행,EXPLICIT_SEPARATOR,4,1,1,1.0,0,0.0,0,False,TOO_FEW_VISITS,0,HEADWAY_UNKNOWN_OR_NOT_APPLICABLE|REFERENCE_OLDER_THAN_365_DAYS,0.0,1.0,0.0,0.0,0.0,{},,,,대전광역시,대전광역시,province,PROVINCE_CONTEXT_ONLY,3.2064128256513023,,False,0.0,CONTEXT_ONLY_NOT_CALIBRATED
212,ct_cf9f8ad6cdda8f,대전,야경,EXPLICIT_SEPARATOR,6,4,3,0.75,2,0.5,0,True,ELIGIBLE,1,HEADWAY_UNKNOWN_OR_NOT_APPLICABLE|REFERENCE_OLDER_THAN_365_DAYS,0.0,0.5,0.25,0.0,0.0,"{""G04"": 2}",T03,-0.7110887119225225,0.49291384131968624,대전광역시,대전광역시,province,PROVINCE_CONTEXT_ONLY,3.2064128256513023,,False,0.0,CONTEXT_ONLY_NOT_CALIBRATED
213,ct_661e12e8488117,대전,힐링(장태산),EXPLICIT_SEPARATOR,4,2,2,1.0,1,0.5,0,True,ELIGIBLE,0,HEADWAY_UNKNOWN_OR_NOT_APPLICABLE|REFERENCE_OLDER_THAN_365_DAYS,0.0,0.5,0.5,0.0,0.0,"{""G07"": 1}",T02,-0.7340501716036333,0.1315992736822107,대전광역시,대전광역시,province,PROVINCE_CONTEXT_ONLY,3.2064128256513023,,False,0.0,CONTEXT_ONLY_NOT_CALIBRATED
214,ct_f0549cce13f623,대전,힐링(만인산),EXPLICIT_SEPARATOR,4,2,2,1.0,2,1.0,0,True,ELIGIBLE,0,HEADWAY_UNKNOWN_OR_NOT_APPLICABLE|REFERENCE_OLDER_THAN_365_DAYS,0.0,1.0,0.0,0.0,0.0,"{""G04"": 2}",T05,-0.6660850294359318,1.3950772214708456,대전광역시,대전광역시,province,PROVINCE_CONTEXT_ONLY,3.2064128256513023,,False,0.0,CONTEXT_ONLY_NOT_CALIBRATED
215,ct_0d96bb8740671d,대전,역사문화(동춘당),EXPLICIT_SEPARATOR,6,3,3,1.0,1,0.3333333333333333,0,True,ELIGIBLE,0,HEADWAY_UNKNOWN_OR_NOT_APPLICABLE|REFERENCE_OLDER_THAN_365_DAYS,0.6666666666666666,0.3333333333333333,0.0,0.0,0.0,"{""G04"": 1}",T07,0.7663333624074831,0.4156530068554301,대전광역시,대전광역시,province,PROVINCE_CONTEXT_ONLY,3.2064128256513023,,False,0.0,CONTEXT_ONLY_NOT_CALIBRATED
216,ct_1a59c2f3801f38,대전,역사문화(효월드),EXPLICIT_SEPARATOR,5,3,3,1.0,1,0.3333333333333333,0,True,ELIGIBLE,0,HEADWAY_UNKNOWN_OR_NOT_APPLICABLE|REFERENCE_OLDER_THAN_365_DAYS,0.6666666666666666,0.0,0.3333333333333333,0.0,0.0,"{""G08"": 1}",T07,0.7210232676290155,-0.4266656250036598,대전광역시,대전광역시,province,PROVINCE_CONTEXT_ONLY,3.2064128256513023,,False,0.0,CONTEXT_ONLY_NOT_CALIBRATED
217,ct_d038c55e01951b,대전,대덕특구탐방,EXPLICIT_SEPARATOR,5,3,3,1.0,3,1.0,0,True,ELIGIBLE,0,HEADWAY_UNKNOWN_OR_NOT_APPLICABLE|REFERENCE_OLDER_THAN_365_DAYS,0.3333333333333333,0.6666666666666666,0.0,0.0,0.0,"{""G04"": 2, ""G08"": 1}",T05,0.04851925363758483,0.8686462964557404,대전광역시,대전광역시,province,PROVINCE_CONTEXT_ONLY,3.2064128256513023,,False,0.0,CONTEXT_ONLY_NOT_CALIBRATED
218,ct_c59f7d050e72e0,대전,생태교육,EXPLICIT_SEPARATOR,5,2,2,1.0,1,0.5,0,True,ELIGIBLE,0,HEADWAY_UNKNOWN_OR_NOT_APPLICABLE|REFERENCE_OLDER_THAN_365_DAYS,0.5,0.5,0.0,0.0,0.0,"{""G08"": 1}",T05,0.4106361337189154,0.7155872870703799,대전광역시,대전광역시,province,PROVINCE_CONTEXT_ONLY,3.2064128256513023,,False,0.0,CONTEXT_ONLY_NOT_CALIBRATED
219,ct_db611b0ecd14e4,대전,다크투어,EXPLICIT_SEPARATOR,7,5,5,1.0,1,0.2,0,True,ELIGIBLE,0,HEADWAY_UNKNOWN_OR_NOT_APPLICABLE|REFERENCE_OLDER_THAN_365_DAYS,1.0,0.0,0.0,0.0,0.0,"{""G08"": 1}",T07,1.4796234759492466,-0.14084481651334654,대전광역시,대전광역시,province,PROVINCE_CONTEXT_ONLY,3.2064128256513023,,False,0.0,CONTEXT_ONLY_NOT_CALIBRATED
220,ct_4309f65e431d83,아산,인생네컷 코스,EXPLICIT_SEPARATOR,6,4,4,1.0,2,0.5,0,True,ELIGIBLE,0,HEADWAY_UNKNOWN_OR_NOT_APPLICABLE|REFERENCE_OLDER_THAN_365_DAYS,0.25,0.5,0.25,0.0,0.0,"{""G04"": 1, ""G08"": 1}",T05,-0.16740657887517002,0.2931929895310961,충청남도|아산시,충청남도,municipality,UNIQUE_MUNICIPALITY_ALIAS,0.45285766728652493,70.6896551724138,False,0.0,CONTEXT_ONLY_NOT_CALIBRATED
221,ct_1b0e0fd1157aaa,아산,休캉스 코스,EXPLICIT_SEPARATOR,5,3,3,1.0,2,0.6666666666666666,0,True,ELIGIBLE,0,REFERENCE_OLDER_THAN_365_DAYS,0.6666666666666666,0.3333333333333333,0.0,0.0,0.0,"{""G08"": 2}",T07,0.7663333624074831,0.4156530068554301,충청남도|아산시,충청남도,municipality,UNIQUE_MUNICIPALITY_ALIAS,0.45285766728652493,70.6896551724138,False,0.0,CONTEXT_ONLY_NOT_CALIBRATED
222,ct_fa87b733ddf357,아산,아산도심핫플코스,EXPLICIT_SEPARATOR,6,4,4,1.0,2,0.5,0,True,ELIGIBLE,0,REFERENCE_OLDER_THAN_365_DAYS,0.5,0.5,0.0,0.0,0.0,"{""G08"": 2}",T05,0.40493657378610437,0.5851869962251807,충청남도|아산시,충청남도,municipality,UNIQUE_MUNICIPALITY_ALIAS,0.45285766728652493,70.6896551724138,False,0.0,CONTEXT_ONLY_NOT_CALIBRATED
223,ct_636360ac200b66,대전,"광역투어(셋째주, 일)",EXPLICIT_SEPARATOR,8,5,5,1.0,4,0.8,0,True,ELIGIBLE,0,HEADWAY_UNKNOWN_OR_NOT_APPLICABLE|REFERENCE_OLDER_THAN_365_DAYS,0.8,0.1,0.1,0.0,0.0,"{""G08"": 4}",T07,1.0353419822537675,-0.12174443231088727,대전광역시,대전광역시,province,PROVINCE_CONTEXT_ONLY,3.2064128256513023,,False,0.0,CONTEXT_ONLY_NOT_CALIBRATED
224,ct_45e65111200294,대전,"광역투어(셋째주, 토)",EXPLICIT_SEPARATOR,9,6,6,1.0,1,0.16666666666666666,0,True,ELIGIBLE,0,HEADWAY_UNKNOWN_OR_NOT_APPLICABLE|REFERENCE_OLDER_THAN_365_DAYS,0.5,0.3333333333333333,0.0,0.16666666666666666,0.0,"{""G04"": 1}",T06,0.47385833865201865,0.2767971148710162,대전광역시,대전광역시,province,PROVINCE_CONTEXT_ONLY,3.2064128256513023,,False,0.0,CONTEXT_ONLY_NOT_CALIBRATED
225,ct_6c466761af057c,대전,"광역투어(둘째주, 일)",EXPLICIT_SEPARATOR,7,4,4,1.0,3,0.75,0,True,ELIGIBLE,0,HEADWAY_UNKNOWN_OR_NOT_APPLICABLE|REFERENCE_OLDER_THAN_365_DAYS,0.25,0.5,0.25,0.0,0.0,"{""G03"": 1, ""G04"": 1, ""G08"": 1}",T05,-0.16740657887517002,0.2931929895310961,대전광역시,대전광역시,province,PROVINCE_CONTEXT_ONLY,3.2064128256513023,,False,0.0,CONTEXT_ONLY_NOT_CALIBRATED
226,ct_7799bf62ca5138,대전,"광역투어(둘째주, 토)",EXPLICIT_SEPARATOR,6,3,3,1.0,2,0.6666666666666666,0,True,ELIGIBLE,0,HEADWAY_UNKNOWN_OR_NOT_APPLICABLE|REFERENCE_OLDER_THAN_365_DAYS,0.3333333333333333,0.6666666666666666,0.0,0.0,0.0,"{""G07"": 2}",T05,0.04851925363758483,0.8686462964557404,대전광역시,대전광역시,province,PROVINCE_CONTEXT_ONLY,3.2064128256513023,,False,0.0,CONTEXT_ONLY_NOT_CALIBRATED
227,ct_2d10b95a5e902e,대전,"광역투어(첫주, 일)",EXPLICIT_SEPARATOR,9,6,6,1.0,4,0.6666666666666666,0,True,ELIGIBLE,0,HEADWAY_UNKNOWN_OR_NOT_APPLICABLE|REFERENCE_OLDER_THAN_365_DAYS,0.5,0.3333333333333333,0.0,0.16666666666666666,0.0,"{""G04"": 2, ""G08"": 2}",T06,0.47385833865201865,0.2767971148710162,대전광역시,대전광역시,province,PROVINCE_CONTEXT_ONLY,3.2064128256513023,,False,0.0,CONTEXT_ONLY_NOT_CALIBRATED
228,ct_6f6ed56249f477,대전,"광역투어(첫주, 토)",EXPLICIT_SEPARATOR,7,4,4,1.0,1,0.25,0,True,ELIGIBLE,0,HEADWAY_UNKNOWN_OR_NOT_APPLICABLE|REFERENCE_OLDER_THAN_365_DAYS,0.25,0.75,0.0,0.0,0.0,"{""G04"": 1}",T05,-0.1334240077913193,0.9249319634254135,대전광역시,대전광역시,province,PROVINCE_CONTEXT_ONLY,3.2064128256513023,,False,0.0,CONTEXT_ONLY_NOT_CALIBRATED
229,ct_e353674363d7f4,대전,대청호코스,EXPLICIT_SEPARATOR,11,8,7,0.875,1,0.125,0,True,ELIGIBLE,0,HEADWAY_UNKNOWN_OR_NOT_APPLICABLE|REFERENCE_OLDER_THAN_365_DAYS,0.125,0.375,0.375,0.0,0.0,"{""G08"": 1}",T06,-0.3907146314255186,-0.16646635641307606,대전광역시,대전광역시,province,PROVINCE_CONTEXT_ONLY,3.2064128256513023,,False,0.0,CONTEXT_ONLY_NOT_CALIBRATED
230,ct_c53b5abd9a30ab,대전,남부코스,EXPLICIT_SEPARATOR,10,7,7,1.0,4,0.5714285714285714,0,True,ELIGIBLE,0,HEADWAY_UNKNOWN_OR_NOT_APPLICABLE|REFERENCE_OLDER_THAN_365_DAYS,0.2857142857142857,0.2857142857142857,0.42857142857142855,0.0,0.0,"{""G03"": 1, ""G04"": 1, ""G06"": 1, ""G07"": 1}",T06,-0.12001527611208951,-0.326563643746306,대전광역시,대전광역시,province,PROVINCE_CONTEXT_ONLY,3.2064128256513023,,False,0.0,CONTEXT_ONLY_NOT_CALIBRATED
231,ct_a32a31da4ac4a1,태안,북부코스남부코스,FLEXIBLE_OR_UNSPECIFIED,1,0,0,0.0,0,0.0,0,False,ROUTE_UNRESOLVED,0,HEADWAY_UNKNOWN_OR_NOT_APPLICABLE|REFERENCE_OLDER_THAN_365_DAYS,0.0,0.0,0.0,0.0,0.0,{},,,,충청남도|태안군,충청남도,municipality,UNIQUE_MUNICIPALITY_ALIAS,0.16499465397260984,41.37931034482759,False,0.0,CONTEXT_ONLY_NOT_CALIBRATED
232,ct_a0af2538872792,서천,전라권코스,EXPLICIT_SEPARATOR,6,6,6,1.0,4,0.6666666666666666,0,True,ELIGIBLE,0,HEADWAY_UNKNOWN_OR_NOT_APPLICABLE|REFERENCE_OLDER_THAN_365_DAYS,0.0,0.3333333333333333,0.3333333333333333,0.3333333333333333,0.0,"{""G01"": 1, ""G03"": 2, ""G07"": 1}",T04,-0.5754969502620912,-0.10852898816252209,충청남도|서천군,충청남도,municipality,UNIQUE_MUNICIPALITY_ALIAS,0.06318944194695697,15.948275862068966,False,0.0,CONTEXT_ONLY_NOT_CALIBRATED
233,ct_15ca3909485d66,서천,광역코스,EXPLICIT_SEPARATOR,7,7,7,1.0,4,0.5714285714285714,0,True,ELIGIBLE,0,HEADWAY_UNKNOWN_OR_NOT_APPLICABLE|REFERENCE_OLDER_THAN_365_DAYS,0.14285714285714285,0.2857142857142857,0.2857142857142857,0.2857142857142857,0.0,"{""G01"": 1, ""G03"": 2, ""G07"": 1}",T04,-0.2836439066469225,-0.1528540869635584,충청남도|서천군,충청남도,municipality,UNIQUE_MUNICIPALITY_ALIAS,0.06318944194695697,15.948275862068966,False,0.0,CONTEXT_ONLY_NOT_CALIBRATED
234,ct_2f8d9c4d57db08,서천,힐링코스,EXPLICIT_SEPARATOR,7,7,7,1.0,3,0.42857142857142855,0,True,ELIGIBLE,0,HEADWAY_UNKNOWN_OR_NOT_APPLICABLE|REFERENCE_OLDER_THAN_365_DAYS,0.14285714285714285,0.2857142857142857,0.2857142857142857,0.14285714285714285,0.14285714285714285,"{""G03"": 1, ""G04"": 1, ""G05"": 1}",T06,-0.2972237353771138,-0.15346925576289377,충청남도|서천군,충청남도,municipality,UNIQUE_MUNICIPALITY_ALIAS,0.06318944194695697,15.948275862068966,False,0.0,CONTEXT_ONLY_NOT_CALIBRATED
235,ct_61845aa89a1c1a,홍천,홍천시티투어,EXPLICIT_SEPARATOR,11,11,11,1.0,3,0.2727272727272727,0,True,ELIGIBLE,0,HEADWAY_UNKNOWN_OR_NOT_APPLICABLE|REFERENCE_OLDER_THAN_365_DAYS,0.22727272727272727,0.2727272727272727,0.36363636363636365,0.13636363636363635,0.0,"{""G04"": 1, ""G08"": 2}",T06,-0.1821009985935578,-0.3686025627580067,강원특별자치도|홍천군,강원특별자치도,municipality,UNIQUE_MUNICIPALITY_ALIAS,0.2661322645290581,54.310344827586206,False,0.0,CONTEXT_ONLY_NOT_CALIBRATED
236,ct_9845cf0683e6c7,화천,화천시티투어(백암산케이블카),EXPLICIT_SEPARATOR,5,5,5,1.0,1,0.2,0,True,ELIGIBLE,0,HEADWAY_UNKNOWN_OR_NOT_APPLICABLE|REFERENCE_OLDER_THAN_365_DAYS,0.4,0.0,0.4,0.2,0.0,"{""G08"": 1}",T04,0.2203971292523147,-0.6032361401535925,강원특별자치도|화천군,강원특별자치도,municipality,UNIQUE_MUNICIPALITY_ALIAS,0.022444889779559114,2.586206896551724,False,0.0,CONTEXT_ONLY_NOT_CALIBRATED
237,ct_53a12bc8caced9,화천,화천시티투어(평화누리호),EXPLICIT_SEPARATOR,6,6,6,1.0,2,0.3333333333333333,0,True,ELIGIBLE,0,HEADWAY_UNKNOWN_OR_NOT_APPLICABLE|REFERENCE_OLDER_THAN_365_DAYS,0.3333333333333333,0.16666666666666666,0.3333333333333333,0.16666666666666666,0.0,"{""G08"": 2}",T06,0.06964118948860198,-0.33902487218791844,강원특별자치도|화천군,강원특별자치도,municipality,UNIQUE_MUNICIPALITY_ALIAS,0.022444889779559114,2.586206896551724,False,0.0,CONTEXT_ONLY_NOT_CALIBRATED
238,ct_a33d720535a1e1,순천,(테마투어)산사투어,EXPLICIT_SEPARATOR,5,3,3,1.0,3,1.0,0,True,ELIGIBLE,0,HEADWAY_UNKNOWN_OR_NOT_APPLICABLE|REFERENCE_OLDER_THAN_365_DAYS,0.6666666666666666,0.3333333333333333,0.0,0.0,0.0,"{""G04"": 1, ""G08"": 2}",T07,0.7663333624074831,0.4156530068554301,전남광주통합특별시|순천시,전남광주통합특별시,municipality,UNIQUE_MUNICIPALITY_ALIAS,0.2728010912043648,55.172413793103445,True,0.0,CONTEXT_ONLY_NOT_CALIBRATED
239,ct_7d1c2151bda037,순천,(테마투어)세계유산투어,EXPLICIT_SEPARATOR,7,5,5,1.0,4,0.8,0,True,ELIGIBLE,0,HEADWAY_UNKNOWN_OR_NOT_APPLICABLE|REFERENCE_OLDER_THAN_365_DAYS,0.6,0.0,0.4,0.0,0.0,"{""G02"": 1, ""G08"": 3}",T07,0.5638744316912075,-0.608035227223882,전남광주통합특별시|순천시,전남광주통합특별시,municipality,UNIQUE_MUNICIPALITY_ALIAS,0.2728010912043648,55.172413793103445,True,0.0,CONTEXT_ONLY_NOT_CALIBRATED
240,ct_02181b9e7a671f,순천,(테마투어)성곽투어,EXPLICIT_SEPARATOR,7,5,5,1.0,4,0.8,0,True,ELIGIBLE,0,HEADWAY_UNKNOWN_OR_NOT_APPLICABLE|REFERENCE_OLDER_THAN_365_DAYS,0.7,0.0,0.1,0.0,0.2,"{""G05"": 1, ""G08"": 3}",T07,0.8881971522235761,-0.2537045684397604,전남광주통합특별시|순천시,전남광주통합특별시,municipality,UNIQUE_MUNICIPALITY_ALIAS,0.2728010912043648,55.172413793103445,True,0.0,CONTEXT_ONLY_NOT_CALIBRATED
241,ct_6b11aef24a24ef,순천,(테마투어)생태투어,EXPLICIT_SEPARATOR,5,3,3,1.0,3,1.0,0,True,ELIGIBLE,0,HEADWAY_UNKNOWN_OR_NOT_APPLICABLE|REFERENCE_OLDER_THAN_365_DAYS,0.3333333333333333,0.6666666666666666,0.0,0.0,0.0,"{""G07"": 2, ""G08"": 1}",T05,0.04851925363758483,0.8686462964557404,전남광주통합특별시|순천시,전남광주통합특별시,municipality,UNIQUE_MUNICIPALITY_ALIAS,0.2728010912043648,55.172413793103445,True,0.0,CONTEXT_ONLY_NOT_CALIBRATED
242,ct_f8bd00d4bc40b3,순천,(기획투어)나이트가든투어,EXPLICIT_SEPARATOR,4,2,2,1.0,1,0.5,0,True,ELIGIBLE,1,HEADWAY_UNKNOWN_OR_NOT_APPLICABLE|REFERENCE_OLDER_THAN_365_DAYS,0.5,0.5,0.0,0.0,0.0,"{""G07"": 1}",T03,0.26647102224873,0.902795032639941,전남광주통합특별시|순천시,전남광주통합특별시,municipality,UNIQUE_MUNICIPALITY_ALIAS,0.2728010912043648,55.172413793103445,True,0.0,CONTEXT_ONLY_NOT_CALIBRATED
243,ct_cfd77d72cf4c59,나주,정기코스,EXPLICIT_SEPARATOR,6,4,4,1.0,1,0.25,0,True,ELIGIBLE,0,HEADWAY_UNKNOWN_OR_NOT_APPLICABLE|REFERENCE_OLDER_THAN_365_DAYS,0.5,0.25,0.25,0.0,0.0,"{""G08"": 1}",T07,0.3709540027022536,-0.046551977669136706,전남광주통합특별시|나주시,전남광주통합특별시,municipality,UNIQUE_MUNICIPALITY_ALIAS,0.16280065120260478,40.94827586206897,True,0.0,CONTEXT_ONLY_NOT_CALIBRATED
244,ct_8163a6f43e6f4a,아산,예술맛집 코스,EXPLICIT_SEPARATOR,5,3,3,1.0,3,1.0,0,True,ELIGIBLE,0,HEADWAY_UNKNOWN_OR_NOT_APPLICABLE|REFERENCE_OLDER_THAN_365_DAYS,0.0,0.3333333333333333,0.6666666666666666,0.0,0.0,"{""G03"": 2, ""G04"": 1}",T02,-0.7599150446892486,-0.3629976776621289,충청남도|아산시,충청남도,municipality,UNIQUE_MUNICIPALITY_ALIAS,0.45285766728652493,70.6896551724138,False,0.0,CONTEXT_ONLY_NOT_CALIBRATED
245,ct_f558345dd00dbf,아산,역사기행 코스,EXPLICIT_SEPARATOR,5,3,3,1.0,1,0.3333333333333333,0,True,ELIGIBLE,0,HEADWAY_UNKNOWN_OR_NOT_APPLICABLE|REFERENCE_OLDER_THAN_365_DAYS,0.5,0.5,0.0,0.0,0.0,"{""G08"": 1}",T05,0.4074263080225339,0.6421496516555852,충청남도|아산시,충청남도,municipality,UNIQUE_MUNICIPALITY_ALIAS,0.45285766728652493,70.6896551724138,False,0.0,CONTEXT_ONLY_NOT_CALIBRATED
246,ct_c3ec7bb154c2c1,대전,언택트세이프(B),EXPLICIT_SEPARATOR,5,3,3,1.0,1,0.3333333333333333,0,True,ELIGIBLE,0,HEADWAY_UNKNOWN_OR_NOT_APPLICABLE|REFERENCE_OLDER_THAN_365_DAYS,0.3333333333333333,0.5,0.16666666666666666,0.0,0.0,"{""G07"": 1}",T05,0.025864206248351007,0.44748698052619557,대전광역시,대전광역시,province,PROVINCE_CONTEXT_ONLY,3.2064128256513023,,False,0.0,CONTEXT_ONLY_NOT_CALIBRATED
247,ct_5997fa12423936,대전,언택트세이프(A),EXPLICIT_SEPARATOR,5,3,3,1.0,2,0.6666666666666666,0,True,ELIGIBLE,0,HEADWAY_UNKNOWN_OR_NOT_APPLICABLE|REFERENCE_OLDER_THAN_365_DAYS,0.3333333333333333,0.6666666666666666,0.0,0.0,0.0,"{""G04"": 1, ""G07"": 1}",T05,0.04851925363758483,0.8686462964557404,대전광역시,대전광역시,province,PROVINCE_CONTEXT_ONLY,3.2064128256513023,,False,0.0,CONTEXT_ONLY_NOT_CALIBRATED
248,ct_7350d2221bf4e5,대전,"광역투어(다섯째주, 일)",EXPLICIT_SEPARATOR,8,5,5,1.0,1,0.2,0,True,ELIGIBLE,0,HEADWAY_UNKNOWN_OR_NOT_APPLICABLE|REFERENCE_OLDER_THAN_365_DAYS,0.6,0.1,0.3,0.0,0.0,"{""G08"": 1}",T07,0.5774674601247478,-0.35533963766615495,대전광역시,대전광역시,province,PROVINCE_CONTEXT_ONLY,3.2064128256513023,,False,0.0,CONTEXT_ONLY_NOT_CALIBRATED
249,ct_a8a8ecfbd0eefc,대전,"광역투어(다섯째주, 토)",EXPLICIT_SEPARATOR,9,6,6,1.0,1,0.16666666666666666,0,True,ELIGIBLE,0,HEADWAY_UNKNOWN_OR_NOT_APPLICABLE|REFERENCE_OLDER_THAN_365_DAYS,0.4166666666666667,0.16666666666666666,0.0,0.4166666666666667,0.0,"{""G08"": 1}",T04,0.4034187649883517,0.05629932890872287,대전광역시,대전광역시,province,PROVINCE_CONTEXT_ONLY,3.2064128256513023,,False,0.0,CONTEXT_ONLY_NOT_CALIBRATED
250,ct_3f9d81407b910a,대전,"광역투어(넷재주, 일)",EXPLICIT_SEPARATOR,8,5,5,1.0,0,0.0,0,True,ELIGIBLE,0,HEADWAY_UNKNOWN_OR_NOT_APPLICABLE|REFERENCE_OLDER_THAN_365_DAYS,0.4,0.6,0.0,0.0,0.0,{},T05,0.1875580801634299,0.674543104767212,대전광역시,대전광역시,province,PROVINCE_CONTEXT_ONLY,3.2064128256513023,,False,0.0,CONTEXT_ONLY_NOT_CALIBRATED
251,ct_3764c5ee83c6b9,대전,"광역투어(넷재주, 토)",EXPLICIT_SEPARATOR,7,4,4,1.0,2,0.5,0,True,ELIGIBLE,0,HEADWAY_UNKNOWN_OR_NOT_APPLICABLE|REFERENCE_OLDER_THAN_365_DAYS,0.75,0.0,0.25,0.0,0.0,"{""G03"": 1, ""G08"": 1}",T07,0.9093145842796773,-0.3862969448693695,대전광역시,대전광역시,province,PROVINCE_CONTEXT_ONLY,3.2064128256513023,,False,0.0,CONTEXT_ONLY_NOT_CALIBRATED
252,ct_1c94bb0caf5c4f,안성,안성시티투어,EXPLICIT_SEPARATOR,5,5,5,1.0,3,0.6,0,True,ELIGIBLE,0,HEADWAY_UNKNOWN_OR_NOT_APPLICABLE|REFERENCE_OLDER_THAN_365_DAYS,0.4,0.0,0.6,0.0,0.0,"{""G03"": 1, ""G08"": 2}",T02,0.1059999095621881,-0.8416304325791497,경기도|안성시,경기도,municipality,UNIQUE_MUNICIPALITY_ALIAS,0.6648201116375178,82.54310344827586,False,0.0,CONTEXT_ONLY_NOT_CALIBRATED
253,ct_f55bded1011de2,대전,언택트세이프?,EXPLICIT_SEPARATOR,4,2,2,1.0,2,1.0,0,True,ELIGIBLE,0,HEADWAY_UNKNOWN_OR_NOT_APPLICABLE|REFERENCE_OLDER_THAN_365_DAYS,0.0,1.0,0.0,0.0,0.0,"{""G04"": 2}",T05,-0.6660850294359318,1.3950772214708456,대전광역시,대전광역시,province,PROVINCE_CONTEXT_ONLY,3.2064128256513023,,False,0.0,CONTEXT_ONLY_NOT_CALIBRATED
254,ct_2897644f6a83e3,경산,"소원성취코스,삼성현명품투어코스",UNORDERED_LIST_REVIEW,7,0,0,0.0,0,0.0,0,False,ROUTE_UNRESOLVED,0,HEADWAY_UNKNOWN_OR_NOT_APPLICABLE|REFERENCE_OLDER_THAN_365_DAYS,0.0,0.0,0.0,0.0,0.0,{},,,,경상북도|경산시,경상북도,municipality,UNIQUE_MUNICIPALITY_ALIAS,0.2954960870792534,57.758620689655174,False,0.0,CONTEXT_ONLY_NOT_CALIBRATED
255,ct_5e83dbf18d6227,울산,장생포 대왕암 코스,EXPLICIT_SEPARATOR,7,4,4,1.0,1,0.25,0,True,ELIGIBLE,0,REFERENCE_OLDER_THAN_365_DAYS,0.25,0.0,0.375,0.0,0.375,"{""G07"": 1}",T01,-0.056523984540636146,-0.5249104780578745,울산광역시,울산광역시,province,PROVINCE_CONTEXT_ONLY,1.5030060120240478,,False,0.0,CONTEXT_ONLY_NOT_CALIBRATED
256,ct_2390c56fce5420,울산,태화강 국가정원 코스,EXPLICIT_SEPARATOR,18,9,9,1.0,5,0.5555555555555556,0,True,ELIGIBLE,0,REFERENCE_OLDER_THAN_365_DAYS,0.16666666666666666,0.3333333333333333,0.4444444444444444,0.05555555555555555,0.0,"{""G03"": 2, ""G07"": 2, ""G08"": 1}",T06,-0.35679949260653177,-0.3360191943615278,울산광역시,울산광역시,province,PROVINCE_CONTEXT_ONLY,1.5030060120240478,,False,0.0,CONTEXT_ONLY_NOT_CALIBRATED
257,ct_658464b2619d71,양주,천일홍축제,EXPLICIT_SEPARATOR,10,4,4,1.0,1,0.25,0,True,ELIGIBLE,0,REFERENCE_OLDER_THAN_365_DAYS,0.625,0.125,0.25,0.0,0.0,"{""G08"": 1}",T07,0.6401342934909656,-0.21642446126925308,경기도|양주시,경기도,municipality,UNIQUE_MUNICIPALITY_ALIAS,0.39396747356297346,66.16379310344827,False,0.0,CONTEXT_ONLY_NOT_CALIBRATED
258,ct_c4d1ab4265b00c,양주,왕실축제,EXPLICIT_SEPARATOR,10,4,4,1.0,1,0.25,0,True,ELIGIBLE,0,REFERENCE_OLDER_THAN_365_DAYS,0.625,0.125,0.25,0.0,0.0,"{""G08"": 1}",T07,0.6401342934909656,-0.21642446126925308,경기도|양주시,경기도,municipality,UNIQUE_MUNICIPALITY_ALIAS,0.39396747356297346,66.16379310344827,False,0.0,CONTEXT_ONLY_NOT_CALIBRATED
259,ct_e25ef9dd702427,단양,단양군시티투어,UNSPLIT_REVIEW,1,0,0,0.0,0,0.0,0,False,ROUTE_UNRESOLVED,0,HEADWAY_ONE_REVIEW|REFERENCE_OLDER_THAN_365_DAYS,0.0,0.0,0.0,0.0,0.0,{},,,,충청북도|단양군,충청북도,municipality,UNIQUE_MUNICIPALITY_ALIAS,0.08408425242092575,22.413793103448278,False,0.0,CONTEXT_ONLY_NOT_CALIBRATED
260,ct_6ec0ad7a54e92d,서천,문화코스,EXPLICIT_SEPARATOR,9,9,9,1.0,7,0.7777777777777778,0,True,ELIGIBLE,0,HEADWAY_UNKNOWN_OR_NOT_APPLICABLE|REFERENCE_OLDER_THAN_365_DAYS,0.1111111111111111,0.3333333333333333,0.3333333333333333,0.2222222222222222,0.0,"{""G01"": 1, ""G03"": 3, ""G04"": 1, ""G07"": 1, ""G08"": 1}",T06,-0.38865584345615395,-0.20224484105002677,충청남도|서천군,충청남도,municipality,UNIQUE_MUNICIPALITY_ALIAS,0.06318944194695697,15.948275862068966,False,0.0,CONTEXT_ONLY_NOT_CALIBRATED
261,ct_77986f2809a784,부여,백제문화단지-부소산성-궁남지-정림사지-백제문화단지,FLEXIBLE_OR_UNSPECIFIED,1,0,0,0.0,0,0.0,0,False,ROUTE_UNRESOLVED,0,HEADWAY_UNKNOWN_OR_NOT_APPLICABLE|REFERENCE_OLDER_THAN_365_DAYS,0.0,0.0,0.0,0.0,0.0,{},,,,충청남도|부여군,충청남도,municipality,UNIQUE_MUNICIPALITY_ALIAS,0.12286835934130522,33.4051724137931,False,0.0,CONTEXT_ONLY_NOT_CALIBRATED
262,ct_bd82b0443efede,공주,봄·여름·가을 코스,UNORDERED_LIST_REVIEW,6,0,0,0.0,0,0.0,0,False,ROUTE_UNRESOLVED,1,HEADWAY_UNKNOWN_OR_NOT_APPLICABLE|REFERENCE_OLDER_THAN_365_DAYS,0.0,0.0,0.0,0.0,0.0,{},,,,충청남도|공주시,충청남도,municipality,UNIQUE_MUNICIPALITY_ALIAS,0.2808419642086976,55.60344827586207,False,0.0,CONTEXT_ONLY_NOT_CALIBRATED
263,ct_ba6ef7945423e1,공주,가을코스2,EXPLICIT_SEPARATOR,5,3,2,0.6666666666666666,2,0.6666666666666666,1,False,CONDITIONAL_STOPS,1,HEADWAY_UNKNOWN_OR_NOT_APPLICABLE|REFERENCE_OLDER_THAN_365_DAYS,0.6666666666666666,0.0,0.0,0.0,0.0,"{""G08"": 2}",,,,충청남도|공주시,충청남도,municipality,UNIQUE_MUNICIPALITY_ALIAS,0.2808419642086976,55.60344827586207,False,0.0,CONTEXT_ONLY_NOT_CALIBRATED
264,ct_104171b078b959,공주,가을코스,EXPLICIT_SEPARATOR,7,4,4,1.0,3,0.75,0,True,ELIGIBLE,0,HEADWAY_UNKNOWN_OR_NOT_APPLICABLE|REFERENCE_OLDER_THAN_365_DAYS,0.75,0.25,0.0,0.0,0.0,"{""G08"": 3}",T07,0.9432971553635281,0.24544202902494794,충청남도|공주시,충청남도,municipality,UNIQUE_MUNICIPALITY_ALIAS,0.2808419642086976,55.60344827586207,False,0.0,CONTEXT_ONLY_NOT_CALIBRATED
265,ct_fcbc8def0ff021,공주,여름코스,EXPLICIT_SEPARATOR,7,4,4,1.0,3,0.75,0,True,ELIGIBLE,0,HEADWAY_UNKNOWN_OR_NOT_APPLICABLE|REFERENCE_OLDER_THAN_365_DAYS,0.625,0.25,0.0,0.125,0.0,"{""G04"": 1, ""G08"": 2}",T07,0.7286238413392201,0.24844145844387888,충청남도|공주시,충청남도,municipality,UNIQUE_MUNICIPALITY_ALIAS,0.2808419642086976,55.60344827586207,False,0.0,CONTEXT_ONLY_NOT_CALIBRATED
266,ct_2d7ad6be7d0219,공주,봄코스,EXPLICIT_SEPARATOR,11,8,8,1.0,4,0.5,0,True,ELIGIBLE,0,HEADWAY_UNKNOWN_OR_NOT_APPLICABLE|REFERENCE_OLDER_THAN_365_DAYS,0.875,0.125,0.0,0.0,0.0,"{""G08"": 4}",T07,1.2059191899324002,-0.07447686668169642,충청남도|공주시,충청남도,municipality,UNIQUE_MUNICIPALITY_ALIAS,0.2808419642086976,55.60344827586207,False,0.0,CONTEXT_ONLY_NOT_CALIBRATED
267,ct_2749460936eb31,공주,반일코스,EXPLICIT_SEPARATOR,5,4,4,1.0,4,1.0,0,True,ELIGIBLE,0,HEADWAY_UNKNOWN_OR_NOT_APPLICABLE|REFERENCE_OLDER_THAN_365_DAYS,0.75,0.0,0.25,0.0,0.0,"{""G03"": 1, ""G08"": 3}",T07,0.9093145842796773,-0.3862969448693695,충청남도|공주시,충청남도,municipality,UNIQUE_MUNICIPALITY_ALIAS,0.2808419642086976,55.60344827586207,False,0.0,CONTEXT_ONLY_NOT_CALIBRATED
268,ct_2921659630cea0,서울,EG투어버스 B코스,EXPLICIT_SEPARATOR,5,2,2,1.0,0,0.0,0,True,ELIGIBLE,0,HEADWAY_UNKNOWN_OR_NOT_APPLICABLE|URL_MISSING|REFERENCE_OLDER_THAN_365_DAYS,0.0,0.0,1.0,0.0,0.0,{},T02,-0.8020153137713348,-1.1318786741064242,서울특별시,서울특별시,province,PROVINCE_CONTEXT_ONLY,29.058116232464926,,False,0.0,CONTEXT_ONLY_NOT_CALIBRATED
269,ct_10510d067f8caa,서울,EG투어버스 A코스,EXPLICIT_SEPARATOR,5,3,3,1.0,0,0.0,0,True,ELIGIBLE,0,HEADWAY_UNKNOWN_OR_NOT_APPLICABLE|URL_MISSING|REFERENCE_OLDER_THAN_365_DAYS,0.3333333333333333,0.0,0.6666666666666666,0.0,0.0,{},T02,-0.04210093591935048,-0.8159909672624394,서울특별시,서울특별시,province,PROVINCE_CONTEXT_ONLY,29.058116232464926,,False,0.0,CONTEXT_ONLY_NOT_CALIBRATED
270,ct_59f67b28d9aad1,서울,EG투어버스 G코스,EXPLICIT_SEPARATOR,5,3,3,1.0,0,0.0,0,True,ELIGIBLE,0,HEADWAY_UNKNOWN_OR_NOT_APPLICABLE|URL_MISSING|REFERENCE_OLDER_THAN_365_DAYS,0.0,0.6666666666666666,0.3333333333333333,0.0,0.0,{},T05,-0.714604949910781,0.4793209541969609,서울특별시,서울특별시,province,PROVINCE_CONTEXT_ONLY,29.058116232464926,,False,0.0,CONTEXT_ONLY_NOT_CALIBRATED
271,ct_7c0261fb1fd42d,서울,EG투어버스 F코스,EXPLICIT_SEPARATOR,5,3,2,0.6666666666666666,0,0.0,1,False,CONDITIONAL_STOPS,0,HEADWAY_UNKNOWN_OR_NOT_APPLICABLE|URL_MISSING|REFERENCE_OLDER_THAN_365_DAYS,0.0,0.0,0.6666666666666666,0.0,0.0,{},,,,서울특별시,서울특별시,province,PROVINCE_CONTEXT_ONLY,29.058116232464926,,False,0.0,CONTEXT_ONLY_NOT_CALIBRATED
272,ct_1fe72a79d47a7f,서울,EG투어버스 E코스,EXPLICIT_SEPARATOR,6,4,4,1.0,0,0.0,0,True,ELIGIBLE,0,HEADWAY_UNKNOWN_OR_NOT_APPLICABLE|URL_MISSING|REFERENCE_OLDER_THAN_365_DAYS,0.5,0.0,0.25,0.25,0.0,{},T07,0.47996795623106125,-0.38029808603150766,서울특별시,서울특별시,province,PROVINCE_CONTEXT_ONLY,29.058116232464926,,False,0.0,CONTEXT_ONLY_NOT_CALIBRATED
273,ct_82029ce72f5013,서울,EG투어버스 D코스,EXPLICIT_SEPARATOR,5,3,3,1.0,0,0.0,0,True,ELIGIBLE,0,HEADWAY_UNKNOWN_OR_NOT_APPLICABLE|URL_MISSING|REFERENCE_OLDER_THAN_365_DAYS,0.0,0.0,0.8333333333333334,0.0,0.16666666666666666,{},T02,-0.725737256577834,-1.007372096099146,서울특별시,서울특별시,province,PROVINCE_CONTEXT_ONLY,29.058116232464926,,False,0.0,CONTEXT_ONLY_NOT_CALIBRATED
274,ct_c0c761a6bb3927,서울,EG투어버스 C코스,EXPLICIT_SEPARATOR,7,5,5,1.0,0,0.0,0,True,ELIGIBLE,0,HEADWAY_UNKNOWN_OR_NOT_APPLICABLE|URL_MISSING|REFERENCE_OLDER_THAN_365_DAYS,0.1,0.0,0.8,0.1,0.0,{},T02,-0.5236132637862778,-1.0728260943992727,서울특별시,서울특별시,province,PROVINCE_CONTEXT_ONLY,29.058116232464926,,False,0.0,CONTEXT_ONLY_NOT_CALIBRATED
275,ct_c410c248858e88,서울,EG투어버스 L코스,EXPLICIT_SEPARATOR,6,4,4,1.0,1,0.25,0,True,ELIGIBLE,0,HEADWAY_UNKNOWN_OR_NOT_APPLICABLE|URL_MISSING|REFERENCE_OLDER_THAN_365_DAYS,0.0,0.25,0.25,0.5,0.0,"{""G04"": 1}",T04,-0.48773925339497853,-0.03455425999341306,서울특별시,서울특별시,province,PROVINCE_CONTEXT_ONLY,29.058116232464926,,False,0.0,CONTEXT_ONLY_NOT_CALIBRATED
276,ct_52149303f1b0d4,서울,EG투어버스 K 코스,EXPLICIT_SEPARATOR,5,3,3,1.0,2,0.6666666666666666,0,True,ELIGIBLE,0,HEADWAY_UNKNOWN_OR_NOT_APPLICABLE|URL_MISSING|REFERENCE_OLDER_THAN_365_DAYS,0.0,0.3333333333333333,0.6666666666666666,0.0,0.0,"{""G03"": 1, ""G07"": 1}",T02,-0.7599150446892486,-0.3629976776621289,서울특별시,서울특별시,province,PROVINCE_CONTEXT_ONLY,29.058116232464926,,False,0.0,CONTEXT_ONLY_NOT_CALIBRATED
277,ct_07b4b0458851e1,서울,EG투어버스 J코스,EXPLICIT_SEPARATOR,5,3,3,1.0,2,0.6666666666666666,0,True,ELIGIBLE,0,HEADWAY_UNKNOWN_OR_NOT_APPLICABLE|URL_MISSING|REFERENCE_OLDER_THAN_365_DAYS,0.6666666666666666,0.0,0.0,0.3333333333333333,0.0,"{""G01"": 1, ""G07"": 1}",T07,0.9116853004458931,-0.029341804294397866,서울특별시,서울특별시,province,PROVINCE_CONTEXT_ONLY,29.058116232464926,,False,0.0,CONTEXT_ONLY_NOT_CALIBRATED
278,ct_aabd87818ef08f,서울,EG투어버스 I코스,EXPLICIT_SEPARATOR,5,3,3,1.0,0,0.0,0,True,ELIGIBLE,0,HEADWAY_UNKNOWN_OR_NOT_APPLICABLE|URL_MISSING|REFERENCE_OLDER_THAN_365_DAYS,0.0,0.3333333333333333,0.3333333333333333,0.3333333333333333,0.0,{},T04,-0.569253011872371,0.034326143047132954,서울특별시,서울특별시,province,PROVINCE_CONTEXT_ONLY,29.058116232464926,,False,0.0,CONTEXT_ONLY_NOT_CALIBRATED
279,ct_a407c821a8382e,서울,EG투어버스 H코스,EXPLICIT_SEPARATOR,5,3,3,1.0,0,0.0,0,True,ELIGIBLE,0,HEADWAY_UNKNOWN_OR_NOT_APPLICABLE|URL_MISSING|REFERENCE_OLDER_THAN_365_DAYS,0.3333333333333333,0.0,0.3333333333333333,0.3333333333333333,0.0,{},T04,0.14856109689752728,-0.4186671465531774,서울특별시,서울특별시,province,PROVINCE_CONTEXT_ONLY,29.058116232464926,,False,0.0,CONTEXT_ONLY_NOT_CALIBRATED
