source_index,course_id,region,name,parser_status,parsed_stop_count,visit_candidate_count,category_known_count,category_coverage,place_candidate_count,place_match_coverage,conditional_stop_count,cluster_eligible,cluster_status,night_flag,operational_flags,share_herit,share_heal,share_activity,share_food,share_sea,G_composition_counts,T_cluster,PC1,PC2,cosine_cluster,assigned_cosine,margin_to_second
142,ct_5728bf247a42c1,제천,시티투어,EXPLICIT_SEPARATOR,4,4,4,1.0,2,0.5,0,True,ELIGIBLE,0,,0.125,0.25,0.5,0.125,0.0,"{""G02"": 1, ""G04"": 1}",T02,-0.4160624639833288,-0.3355465549442904,TC01,0.9819488036902133,0.15826380369949855
206,ct_68d8eff6357673,양구,해안DMZ트래킹 코스,EXPLICIT_SEPARATOR,6,4,4,1.0,2,0.5,0,True,ELIGIBLE,0,REFERENCE_OLDER_THAN_365_DAYS,0.125,0.375,0.5,0.0,0.0,"{""G03"": 1, ""G04"": 1}",T02,-0.4705694407477326,-0.16867350076310494,TC01,0.9663645811931033,0.22675127461131706
83,ct_8e34c83e5dbe39,이천,농촌체험코스(북부),EXPLICIT_SEPARATOR,3,3,3,1.0,0,0.0,0,True,ELIGIBLE,0,HEADWAY_ONE_REVIEW,0.0,0.3333333333333333,0.6666666666666666,0.0,0.0,{},T02,-0.7599150446892486,-0.3629976776621289,TC01,0.9644905298873065,0.3017211299106456
101,ct_de90b5933f0b40,청도,시티투어,EXPLICIT_SEPARATOR,5,5,5,1.0,2,0.4,0,True,ELIGIBLE,0,URL_MISSING,0.2,0.2,0.2,0.4,0.0,"{""G03"": 1, ""G04"": 1}",T04,-0.09589411631949757,-0.0930458739678491,TC02,0.9470664058101735,0.24947921424709374
275,ct_c410c248858e88,서울,EG투어버스 L코스,EXPLICIT_SEPARATOR,6,4,4,1.0,1,0.25,0,True,ELIGIBLE,0,HEADWAY_UNKNOWN_OR_NOT_APPLICABLE|URL_MISSING|REFERENCE_OLDER_THAN_365_DAYS,0.0,0.25,0.25,0.5,0.0,"{""G04"": 1}",T04,-0.48773925339497853,-0.03455425999341306,TC02,0.9428819900166107,0.353604310847077
95,ct_bd2de54ec11e6b,양산,양산시 가을 시티투어 (자연관광코스),EXPLICIT_SEPARATOR,6,4,3,0.75,2,0.5,0,True,ELIGIBLE,0,HEADWAY_UNKNOWN_OR_NOT_APPLICABLE|URL_MISSING,0.0,0.25,0.25,0.25,0.0,"{""G03"": 1, ""G04"": 1}",T04,-0.45790964692352953,-0.028040012612245813,TC02,0.9414998784042701,0.15797708294146662
38,ct_a8823fdcbfa445,화성,바다와 하루,UNORDERED_LIST,5,5,5,1.0,0,0.0,0,True,ELIGIBLE,0,HEADWAY_UNKNOWN_OR_NOT_APPLICABLE,0.0,0.2,0.3,0.0,0.5,{},T01,-0.5440994291591232,-0.20959702390801196,TC03,0.9471706568625564,0.34207326089354584
152,ct_a7d1b6cc26e056,안산,대부도 뱃길코스(일반형 1코스),EXPLICIT_SEPARATOR,9,7,7,1.0,6,0.8571428571428571,0,True,ELIGIBLE,0,HEADWAY_UNKNOWN_OR_NOT_APPLICABLE,0.0,0.14285714285714285,0.14285714285714285,0.0,0.7142857142857143,"{""G04"": 1, ""G05"": 5}",T01,-0.4528779931019647,-0.17293243609884248,TC03,0.9105058310088108,0.5082225359763528
0,ct_ff41044d0b7080,부산,동부산테마노선,EXPLICIT_SEPARATOR,7,5,5,1.0,3,0.6,0,True,ELIGIBLE,0,HEADWAY_ONE_REVIEW,0.2,0.0,0.0,0.0,0.8,"{""G05"": 3}",T01,0.029667225304604028,-0.12509341350846676,TC03,0.9075754274473292,0.6540099200747418
29,ct_1845f5c9950df4,목포,별빛물결시티투어,EXPLICIT_SEPARATOR,7,5,5,1.0,2,0.4,0,True,ELIGIBLE,1,HEADWAY_UNKNOWN_OR_NOT_APPLICABLE,0.0,0.4,0.2,0.2,0.2,"{""G01"": 1, ""G04"": 1}",T03,-0.6897594532738897,0.36509660904282876,TC04,0.9741563608846983,0.4620963139421791
105,ct_40252d247000a5,안동,야간도심테마,EXPLICIT_SEPARATOR,7,4,4,1.0,3,0.75,0,True,ELIGIBLE,1,,0.25,0.5,0.25,0.0,0.0,"{""G04"": 2, ""G08"": 1}",T03,-0.3115716903453554,0.48040073510065723,TC04,0.9725814476607528,0.34326739356625435
212,ct_cf9f8ad6cdda8f,대전,야경,EXPLICIT_SEPARATOR,6,4,3,0.75,2,0.5,0,True,ELIGIBLE,1,HEADWAY_UNKNOWN_OR_NOT_APPLICABLE|REFERENCE_OLDER_THAN_365_DAYS,0.0,0.5,0.25,0.0,0.0,"{""G04"": 2}",T03,-0.7110887119225225,0.49291384131968624,TC04,0.9659475673084894,0.42849366623279095
210,ct_23c35eeaf17398,곡성,읍권 순환버스,EXPLICIT_SEPARATOR,9,9,9,1.0,4,0.4444444444444444,0,True,ELIGIBLE,0,URL_MISSING|REFERENCE_OLDER_THAN_365_DAYS,0.14814814814814814,0.4444444444444444,0.2592592592592593,0.14814814814814814,0.0,"{""G04"": 3, ""G08"": 1}",T06,-0.3311302409839303,0.033492225218587066,TC05,0.9742697264366197,0.2838582839309256
234,ct_2f8d9c4d57db08,서천,힐링코스,EXPLICIT_SEPARATOR,7,7,7,1.0,3,0.42857142857142855,0,True,ELIGIBLE,0,HEADWAY_UNKNOWN_OR_NOT_APPLICABLE|REFERENCE_OLDER_THAN_365_DAYS,0.14285714285714285,0.2857142857142857,0.2857142857142857,0.14285714285714285,0.14285714285714285,"{""G03"": 1, ""G04"": 1, ""G05"": 1}",T06,-0.2972237353771138,-0.15346925576289377,TC05,0.9554986817256452,0.13960958812257585
169,ct_72a42eb150b5d4,춘천,일요일,EXPLICIT_SEPARATOR,11,9,9,1.0,7,0.7777777777777778,0,True,ELIGIBLE,0,HEADWAY_UNKNOWN_OR_NOT_APPLICABLE,0.1111111111111111,0.5,0.3333333333333333,0.05555555555555555,0.0,"{""G02"": 2, ""G03"": 1, ""G04"": 3, ""G08"": 1}",T06,-0.46133181247535904,0.02025256452488726,TC05,0.9512712212311561,0.2693628749320417
119,ct_62dfed5cce4635,파주,2026 파주시티투어 당일코스(목요일),EXPLICIT_SEPARATOR,3,3,3,1.0,2,0.6666666666666666,0,True,ELIGIBLE,0,,0.3333333333333333,0.6666666666666666,0.0,0.0,0.0,"{""G04"": 1, ""G08"": 1}",T05,0.04851925363758483,0.8686462964557404,TC06,0.9782122090335152,0.3997471730103529
217,ct_d038c55e01951b,대전,대덕특구탐방,EXPLICIT_SEPARATOR,5,3,3,1.0,3,1.0,0,True,ELIGIBLE,0,HEADWAY_UNKNOWN_OR_NOT_APPLICABLE|REFERENCE_OLDER_THAN_365_DAYS,0.3333333333333333,0.6666666666666666,0.0,0.0,0.0,"{""G04"": 2, ""G08"": 1}",T05,0.04851925363758483,0.8686462964557404,TC06,0.9782122090335152,0.3997471730103529
226,ct_7799bf62ca5138,대전,"광역투어(둘째주, 토)",EXPLICIT_SEPARATOR,6,3,3,1.0,2,0.6666666666666666,0,True,ELIGIBLE,0,HEADWAY_UNKNOWN_OR_NOT_APPLICABLE|REFERENCE_OLDER_THAN_365_DAYS,0.3333333333333333,0.6666666666666666,0.0,0.0,0.0,"{""G07"": 2}",T05,0.04851925363758483,0.8686462964557404,TC06,0.9782122090335152,0.3997471730103529
223,ct_636360ac200b66,대전,"광역투어(셋째주, 일)",EXPLICIT_SEPARATOR,8,5,5,1.0,4,0.8,0,True,ELIGIBLE,0,HEADWAY_UNKNOWN_OR_NOT_APPLICABLE|REFERENCE_OLDER_THAN_365_DAYS,0.8,0.1,0.1,0.0,0.0,"{""G08"": 4}",T07,1.0353419822537675,-0.12174443231088727,TC07,0.9870921871787411,0.4476360952388869
70,ct_3ed5105d35b251,서산,A코스,EXPLICIT_SEPARATOR,7,4,4,1.0,3,0.75,0,True,ELIGIBLE,0,HEADWAY_UNKNOWN_OR_NOT_APPLICABLE,0.75,0.125,0.125,0.0,0.0,"{""G08"": 3}",T07,0.9263058698216027,-0.07042745792221078,TC07,0.9870915797333878,0.38454604185960406
205,ct_6e6a0f2ecaee7f,양주,기본코스,EXPLICIT_SEPARATOR,10,4,4,1.0,2,0.5,0,True,ELIGIBLE,0,REFERENCE_OLDER_THAN_365_DAYS,0.75,0.125,0.125,0.0,0.0,"{""G08"": 2}",T07,0.9263058698216027,-0.07042745792221078,TC07,0.9870915797333878,0.38454604185960406
