datalab_id,20,30,40,50,60plus,age_cluster,datalab_name,category_raw,PC1,PC2
3f73bffa7c6d98063eebe1ecd3305da6,0.9666666666666668,1.0,1.0,0.9333333333333332,0.0,A02,에버랜드,레저/스포츠,1.409070411331142,-0.4454940416288999
aa6be6a4f5997ab91804f3b6be58e878,0.9,0.9666666666666668,0.9666666666666668,1.0,1.0,A03,코엑스,문화생활시설,1.6019286335540732,0.31447010844739204
276874ccf43c6c5c48e4cfaf7841a223,0.7,0.9333333333333332,0.8666666666666667,0.9666666666666668,0.85,A03,킨텍스제2전시장,문화생활시설,1.4060110788972293,0.29655926082867184
f4cb0345c02d72995cc67111ef093ead,0.5166666666666667,0.9,0.9333333333333332,0.4166666666666667,0.0,A02,롯데월드잠실점,레저/스포츠,0.9081292797871765,-0.4568425184257748
d6e7d2e0ef86a25cce60aac5332b28dc,0.0,0.5333333333333333,0.9,0.7166666666666667,0.2666666666666666,A03,국립중앙박물관,문화생활시설,0.7002175116431921,0.21839517051003549
94b37da181384604e8bdf68b3217008e,1.0,0.8666666666666667,0.4833333333333333,0.0,0.0,A02,여의도한강공원,관광명소,0.6277530339334823,-0.8272816526782525
a7a30e65493f93bc02b9eb6dafc15230,0.0,0.0,0.8166666666666667,0.7833333333333333,0.9333333333333332,A03,불국사,종교,0.5456509648715342,0.9018794405093501
e871c31f2d8767492bd2063733a23ec3,0.0833333333333333,0.5333333333333333,0.4833333333333333,0.7833333333333333,0.6,A03,킨텍스제1전시장,문화생활시설,0.6093947380660265,0.4591407820048543
38a26a16270ce8f2cf503ba9650b6c94,0.9333333333333332,0.65,0.1333333333333333,0.6166666666666667,0.6666666666666666,A03,을왕리해수욕장,관광명소,0.7335037633092214,0.037767226558036174
b605a838036e13947e8dd11697cdd276,0.0,0.1333333333333333,0.7,0.85,0.6666666666666666,A03,예술의전당,문화생활시설,0.5262898491055483,0.706390239664192
ede5898c7b76ed7fbd8ec451ec4dbf83,0.0,0.8333333333333334,0.7666666666666667,0.0,0.0,A02,서울대공원,레저/스포츠,0.39303869499172306,-0.40135316161818857
8cce89feb1f76fc7cb1078812e964a94,0.0,0.0,0.4833333333333333,0.9,0.7833333333333333,A03,낙산사,종교,0.38539275001880413,0.8659320192419776
b9dc3865498d79141065bc74ea791de7,0.6333333333333333,0.8,0.4,0.0,0.0,A02,CGV아이파크몰용산점,문화생활시설,0.4100725403310199,-0.6444446294189979
0d584d8e5e5d47817494c2f73ef30908,0.8,0.7333333333333333,0.3166666666666666,0.0,0.0,A02,월미도,관광명소,0.3903832388097249,-0.688188343162752
511bb5c2dc7ee740a2df2fa25c4cd231,0.3333333333333333,0.4333333333333333,0.6,0.5666666666666667,0.1,A02,전주한옥마을,관광명소,0.4984223542849693,-0.060416988262919726
817c4a3902258090a27aca081b01743f,0.5166666666666667,0.5333333333333333,0.6,0.4166666666666667,0.0,A02,속초해변,관광명소,0.5277330372358402,-0.312782600025355
c42f4fdc51ef1e5b896e680979ec3ecc,0.7333333333333333,0.3166666666666666,0.0,0.5333333333333333,0.55,A03,오이도빨강등대,관광명소,0.34081448879945797,0.1281589377984011
b9231d0c3387a56154e033c670363024,0.5666666666666667,0.0,0.3166666666666666,0.6166666666666667,0.35,A03,대천해수욕장,관광명소,0.2749856582498066,0.20162070109317803
6a4932d3f2787d25a04b758ba68e9db2,0.0,0.7666666666666667,0.7,0.0,0.0,A02,어린이대공원,레저/스포츠,0.3205694495724356,-0.37492843474621634
72c38469b443dcd14b3a2c8a954e11de,0.0,0.0,0.05,0.85,0.9666666666666668,A03,통도사,종교,0.1662218185876505,0.9852230249250734
97c0a1427be208a8ca50e879baa895c4,0.0,0.65,0.2166666666666666,0.0,0.1,A01,올림픽공원,관광명소,0.015961547876231552,-0.24591358907462413
3c42855b11fcc918539180683df819a3,0.0,0.3166666666666666,0.6,0.0,0.0,A01,한국민속촌,관광명소,0.022340419167063363,-0.2099603620123947
84642c0e4bdc2f34c4ba1fca7c0937ae,0.0,0.5333333333333333,0.8166666666666667,0.0,0.0,A02,서울랜드,레저/스포츠,0.25786546677974753,-0.29584072434630465
9aaf6c471f653b9f7f48f1bf52c02fad,0.0,0.0,0.7,0.0833333333333333,0.0,A01,국립경주박물관,문화생활시설,-0.055328195833584615,-0.06154116236890643
664bcb8aaae12fcedf6b388e569532d8,0.0,0.4,0.1333333333333333,0.0,0.0,A01,벡스코제1전시장,문화생활시설,-0.1871190437621127,-0.2219359605778024
8ae23fba3b339ba52d411e548e8dcbbe,0.0,0.1333333333333333,0.05,0.2,0.0,A01,송도컨벤시아,문화생활시설,-0.2827741814021826,-0.030008915098045555
c63b5b337225ae746ba52eb7f398aac1,0.8333333333333334,0.2166666666666666,0.0,0.0,0.0,A01,광안리해수욕장,관광명소,-0.04977132015621227,-0.5052144823402214
d68c2c6af7cf6cb1092154f35a52c1c7,0.0,0.0,0.1333333333333333,0.4833333333333333,0.0,A01,해동용궁사,종교,-0.17605351089227284,0.14664533668680574
5deaf67168dab528b8659e4ccbacc3b2,0.0,0.3166666666666666,0.0,0.0,0.6666666666666666,A01,인천대공원,관광명소,-0.15668946082007718,0.27124040241154207
8d94308013411d55408018a58c07cbb3,0.0,0.1333333333333333,0.0,0.0833333333333333,0.4166666666666667,A01,화담숲,관광명소,-0.27232172973971036,0.203905953339241
eae638a0117eda42a27a586f77cc0cd3,0.8666666666666667,0.7,0.0,0.0,0.0,A02,반포한강공원,관광명소,0.22432835344489832,-0.6924518969910062
b2e840beb2fcb66bb33d988c822656ad,0.7666666666666667,0.05,0.0,0.0,0.0,A01,뚝섬한강공원,관광명소,-0.1647702964408539,-0.4172104700120533
bf44234f9b63729e0fe62962a5188523,0.6333333333333333,0.0,0.0,0.0,0.0,A01,송정해수욕장,관광명소,-0.24134311764349448,-0.3426608597004635
72dfb0b0526f0b49c2b9190b49887e87,0.6333333333333333,0.3166666666666666,0.0,0.0,0.0,A01,광교호수공원,관광명소,-0.06986797082195262,-0.45605555808576825
1597d21403f63da1bb0539592597a525,0.4666666666666667,0.0,0.0,0.3,0.0,A01,경포해변,관광명소,-0.16190560896488226,-0.13198451738694286
48b5bea0295c5fe3512af1398026226d,0.4166666666666667,0.0,0.0,0.0,0.0,A01,경주월드,레저/스포츠,-0.32177703942646874,-0.25061243529299126
5e600bdb00a78e59c75e74d05dd3caa0,0.4166666666666667,0.0,0.0,0.0,0.0,A01,영일대해수욕장,관광명소,-0.32177703942646874,-0.25061243529299126
c081c885d5b5476d1207c3872ae6985c,0.3333333333333333,0.0,0.0,0.0,0.0,A01,화성행궁,관광명소,-0.35271316318915114,-0.21520919513627113
241a42aa4e1d329ae60189e9679e2866,0.3333333333333333,0.0,0.0,0.0,0.0,A01,안목해변,관광명소,-0.35271316318915114,-0.21520919513627113
26128ba4320cb4a31dbb4a693a9f4f34,0.2166666666666666,0.0,0.0,0.0,0.0,A01,수성못,관광명소,-0.3960237364569065,-0.16564465891686295
70b3b798148b1dfbcd408b556514cc23,0.2166666666666666,0.0,0.0,0.0,0.0,A01,삽교호관광지,관광명소,-0.3960237364569065,-0.16564465891686295
0d39edb44207993a9bb92de2bfb03365,0.2166666666666666,0.2166666666666666,0.0,0.0,0.1,A01,일산호수공원,관광명소,-0.2564546784103229,-0.17449580488455685
8f19cf8b3a92c6b0f45f06a9536c7b6c,0.2166666666666666,0.0,0.0,0.0,0.0,A01,동탄호수공원,관광명소,-0.3960237364569065,-0.16564465891686295
9d58042af96868b01de11722f6a2975f,0.0833333333333333,0.0,0.0,0.0,0.0,A01,망원한강공원,관광명소,-0.44552153447719833,-0.10899947466611079
88222e7e5f8172698373086e65c1fad1,0.0833333333333333,0.0,0.0,0.2,0.0,A01,해운대해수욕장,관광명소,-0.35131503034121364,-0.015752899999390467
9dac72fa7ebfaa2eca0d9f9e4e8ddcff,0.0833333333333333,0.0,0.0,0.0,0.0,A01,팔각정북악스카이,관광명소,-0.44552153447719833,-0.10899947466611079
ac50c8b01e74f605a64ac86543f58c2a,0.0,0.5333333333333333,0.0,0.0,0.0,A01,헌릉과 인릉,관광명소,-0.18765741096149435,-0.264576779158325
292387c8ba7110adca0f8ccf867ecaa3,0.0,0.05,0.0,0.0,0.0,A01,수원컨벤션센터,문화생활시설,-0.449382635057532,-0.09150066057022829
1332e6356160a74e4937405aae31a198,0.0,0.0,0.4833333333333333,0.0,0.0,A01,국립과천과학관,문화생활시설,-0.21278085304608452,-0.0920993857430929
6f86adae03cf1c59fd5964461f603f73,0.0,0.0,0.3166666666666666,0.0,0.0,A01,비발디파크 오션월드,레저/스포츠,-0.3037038893198074,-0.08571898876595421
c9be92f2483770779b3c963fe8946c29,0.0,0.0,0.3166666666666666,0.0,0.0,A01,레고랜드코리아리조트,레저/스포츠,-0.3037038893198074,-0.08571898876595421
01dffbc242ba6dd5672bde92ac2b93b4,0.0,0.0,0.2166666666666666,0.0,0.0,A01,휘닉스 파크,레저/스포츠,-0.3582577110840411,-0.08189075057967099
6d162daa5d414b4c04f4dfd53017c652,0.0,0.0,0.0,0.7166666666666667,0.7333333333333333,A03,강원랜드카지노,레저/스포츠,0.024238003905485583,0.7645917935498849
fd1c176dd1547450fde2d49fdd201d97,0.0,0.0,0.0,0.6666666666666666,0.1,A01,레이크사이드CC,레저/스포츠,-0.14019202019685922,0.3059603813422793
48316cd2819d17d5a464e3eb5fdc5b88,0.0,0.0,0.0,0.4833333333333333,0.0,A01,베르힐컨트리클럽영종,레저/스포츠,-0.2487919399112511,0.15174965426851672
2f22e7b6f8130dd4b52b664af487c401,0.0,0.0,0.0,0.3666666666666666,0.9,A03,궁평항,교통시설,-0.10355011568292227,0.7159681217096838
6a5c7672f1af7dc1878bc66abadf4726,0.0,0.0,0.0,0.3,0.0,A01,비에이비스타CC,레저/스포츠,-0.3351479020359037,0.06627362749068978
04bdb27729c4b7841aabe7665b964ad2,0.0,0.0,0.0,0.3,0.0,A01,클럽72CC바다코스,레저/스포츠,-0.3351479020359037,0.06627362749068978
975055552ce7abb4c1a82d967434850e,0.0,0.0,0.0,0.2,0.35,A01,보문사,종교,-0.3043973025398087,0.2602217911931043
da534dc2b8e676a0e00a4e2be6d28f86,0.0,0.0,0.0,0.0833333333333333,0.2,A01,리베라CC,레저/스포츠,-0.39271703300374194,0.10272590552694734
e1a30f9e7254555ab8502aece514d7f5,0.0,0.0,0.0,0.0833333333333333,0.0,A01,서원힐스CC,레저/스포츠,-0.4372049481832205,-0.03474349506492391
db7c316c379c8e5a2eadef8648aeaa9f,0.0,0.0,0.0,0.0,0.85,A01,대명포구,관광명소,-0.2873840187270971,0.5106487180060622
f7a7a4fbfde355e7e635e8bbb1e07b53,0.0,0.0,0.0,0.0,0.7833333333333333,A01,소래포구,관광명소,-0.3022133237869233,0.4648255844754384
3abbc4295f8f464f3e4527cbd7254c53,0.0,0.0,0.0,0.0,0.55,A01,주문진항,교통시설,-0.35411589149631484,0.30444461711825527
98208837d388bedf7689ff65b59cff90,0.0,0.0,0.0,0.0,0.4833333333333333,A01,연안부두,교통시설,-0.36894519655614105,0.2586214835876315
864b1d08573642d8a9cf9c5b22556a17,0.0,0.0,0.0,0.0,0.4833333333333333,A01,남한산성,관광명소,-0.36894519655614105,0.2586214835876315
fde3c07733ea24446563afd36ed34d7c,0.0,0.0,0.0,0.0,0.4166666666666667,A01,산정호수,관광명소,-0.38377450161596716,0.21279835005700776
776e7e89353e146a00645ecb2456c971,0.0,0.0,0.0,0.0,0.2666666666666666,A01,월정사,종교,-0.4171404380005761,0.10969629961310427
d7e4f4a3f8e8e1fcb0e2a317ba7973f3,0.0,0.0,0.0,0.0,0.2666666666666666,A01,물왕호수,관광명소,-0.4171404380005761,0.10969629961310427
61d37e87ec160394e32a41dd674a3b91,0.0,0.0,0.0,0.0,0.1,A01,국립수목원,관광명소,-0.4542137006501415,-0.00486153421345506
