age,index,region,name,score_before,age_bonus,score_after
20,10,대구,테마-전통5일장-현풍백년도깨비시장,2.0,0.0,2.0
20,7,제주,순환형코스,1.9500000000000002,0.0,1.9500000000000002
20,122,시흥,테마형 수시코스,1.85,0.0,1.85
20,14,대구,테마-방방곡곡(팔공산),1.8,0.0,1.8
20,112,정선,와와정선 2층 투어버스,1.2000000000000002,0.0,1.2000000000000002
20,156,세종,역사산책투어,1.17,0.0,1.17
20,15,대구,도심순환코스(12개 정류장),1.0,0.0,1.0
20,129,인천,노을야경투어,1.0,0.0,1.0
20,131,인천,교동도투어,1.0,0.0,1.0
20,135,인천,바다노선,1.0,0.0,1.0
20,183,포항,퐝랜드마크B코스,1.0,0.0,1.0
20,130,인천,석모도투어,0.95,0.0,0.95
20,184,포항,퐝랜드마크A코스,0.95,0.0,0.95
20,185,포항,씨(SEA)하게 보는 포항코스,0.95,0.0,0.95
20,159,세종,봄꽃파닭B투어,0.9366666666666666,0.0,0.9366666666666666
20,160,세종,봄꽃파닭A투어,0.9366666666666666,0.0,0.9366666666666666
20,120,파주,2026 파주시티투어 당일코스(수요일),0.8866666666666667,0.0,0.8866666666666667
20,181,김해,김해에반해,0.8771428571428572,0.0,0.8771428571428572
20,179,김해,역사에반해,0.8533333333333334,0.0,0.8533333333333334
20,133,인천,청라투어,0.85,0.0,0.85
20,267,공주,반일코스,0.8300000000000001,0.0,0.8300000000000001
20,11,대구,테마-방방곡곡(사시사철),0.8,0.0,0.8
20,12,대구,테마-방방곡곡(군위군 돋보기),0.8,0.0,0.8
20,13,대구,테마-방방곡곡(낙동강),0.8,0.0,0.8
20,229,대전,대청호코스,0.8,0.0,0.8
20,180,김해,자연에반해,0.77,0.0,0.77
20,74,천안,화요일,0.7325,0.0,0.7325
20,262,공주,봄·여름·가을 코스,0.7033333333333334,0.0,0.7033333333333334
20,138,군산,(박물관 출발) 고군산코스,0.6866666666666666,0.0,0.6866666666666666
20,173,춘천,수요일,0.6866666666666666,0.0,0.6866666666666666
20,166,태안,광역코스,0.67,0.0,0.67
20,178,김해,문화에반해,0.6599999999999999,0.0,0.6599999999999999
20,235,홍천,홍천시티투어,0.6533333333333333,0.0,0.6533333333333333
20,188,서천,푸른빛코스,0.645,0.0,0.645
20,227,대전,"광역투어(첫주, 일)",0.6387499999999999,0.0,0.6387499999999999
20,46,합천,합천광역시티투어 누비고,0.6366666666666667,0.0,0.6366666666666667
20,42,화성,역사와 하루1,0.63,0.0,0.63
20,61,익산,세계유산코스,0.62,0.0,0.62
20,116,파주,2026 파주시티투어 당일코스(일요일),0.62,0.0,0.62
20,119,파주,2026 파주시티투어 당일코스(목요일),0.62,0.0,0.62
20,223,대전,"광역투어(셋째주, 일)",0.5985714285714285,0.0,0.5985714285714285
20,263,공주,가을코스2,0.5755555555555556,0.0,0.5755555555555556
20,236,화천,화천시티투어(백암산케이블카),0.5700000000000001,0.0,0.5700000000000001
20,254,경산,"소원성취코스,삼성현명품투어코스",0.5628571428571428,0.0,0.5628571428571428
20,126,대구,도동코스,0.5575,0.0,0.5575
20,177,경기광주,광주시티투어,0.5557142857142857,0.0,0.5557142857142857
20,127,대구,송해코스,0.54,0.0,0.54
20,241,순천,(테마투어)생태투어,0.54,0.0,0.54
20,81,연천,역사자연코스,0.5342857142857143,0.0,0.5342857142857143
20,265,공주,여름코스,0.53,0.0,0.53
20,96,양산,양산시 가을 시티투어 (역사문화코스),0.5116666666666666,0.0,0.5116666666666666
20,162,세종,세종관광명소B투어,0.5075000000000001,0.0,0.5075000000000001
20,47,밀양,삼랑진권 투어,0.495,0.0,0.495
20,144,안산,안산 시내권코스(토요일),0.495,0.0,0.495
20,258,양주,왕실축제,0.495,0.0,0.495
20,108,부여,부여테마여행,0.4936842105263158,0.0,0.4936842105263158
20,249,대전,"광역투어(다섯째주, 토)",0.48875,0.0,0.48875
20,222,아산,아산도심핫플코스,0.4866666666666667,0.0,0.4866666666666667
20,175,춘천,월요일,0.48250000000000004,0.0,0.48250000000000004
20,195,완주,완주힐링로드시티투어 2코스,0.4755555555555555,0.0,0.4755555555555555
20,72,천안,토요일,0.47000000000000003,0.0,0.47000000000000003
20,73,천안,목요일,0.47000000000000003,0.0,0.47000000000000003
20,161,세종,천안연계투어,0.47000000000000003,0.0,0.47000000000000003
20,86,평택,"문화유산코스 /관광코스 ※무장애코스 월2회 정기운영(3~6월,9~11월)",0.4642307692307692,0.0,0.4642307692307692
20,186,서천,동백코스(익산-군산 광역),0.45333333333333337,0.0,0.45333333333333337
20,225,대전,"광역투어(둘째주, 일)",0.45333333333333337,0.0,0.45333333333333337
20,64,홍성,"전통시장코스(홍성) 1,6일 운영",0.45000000000000007,0.0,0.45000000000000007
20,237,화천,화천시티투어(평화누리호),0.45000000000000007,0.0,0.45000000000000007
20,252,안성,안성시티투어,0.45000000000000007,0.0,0.45000000000000007
20,203,양주,박물관투어,0.44857142857142857,0.0,0.44857142857142857
20,167,태안,남부코스,0.445,0.0,0.445
20,264,공주,가을코스,0.43500000000000005,0.0,0.43500000000000005
20,43,화성,자연과 하루,0.4325,0.0,0.4325
20,157,세종,행복투어A,0.43000000000000005,0.0,0.43000000000000005
20,240,순천,(테마투어)성곽투어,0.43000000000000005,0.0,0.43000000000000005
20,216,대전,역사문화(효월드),0.42714285714285716,0.0,0.42714285714285716
20,255,울산,장생포 대왕암 코스,0.42714285714285716,0.0,0.42714285714285716
20,30,목포,목포랑시티투어,0.4241666666666667,0.0,0.4241666666666667
20,163,세종,세종관광명소A투어,0.42000000000000004,0.0,0.42000000000000004
20,214,대전,힐링(만인산),0.42000000000000004,0.0,0.42000000000000004
20,238,순천,(테마투어)산사투어,0.42000000000000004,0.0,0.42000000000000004
20,243,나주,정기코스,0.42000000000000004,0.0,0.42000000000000004
20,253,대전,언택트세이프?,0.42000000000000004,0.0,0.42000000000000004
20,9,대구,테마-전통5일장-군위전통시장,0.42,0.0,0.42
20,145,안산,안산 시내권코스(목요일),0.42,0.0,0.42
20,190,영광,"영광쉼,투어",0.42,0.0,0.42
20,224,대전,"광역투어(셋째주, 토)",0.41285714285714287,0.0,0.41285714285714287
20,189,서천,보랏빛코스,0.4057142857142857,0.0,0.4057142857142857
20,197,평창,북부권 코스,0.40125,0.0,0.40125
20,17,해남,해남시티투어,0.4,0.0,0.4
20,40,화성,모두와 하루(무장애 여행),0.4,0.0,0.4
20,58,익산,순환형2,0.395,0.0,0.395
20,59,익산,순환형1,0.395,0.0,0.395
20,204,양주,역사투어,0.395,0.0,0.395
20,187,서천,금빛코스,0.39142857142857146,0.0,0.39142857142857146
20,123,시흥,테마형 정기코스,0.39,0.0,0.39
20,124,시흥,순환형 2층버스,0.39,0.0,0.39
20,48,밀양,영남알프스권 투어 1,0.38250000000000006,0.0,0.38250000000000006
20,155,세종,정원투어,0.38,0.0,0.38
20,217,대전,대덕특구탐방,0.38,0.0,0.38
20,221,아산,休캉스 코스,0.38,0.0,0.38
20,245,아산,역사기행 코스,0.38,0.0,0.38
20,193,완주,완주힐링로드 시티투어(코레일연계 익산역),0.37909090909090915,0.0,0.37909090909090915
20,51,사천,오감체험투어,0.3783333333333333,0.0,0.3783333333333333
20,107,예산,예산군 버스투어,0.3783333333333333,0.0,0.3783333333333333
20,272,서울,EG투어버스 E코스,0.3783333333333333,0.0,0.3783333333333333
20,266,공주,봄코스,0.37357142857142855,0.0,0.37357142857142855
20,117,파주,2026 파주시티투어 당일코스(토요일),0.37,0.0,0.37
20,257,양주,천일홍축제,0.37,0.0,0.37
20,109,부여,롯데리조트부여와 함께하는 부여 감성야행,0.3616666666666667,0.0,0.3616666666666667
20,67,홍성,역사·문화 코스,0.35333333333333333,0.0,0.35333333333333333
20,97,양산,2025 6월 시티투어,0.35333333333333333,0.0,0.35333333333333333
20,158,세종,역사문화투어,0.35333333333333333,0.0,0.35333333333333333
20,172,춘천,목요일,0.35333333333333333,0.0,0.35333333333333333
20,248,대전,"광역투어(다섯째주, 일)",0.35125000000000006,0.0,0.35125000000000006
20,194,완주,완주힐링로드 시티투어(서울권역),0.3491666666666667,0.0,0.3491666666666667
20,18,광양,광양역사코스,0.34777777777777774,0.0,0.34777777777777774
20,19,광양,광양힐링코스,0.34777777777777774,0.0,0.34777777777777774
20,205,양주,기본코스,0.34777777777777774,0.0,0.34777777777777774
20,65,홍성,"전통시장코스(광천) 4,9일 운영",0.345,0.0,0.345
20,274,서울,EG투어버스 C코스,0.345,0.0,0.345
20,247,대전,언택트세이프(A),0.34,0.0,0.34
20,270,서울,EG투어버스 G코스,0.34,0.0,0.34
20,196,완주,완주힐링로드시티투어 1코스,0.3392307692307693,0.0,0.3392307692307693
20,121,파주,2026 파주시티투어 당일코스(화요일),0.33666666666666667,0.0,0.33666666666666667
20,115,파주,2026 파주시티투어 1박2일코스(토요일~일요일),0.32833333333333337,0.0,0.32833333333333337
20,128,대구,현풍코스,0.3271428571428572,0.0,0.3271428571428572
20,233,서천,광역코스,0.3271428571428571,0.0,0.3271428571428571
20,234,서천,힐링코스,0.3271428571428571,0.0,0.3271428571428571
20,142,제천,시티투어,0.32000000000000006,0.0,0.32000000000000006
20,89,청주,청주시티투어_정기투어_트레킹 투어(토),0.32,0.0,0.32
20,201,양주,자연친화코스1,0.32,0.0,0.32
20,169,춘천,일요일,0.31500000000000006,0.0,0.31500000000000006
20,170,춘천,토요일,0.31500000000000006,0.0,0.31500000000000006
20,104,안동,하회마을테마,0.3109090909090909,0.0,0.3109090909090909
20,102,안동,봉정사&만휴정테마,0.3063636363636364,0.0,0.3063636363636364
20,68,서산,C코스,0.3057142857142857,0.0,0.3057142857142857
20,202,양주,서울우유견학코스,0.3057142857142857,0.0,0.3057142857142857
20,66,홍성,남당항 코스,0.30333333333333334,0.0,0.30333333333333334
20,199,완도,해양치유시티투어,0.30214285714285716,0.0,0.30214285714285716
20,94,여주,시티투어,0.3018181818181818,0.0,0.3018181818181818
20,69,서산,B코스,0.2985714285714286,0.0,0.2985714285714286
20,153,세종,행복투어B,0.2866666666666667,0.0,0.2866666666666667
20,242,순천,(기획투어)나이트가든투어,0.2866666666666667,0.0,0.2866666666666667
20,90,청주,청주시티투어_정기투어_힐링로드 투어(토),0.28428571428571425,0.0,0.28428571428571425
20,256,울산,태화강 국가정원 코스,0.2838888888888889,0.0,0.2838888888888889
20,174,춘천,화요일,0.28250000000000003,0.0,0.28250000000000003
20,143,동해,관광문화코스,0.2783333333333333,0.0,0.2783333333333333
20,139,군산,(익산역 출발) 고군산시간여행코스,0.27,0.0,0.27
20,176,창원,창원시티투어,0.26999999999999996,0.0,0.26999999999999996
20,53,사천,바다투어,0.26285714285714284,0.0,0.26285714285714284
20,137,임실,명소탐방 임실 시티투어,0.26,0.0,0.26
20,192,삼척,종일코스,0.26,0.0,0.26
20,277,서울,EG투어버스 J코스,0.25,0.0,0.25
20,279,서울,EG투어버스 H코스,0.25,0.0,0.25
20,22,여수,2층야간코스,0.24857142857142853,0.0,0.24857142857142853
20,250,대전,"광역투어(넷재주, 일)",0.24857142857142853,0.0,0.24857142857142853
20,3,부산,오렌지라인,0.24692307692307694,0.0,0.24692307692307694
20,34,화성,테마와 하루(농어촌 체험),0.245,0.0,0.245
20,35,화성,소소한 하루,0.245,0.0,0.245
20,25,여수,이순신문화유적코스,0.2422222222222222,0.0,0.2422222222222222
20,56,영주,선비 코스,0.23500000000000001,0.0,0.23500000000000001
20,103,안동,도산서원&예끼마을테마,0.23500000000000001,0.0,0.23500000000000001
20,212,대전,야경,0.23249999999999998,0.0,0.23249999999999998
20,5,부산,레드라인,0.23153846153846155,0.0004094292803970223,0.23194789081885858
20,50,사천,우주항공산업투어,0.23111111111111107,0.0,0.23111111111111107
20,38,화성,바다와 하루,0.23,0.0,0.23
20,239,순천,(테마투어)세계유산투어,0.23,0.0,0.23
20,268,서울,EG투어버스 B코스,0.23,0.0,0.23
20,52,사천,이순신승전길투어,0.22624999999999998,0.0,0.22624999999999998
20,78,원주,원주시티투어(순환형),0.22333333333333333,0.0,0.22333333333333333
20,154,세종,야경투어,0.22,0.0,0.22
20,168,태안,북부코스,0.22,0.0,0.22
20,244,아산,예술맛집 코스,0.22,0.0,0.22
20,106,안동,주간도심테마,0.21999999999999997,0.0,0.21999999999999997
20,232,서천,전라권코스,0.21166666666666664,0.0,0.21166666666666664
20,98,양산,봄꽃체험코스,0.21,0.0,0.21
20,230,대전,남부코스,0.21,0.0,0.21
20,39,화성,열차와 하루,0.2033333333333333,0.0,0.2033333333333333
20,8,대구,테마(야경 4~10월),0.2,0.00033870967741935485,0.20033870967741937
20,54,사천,별빛투어,0.19727272727272727,0.0,0.19727272727272727
20,99,봉화,송이축제 문화유적탐방버스,0.19,0.0,0.19
20,100,봉화,은어축제 문화유적탐방버스,0.19,0.0,0.19
20,213,대전,힐링(장태산),0.19,0.0,0.19
20,269,서울,EG투어버스 A코스,0.19,0.0,0.19
20,208,양구,방산나들이코스,0.18666666666666665,0.0,0.18666666666666665
20,226,대전,"광역투어(둘째주, 토)",0.18666666666666665,0.0,0.18666666666666665
20,62,익산,익산숨은보석찾기코스,0.18428571428571425,0.0,0.18428571428571425
20,218,대전,생태교육,0.18,0.0,0.18
20,278,서울,EG투어버스 I코스,0.18,0.0,0.18
20,79,연천,연천명소코스,0.17833333333333332,0.0,0.17833333333333332
20,95,양산,양산시 가을 시티투어 (자연관광코스),0.17833333333333332,0.0,0.17833333333333332
20,113,가평,가평순환버스B코스,0.17833333333333332,0.0,0.17833333333333332
20,207,양구,힐링산책코스,0.17833333333333332,0.0,0.17833333333333332
20,70,서산,A코스,0.16999999999999998,0.0,0.16999999999999998
20,77,태백,황지자유시장 코스,0.16374999999999998,0.0,0.16374999999999998
20,210,곡성,읍권 순환버스,0.16374999999999998,0.0,0.16374999999999998
20,0,부산,동부산테마노선,0.16285714285714284,0.0005299539170506912,0.16338709677419352
20,260,서천,문화코스,0.1633333333333333,0.0,0.1633333333333333
20,26,여수,다크투어리즘코스,0.16285714285714284,0.0,0.16285714285714284
20,140,군산,고군산시간여행코스,0.16285714285714284,0.0,0.16285714285714284
20,63,홍성,죽도코스,0.16166666666666665,0.0,0.16166666666666665
20,80,연천,안보자연코스,0.16166666666666665,0.0,0.16166666666666665
20,206,양구,해안DMZ트래킹 코스,0.16166666666666665,0.0,0.16166666666666665
20,220,아산,인생네컷 코스,0.16166666666666665,0.0,0.16166666666666665
20,147,안산,대부도 해변코스(일반형 2코스),0.15333333333333332,0.0,0.15333333333333332
20,148,안산,대부도 해변코스(일반형 1코스),0.15333333333333332,0.0,0.15333333333333332
20,215,대전,역사문화(동춘당),0.15333333333333332,0.0,0.15333333333333332
20,87,의정부,의정부포레스트:오감이 깨어나는 숲 속 여행,0.15,0.0,0.15
20,110,정선,아리랑열차 연계형 시티투어2,0.15,0.0,0.15
20,111,정선,아리랑열차 연계형 시티투어 1,0.15,0.0,0.15
20,136,인천,인천레트로노선,0.15,0.0,0.15
20,182,포항,퐝순환코스,0.15,0.0,0.15
20,76,태백,통리장 코스,0.145,0.0,0.145
20,91,청주,청주시티투어_정기투어_초정힐링 투어(토),0.145,0.0,0.145
20,251,대전,"광역투어(넷재주, 토)",0.145,0.0,0.145
20,27,여수,제2코스,0.14307692307692307,0.0,0.14307692307692307
20,1,부산,서부산생태투어,0.13874999999999998,0.0,0.13874999999999998
20,20,광양,야경코스,0.13874999999999998,0.0,0.13874999999999998
20,24,여수,야경코스,0.13428571428571426,0.0,0.13428571428571426
20,105,안동,야간도심테마,0.13428571428571426,0.0,0.13428571428571426
20,92,청주,청주시티투어_정기투어_청남대 투어(수토일),0.1311111111111111,0.0,0.1311111111111111
20,171,춘천,금요일,0.12625,0.0,0.12625
20,191,평창,남부권 코스,0.12625,0.0,0.12625
20,151,안산,대부도 뱃길코스(일반형 2코스),0.12555555555555556,0.0,0.12555555555555556
20,49,밀양,시내권 투어 1,0.12000000000000001,0.0,0.12000000000000001
20,228,대전,"광역투어(첫주, 토)",0.12000000000000001,0.0,0.12000000000000001
20,57,영주,물돌이 코스,0.115,0.0,0.115
20,114,가평,가평순환버스A코스,0.11444444444444445,0.0,0.11444444444444445
20,152,안산,대부도 뱃길코스(일반형 1코스),0.10888888888888888,0.0,0.10888888888888888
20,23,여수,2층주간코스,0.10500000000000001,0.0,0.10500000000000001
20,21,여수,야간테마코스(시간을달리는버스커),0.09272727272727273,0.0,0.09272727272727273
20,4,부산,그린라인,0.08923076923076924,0.0,0.08923076923076924
20,71,천안,일요일,0.0825,0.0,0.0825
20,200,진도,진도시티투어,0.06642857142857143,0.0,0.06642857142857143
20,41,화성,역사와 하루2,0.06,0.0,0.06
20,101,청도,시티투어,0.06,0.0,0.06
20,32,화성,테마와 하루(문화예술 체험),0.05333333333333333,0.0,0.05333333333333333
20,275,서울,EG투어버스 L코스,0.05333333333333333,0.0,0.05333333333333333
20,33,화성,테마와 하루(목장 체험),0.05,0.0,0.05
20,146,안산,대부도 해변코스(체험형 1코스),0.05,0.0,0.05
20,28,여수,제1코스,0.04857142857142857,0.0,0.04857142857142857
20,85,이천,농촌체험코스(남부),0.045,0.0,0.045
20,149,안산,대부도 뱃길코스(체험형 2코스),0.045,0.0,0.045
20,150,안산,대부도 뱃길코스(체험형 1코스),0.045,0.0,0.045
20,6,제주,야간코스(7월말~8월말 운영),0.041428571428571426,0.0,0.041428571428571426
20,84,이천,농촌체험코스(중부),0.04000000000000001,0.0,0.04000000000000001
20,209,곡성,압록권역 순환버스,0.04000000000000001,0.0,0.04000000000000001
20,276,서울,EG투어버스 K 코스,0.04000000000000001,0.0,0.04000000000000001
20,45,화성,테마와 하루(지역축제 체험),0.03666666666666667,0.0,0.03666666666666667
20,83,이천,농촌체험코스(북부),0.03666666666666667,0.0,0.03666666666666667
20,82,이천,승마체험코스,0.0325,0.0,0.0325
20,31,화성,테마와 하루(해양생태 체험),0.030000000000000002,0.0,0.030000000000000002
20,246,대전,언택트세이프(B),0.030000000000000002,0.0,0.030000000000000002
20,271,서울,EG투어버스 F코스,0.030000000000000002,0.0,0.030000000000000002
20,93,여주,꽃섬투어,0.025555555555555557,0.0,0.025555555555555557
20,2,부산,야경투어,0.02,0.0009274193548387096,0.02092741935483871
20,29,목포,별빛물결시티투어,0.02,0.0,0.02
20,75,충주,충주시티투어,0.02,0.0,0.02
20,118,파주,2026 파주시티투어 당일코스(금요일),0.02,0.0,0.02
20,164,화순,화순적벽 버스투어(적벽 셔틀버스),0.02,0.0,0.02
20,165,화순,화순적벽 버스투어(적벽투어),0.02,0.0,0.02
20,211,대전,가족여행,0.02,0.0,0.02
20,219,대전,다크투어,0.02,0.0,0.02
20,273,서울,EG투어버스 D코스,0.02,0.0,0.02
20,16,대구,테마(야경 11~3월),0.0,0.00033870967741935485,0.00033870967741935485
20,36,화성,별과 하루,0.0,0.0,0.0
20,37,화성,노을과 하루,0.0,0.0,0.0
20,44,화성,섬과 하루,0.0,0.0,0.0
20,55,영주,특별운영,0.0,0.0,0.0
20,60,익산,맞춤형코스,0.0,0.0,0.0
20,88,청주,청주시티투어_수시투어,0.0,0.0,0.0
20,125,부천,정규코스. 특별코스,0.0,0.0,0.0
20,132,인천,선재영흥투어,0.0,0.0,0.0
20,134,인천,무의도투어,0.0,0.0,0.0
20,141,제천,제천관광택시,0.0,0.0,0.0
20,198,공주,축제코스,0.0,0.0,0.0
20,231,태안,북부코스남부코스,0.0,0.0,0.0
20,259,단양,단양군시티투어,0.0,0.0,0.0
20,261,부여,백제문화단지-부소산성-궁남지-정림사지-백제문화단지,0.0,0.0,0.0
30,10,대구,테마-전통5일장-현풍백년도깨비시장,2.0,0.0,2.0
30,7,제주,순환형코스,1.9500000000000002,0.0,1.9500000000000002
30,122,시흥,테마형 수시코스,1.85,0.0,1.85
30,14,대구,테마-방방곡곡(팔공산),1.8,0.0,1.8
30,112,정선,와와정선 2층 투어버스,1.2000000000000002,0.0,1.2000000000000002
30,156,세종,역사산책투어,1.17,0.0,1.17
30,15,대구,도심순환코스(12개 정류장),1.0,0.0,1.0
30,129,인천,노을야경투어,1.0,0.0,1.0
30,131,인천,교동도투어,1.0,0.0,1.0
30,135,인천,바다노선,1.0,0.0,1.0
30,183,포항,퐝랜드마크B코스,1.0,0.0,1.0
30,130,인천,석모도투어,0.95,0.0,0.95
30,184,포항,퐝랜드마크A코스,0.95,0.0,0.95
30,185,포항,씨(SEA)하게 보는 포항코스,0.95,0.0,0.95
30,159,세종,봄꽃파닭B투어,0.9366666666666666,0.0,0.9366666666666666
30,160,세종,봄꽃파닭A투어,0.9366666666666666,0.0,0.9366666666666666
30,120,파주,2026 파주시티투어 당일코스(수요일),0.8866666666666667,0.0,0.8866666666666667
30,181,김해,김해에반해,0.8771428571428572,0.0,0.8771428571428572
30,179,김해,역사에반해,0.8533333333333334,0.0,0.8533333333333334
30,133,인천,청라투어,0.85,0.0,0.85
30,267,공주,반일코스,0.8300000000000001,0.0,0.8300000000000001
30,11,대구,테마-방방곡곡(사시사철),0.8,0.0,0.8
30,12,대구,테마-방방곡곡(군위군 돋보기),0.8,0.0,0.8
30,13,대구,테마-방방곡곡(낙동강),0.8,0.0,0.8
30,229,대전,대청호코스,0.8,0.0,0.8
30,180,김해,자연에반해,0.77,0.0,0.77
30,74,천안,화요일,0.7325,0.0,0.7325
30,262,공주,봄·여름·가을 코스,0.7033333333333334,0.0,0.7033333333333334
30,138,군산,(박물관 출발) 고군산코스,0.6866666666666666,0.0,0.6866666666666666
30,173,춘천,수요일,0.6866666666666666,0.0,0.6866666666666666
30,166,태안,광역코스,0.67,0.0,0.67
30,178,김해,문화에반해,0.6599999999999999,0.0,0.6599999999999999
30,235,홍천,홍천시티투어,0.6533333333333333,0.0,0.6533333333333333
30,188,서천,푸른빛코스,0.645,0.0,0.645
30,227,대전,"광역투어(첫주, 일)",0.6387499999999999,0.0,0.6387499999999999
30,46,합천,합천광역시티투어 누비고,0.6366666666666667,0.0,0.6366666666666667
30,42,화성,역사와 하루1,0.63,0.0,0.63
30,61,익산,세계유산코스,0.62,0.0,0.62
30,116,파주,2026 파주시티투어 당일코스(일요일),0.62,0.0,0.62
30,119,파주,2026 파주시티투어 당일코스(목요일),0.62,0.0,0.62
30,223,대전,"광역투어(셋째주, 일)",0.5985714285714285,0.0,0.5985714285714285
30,263,공주,가을코스2,0.5755555555555556,0.0,0.5755555555555556
30,236,화천,화천시티투어(백암산케이블카),0.5700000000000001,0.0,0.5700000000000001
30,254,경산,"소원성취코스,삼성현명품투어코스",0.5628571428571428,0.0,0.5628571428571428
30,126,대구,도동코스,0.5575,0.0,0.5575
30,177,경기광주,광주시티투어,0.5557142857142857,0.00022448979591836734,0.5559387755102041
30,127,대구,송해코스,0.54,0.0,0.54
30,241,순천,(테마투어)생태투어,0.54,0.0,0.54
30,81,연천,역사자연코스,0.5342857142857143,0.0,0.5342857142857143
30,265,공주,여름코스,0.53,0.0,0.53
30,96,양산,양산시 가을 시티투어 (역사문화코스),0.5116666666666666,0.0,0.5116666666666666
30,162,세종,세종관광명소B투어,0.5075000000000001,0.0,0.5075000000000001
30,47,밀양,삼랑진권 투어,0.495,0.0,0.495
30,144,안산,안산 시내권코스(토요일),0.495,0.0,0.495
30,258,양주,왕실축제,0.495,0.0,0.495
30,108,부여,부여테마여행,0.4936842105263158,0.0,0.4936842105263158
30,249,대전,"광역투어(다섯째주, 토)",0.48875,0.0,0.48875
30,222,아산,아산도심핫플코스,0.4866666666666667,0.0,0.4866666666666667
30,175,춘천,월요일,0.48250000000000004,0.0,0.48250000000000004
30,195,완주,완주힐링로드시티투어 2코스,0.4755555555555555,0.0,0.4755555555555555
30,72,천안,토요일,0.47000000000000003,0.0,0.47000000000000003
30,73,천안,목요일,0.47000000000000003,0.0,0.47000000000000003
30,161,세종,천안연계투어,0.47000000000000003,0.0,0.47000000000000003
30,86,평택,"문화유산코스 /관광코스 ※무장애코스 월2회 정기운영(3~6월,9~11월)",0.4642307692307692,0.0,0.4642307692307692
30,186,서천,동백코스(익산-군산 광역),0.45333333333333337,0.0,0.45333333333333337
30,225,대전,"광역투어(둘째주, 일)",0.45333333333333337,0.0,0.45333333333333337
30,64,홍성,"전통시장코스(홍성) 1,6일 운영",0.45000000000000007,0.0,0.45000000000000007
30,237,화천,화천시티투어(평화누리호),0.45000000000000007,0.0,0.45000000000000007
30,252,안성,안성시티투어,0.45000000000000007,0.0,0.45000000000000007
30,203,양주,박물관투어,0.44857142857142857,0.0,0.44857142857142857
30,167,태안,남부코스,0.445,0.0,0.445
30,264,공주,가을코스,0.43500000000000005,0.0,0.43500000000000005
30,43,화성,자연과 하루,0.4325,0.0,0.4325
30,157,세종,행복투어A,0.43000000000000005,0.0,0.43000000000000005
30,240,순천,(테마투어)성곽투어,0.43000000000000005,0.0,0.43000000000000005
30,216,대전,역사문화(효월드),0.42714285714285716,0.0,0.42714285714285716
30,255,울산,장생포 대왕암 코스,0.42714285714285716,0.0,0.42714285714285716
30,30,목포,목포랑시티투어,0.4241666666666667,0.0,0.4241666666666667
30,163,세종,세종관광명소A투어,0.42000000000000004,0.0,0.42000000000000004
30,214,대전,힐링(만인산),0.42000000000000004,0.0,0.42000000000000004
30,238,순천,(테마투어)산사투어,0.42000000000000004,0.0,0.42000000000000004
30,243,나주,정기코스,0.42000000000000004,0.0,0.42000000000000004
30,253,대전,언택트세이프?,0.42000000000000004,0.0,0.42000000000000004
30,9,대구,테마-전통5일장-군위전통시장,0.42,0.0,0.42
30,145,안산,안산 시내권코스(목요일),0.42,0.0,0.42
30,190,영광,"영광쉼,투어",0.42,0.0,0.42
30,224,대전,"광역투어(셋째주, 토)",0.41285714285714287,0.0,0.41285714285714287
30,189,서천,보랏빛코스,0.4057142857142857,0.0,0.4057142857142857
30,197,평창,북부권 코스,0.40125,0.0,0.40125
30,17,해남,해남시티투어,0.4,0.0,0.4
30,40,화성,모두와 하루(무장애 여행),0.4,0.0,0.4
30,58,익산,순환형2,0.395,0.0,0.395
30,59,익산,순환형1,0.395,0.0,0.395
30,204,양주,역사투어,0.395,0.0,0.395
30,187,서천,금빛코스,0.39142857142857146,0.0,0.39142857142857146
30,123,시흥,테마형 정기코스,0.39,0.0,0.39
30,124,시흥,순환형 2층버스,0.39,0.0,0.39
30,48,밀양,영남알프스권 투어 1,0.38250000000000006,0.0,0.38250000000000006
30,155,세종,정원투어,0.38,0.0,0.38
30,217,대전,대덕특구탐방,0.38,0.0,0.38
30,221,아산,休캉스 코스,0.38,0.0,0.38
30,245,아산,역사기행 코스,0.38,0.0,0.38
30,193,완주,완주힐링로드 시티투어(코레일연계 익산역),0.37909090909090915,0.0,0.37909090909090915
30,51,사천,오감체험투어,0.3783333333333333,0.0,0.3783333333333333
30,107,예산,예산군 버스투어,0.3783333333333333,0.0,0.3783333333333333
30,272,서울,EG투어버스 E코스,0.3783333333333333,0.0,0.3783333333333333
30,266,공주,봄코스,0.37357142857142855,0.0,0.37357142857142855
30,117,파주,2026 파주시티투어 당일코스(토요일),0.37,0.0,0.37
30,257,양주,천일홍축제,0.37,0.0,0.37
30,109,부여,롯데리조트부여와 함께하는 부여 감성야행,0.3616666666666667,0.0,0.3616666666666667
30,67,홍성,역사·문화 코스,0.35333333333333333,0.0,0.35333333333333333
30,97,양산,2025 6월 시티투어,0.35333333333333333,0.0,0.35333333333333333
30,158,세종,역사문화투어,0.35333333333333333,0.0,0.35333333333333333
30,172,춘천,목요일,0.35333333333333333,0.0,0.35333333333333333
30,248,대전,"광역투어(다섯째주, 일)",0.35125000000000006,0.0,0.35125000000000006
30,194,완주,완주힐링로드 시티투어(서울권역),0.3491666666666667,0.0,0.3491666666666667
30,18,광양,광양역사코스,0.34777777777777774,0.0,0.34777777777777774
30,19,광양,광양힐링코스,0.34777777777777774,0.0,0.34777777777777774
30,205,양주,기본코스,0.34777777777777774,0.0,0.34777777777777774
30,65,홍성,"전통시장코스(광천) 4,9일 운영",0.345,0.0,0.345
30,274,서울,EG투어버스 C코스,0.345,0.0,0.345
30,247,대전,언택트세이프(A),0.34,0.0,0.34
30,270,서울,EG투어버스 G코스,0.34,0.0,0.34
30,196,완주,완주힐링로드시티투어 1코스,0.3392307692307693,0.0,0.3392307692307693
30,121,파주,2026 파주시티투어 당일코스(화요일),0.33666666666666667,0.0,0.33666666666666667
30,115,파주,2026 파주시티투어 1박2일코스(토요일~일요일),0.32833333333333337,0.0,0.32833333333333337
30,128,대구,현풍코스,0.3271428571428572,0.0,0.3271428571428572
30,233,서천,광역코스,0.3271428571428571,0.0,0.3271428571428571
30,234,서천,힐링코스,0.3271428571428571,0.0,0.3271428571428571
30,142,제천,시티투어,0.32000000000000006,0.0,0.32000000000000006
30,89,청주,청주시티투어_정기투어_트레킹 투어(토),0.32,0.0,0.32
30,201,양주,자연친화코스1,0.32,0.0,0.32
30,169,춘천,일요일,0.31500000000000006,0.0,0.31500000000000006
30,170,춘천,토요일,0.31500000000000006,0.0,0.31500000000000006
30,104,안동,하회마을테마,0.3109090909090909,0.0,0.3109090909090909
30,102,안동,봉정사&만휴정테마,0.3063636363636364,0.0,0.3063636363636364
30,68,서산,C코스,0.3057142857142857,0.0,0.3057142857142857
30,202,양주,서울우유견학코스,0.3057142857142857,0.0,0.3057142857142857
30,66,홍성,남당항 코스,0.30333333333333334,0.0,0.30333333333333334
30,199,완도,해양치유시티투어,0.30214285714285716,0.0,0.30214285714285716
30,94,여주,시티투어,0.3018181818181818,0.0,0.3018181818181818
30,69,서산,B코스,0.2985714285714286,0.0,0.2985714285714286
30,153,세종,행복투어B,0.2866666666666667,0.0,0.2866666666666667
30,242,순천,(기획투어)나이트가든투어,0.2866666666666667,0.0,0.2866666666666667
30,90,청주,청주시티투어_정기투어_힐링로드 투어(토),0.28428571428571425,0.0,0.28428571428571425
30,256,울산,태화강 국가정원 코스,0.2838888888888889,0.0,0.2838888888888889
30,174,춘천,화요일,0.28250000000000003,0.0,0.28250000000000003
30,143,동해,관광문화코스,0.2783333333333333,0.0,0.2783333333333333
30,139,군산,(익산역 출발) 고군산시간여행코스,0.27,0.0,0.27
30,176,창원,창원시티투어,0.26999999999999996,0.0,0.26999999999999996
30,53,사천,바다투어,0.26285714285714284,0.0,0.26285714285714284
30,137,임실,명소탐방 임실 시티투어,0.26,0.0,0.26
30,192,삼척,종일코스,0.26,0.0,0.26
30,277,서울,EG투어버스 J코스,0.25,0.0,0.25
30,279,서울,EG투어버스 H코스,0.25,0.0,0.25
30,22,여수,2층야간코스,0.24857142857142853,0.0,0.24857142857142853
30,250,대전,"광역투어(넷재주, 일)",0.24857142857142853,0.0,0.24857142857142853
30,3,부산,오렌지라인,0.24692307692307694,0.0,0.24692307692307694
30,34,화성,테마와 하루(농어촌 체험),0.245,0.0,0.245
30,35,화성,소소한 하루,0.245,0.0,0.245
30,25,여수,이순신문화유적코스,0.2422222222222222,0.0,0.2422222222222222
30,56,영주,선비 코스,0.23500000000000001,0.0,0.23500000000000001
30,103,안동,도산서원&예끼마을테마,0.23500000000000001,0.0,0.23500000000000001
30,212,대전,야경,0.23249999999999998,0.0,0.23249999999999998
30,5,부산,레드라인,0.23153846153846155,0.00012637362637362635,0.2316648351648352
30,50,사천,우주항공산업투어,0.23111111111111107,0.0,0.23111111111111107
30,38,화성,바다와 하루,0.23,0.0,0.23
30,239,순천,(테마투어)세계유산투어,0.23,0.0,0.23
30,268,서울,EG투어버스 B코스,0.23,0.0,0.23
30,52,사천,이순신승전길투어,0.22624999999999998,0.0,0.22624999999999998
30,78,원주,원주시티투어(순환형),0.22333333333333333,0.0,0.22333333333333333
30,154,세종,야경투어,0.22,0.0,0.22
30,168,태안,북부코스,0.22,0.0,0.22
30,244,아산,예술맛집 코스,0.22,0.0,0.22
30,106,안동,주간도심테마,0.21999999999999997,0.0,0.21999999999999997
30,232,서천,전라권코스,0.21166666666666664,0.0,0.21166666666666664
30,98,양산,봄꽃체험코스,0.21,0.0,0.21
30,230,대전,남부코스,0.21,0.0,0.21
30,39,화성,열차와 하루,0.2033333333333333,0.0,0.2033333333333333
30,8,대구,테마(야경 4~10월),0.2,0.0,0.2
30,54,사천,별빛투어,0.19727272727272727,0.0,0.19727272727272727
30,99,봉화,송이축제 문화유적탐방버스,0.19,0.0,0.19
30,100,봉화,은어축제 문화유적탐방버스,0.19,0.0,0.19
30,213,대전,힐링(장태산),0.19,0.0,0.19
30,269,서울,EG투어버스 A코스,0.19,0.0,0.19
30,208,양구,방산나들이코스,0.18666666666666665,0.0,0.18666666666666665
30,226,대전,"광역투어(둘째주, 토)",0.18666666666666665,0.0,0.18666666666666665
30,62,익산,익산숨은보석찾기코스,0.18428571428571425,0.0,0.18428571428571425
30,218,대전,생태교육,0.18,0.0,0.18
30,278,서울,EG투어버스 I코스,0.18,0.0,0.18
30,79,연천,연천명소코스,0.17833333333333332,0.0,0.17833333333333332
30,95,양산,양산시 가을 시티투어 (자연관광코스),0.17833333333333332,0.0,0.17833333333333332
30,113,가평,가평순환버스B코스,0.17833333333333332,0.0,0.17833333333333332
30,207,양구,힐링산책코스,0.17833333333333332,0.0,0.17833333333333332
30,70,서산,A코스,0.16999999999999998,0.0,0.16999999999999998
30,77,태백,황지자유시장 코스,0.16374999999999998,0.0,0.16374999999999998
30,210,곡성,읍권 순환버스,0.16374999999999998,0.0,0.16374999999999998
30,260,서천,문화코스,0.1633333333333333,0.0,0.1633333333333333
30,0,부산,동부산테마노선,0.16285714285714284,0.00023469387755102036,0.16309183673469385
30,26,여수,다크투어리즘코스,0.16285714285714284,0.0,0.16285714285714284
30,140,군산,고군산시간여행코스,0.16285714285714284,0.0,0.16285714285714284
30,63,홍성,죽도코스,0.16166666666666665,0.0,0.16166666666666665
30,80,연천,안보자연코스,0.16166666666666665,0.0,0.16166666666666665
30,206,양구,해안DMZ트래킹 코스,0.16166666666666665,0.0,0.16166666666666665
30,220,아산,인생네컷 코스,0.16166666666666665,0.0,0.16166666666666665
30,147,안산,대부도 해변코스(일반형 2코스),0.15333333333333332,0.0,0.15333333333333332
30,148,안산,대부도 해변코스(일반형 1코스),0.15333333333333332,0.0,0.15333333333333332
30,215,대전,역사문화(동춘당),0.15333333333333332,0.0,0.15333333333333332
30,87,의정부,의정부포레스트:오감이 깨어나는 숲 속 여행,0.15,0.0,0.15
30,110,정선,아리랑열차 연계형 시티투어2,0.15,0.0,0.15
30,111,정선,아리랑열차 연계형 시티투어 1,0.15,0.0,0.15
30,136,인천,인천레트로노선,0.15,0.0,0.15
30,182,포항,퐝순환코스,0.15,0.0,0.15
30,76,태백,통리장 코스,0.145,0.0,0.145
30,91,청주,청주시티투어_정기투어_초정힐링 투어(토),0.145,0.0,0.145
30,251,대전,"광역투어(넷재주, 토)",0.145,0.0,0.145
30,27,여수,제2코스,0.14307692307692307,0.0,0.14307692307692307
30,1,부산,서부산생태투어,0.13874999999999998,0.0,0.13874999999999998
30,20,광양,야경코스,0.13874999999999998,0.0,0.13874999999999998
30,24,여수,야경코스,0.13428571428571426,0.0,0.13428571428571426
30,105,안동,야간도심테마,0.13428571428571426,0.0,0.13428571428571426
30,92,청주,청주시티투어_정기투어_청남대 투어(수토일),0.1311111111111111,0.0,0.1311111111111111
30,171,춘천,금요일,0.12625,0.0,0.12625
30,191,평창,남부권 코스,0.12625,0.0,0.12625
30,151,안산,대부도 뱃길코스(일반형 2코스),0.12555555555555556,0.0,0.12555555555555556
30,49,밀양,시내권 투어 1,0.12000000000000001,0.0,0.12000000000000001
30,228,대전,"광역투어(첫주, 토)",0.12000000000000001,0.0,0.12000000000000001
30,57,영주,물돌이 코스,0.115,0.0,0.115
30,114,가평,가평순환버스A코스,0.11444444444444445,0.0,0.11444444444444445
30,152,안산,대부도 뱃길코스(일반형 1코스),0.10888888888888888,0.0,0.10888888888888888
30,23,여수,2층주간코스,0.10500000000000001,0.0,0.10500000000000001
30,21,여수,야간테마코스(시간을달리는버스커),0.09272727272727273,0.0,0.09272727272727273
30,4,부산,그린라인,0.08923076923076924,0.0,0.08923076923076924
30,71,천안,일요일,0.0825,0.0,0.0825
30,200,진도,진도시티투어,0.06642857142857143,0.0,0.06642857142857143
30,41,화성,역사와 하루2,0.06,0.0,0.06
30,101,청도,시티투어,0.06,0.0,0.06
30,32,화성,테마와 하루(문화예술 체험),0.05333333333333333,0.0,0.05333333333333333
30,275,서울,EG투어버스 L코스,0.05333333333333333,0.0,0.05333333333333333
30,33,화성,테마와 하루(목장 체험),0.05,0.0,0.05
30,146,안산,대부도 해변코스(체험형 1코스),0.05,0.0,0.05
30,28,여수,제1코스,0.04857142857142857,0.0,0.04857142857142857
30,85,이천,농촌체험코스(남부),0.045,0.0,0.045
30,149,안산,대부도 뱃길코스(체험형 2코스),0.045,0.0,0.045
30,150,안산,대부도 뱃길코스(체험형 1코스),0.045,0.0,0.045
30,6,제주,야간코스(7월말~8월말 운영),0.041428571428571426,0.0,0.041428571428571426
30,84,이천,농촌체험코스(중부),0.04000000000000001,0.0,0.04000000000000001
30,209,곡성,압록권역 순환버스,0.04000000000000001,0.0,0.04000000000000001
30,276,서울,EG투어버스 K 코스,0.04000000000000001,0.0,0.04000000000000001
30,45,화성,테마와 하루(지역축제 체험),0.03666666666666667,0.0,0.03666666666666667
30,83,이천,농촌체험코스(북부),0.03666666666666667,0.0,0.03666666666666667
30,82,이천,승마체험코스,0.0325,0.0,0.0325
30,31,화성,테마와 하루(해양생태 체험),0.030000000000000002,0.0,0.030000000000000002
30,246,대전,언택트세이프(B),0.030000000000000002,0.0,0.030000000000000002
30,271,서울,EG투어버스 F코스,0.030000000000000002,0.0,0.030000000000000002
30,93,여주,꽃섬투어,0.025555555555555557,0.0,0.025555555555555557
30,2,부산,야경투어,0.02,0.00041071428571428563,0.020410714285714286
30,29,목포,별빛물결시티투어,0.02,0.0,0.02
30,75,충주,충주시티투어,0.02,0.0,0.02
30,118,파주,2026 파주시티투어 당일코스(금요일),0.02,0.0,0.02
30,164,화순,화순적벽 버스투어(적벽 셔틀버스),0.02,0.0,0.02
30,165,화순,화순적벽 버스투어(적벽투어),0.02,0.0,0.02
30,211,대전,가족여행,0.02,0.0,0.02
30,219,대전,다크투어,0.02,0.0,0.02
30,273,서울,EG투어버스 D코스,0.02,0.0,0.02
30,16,대구,테마(야경 11~3월),0.0,0.0,0.0
30,36,화성,별과 하루,0.0,0.0,0.0
30,37,화성,노을과 하루,0.0,0.0,0.0
30,44,화성,섬과 하루,0.0,0.0,0.0
30,55,영주,특별운영,0.0,0.0,0.0
30,60,익산,맞춤형코스,0.0,0.0,0.0
30,88,청주,청주시티투어_수시투어,0.0,0.0,0.0
30,125,부천,정규코스. 특별코스,0.0,0.0,0.0
30,132,인천,선재영흥투어,0.0,0.0,0.0
30,134,인천,무의도투어,0.0,0.0,0.0
30,141,제천,제천관광택시,0.0,0.0,0.0
30,198,공주,축제코스,0.0,0.0,0.0
30,231,태안,북부코스남부코스,0.0,0.0,0.0
30,259,단양,단양군시티투어,0.0,0.0,0.0
30,261,부여,백제문화단지-부소산성-궁남지-정림사지-백제문화단지,0.0,0.0,0.0
40,10,대구,테마-전통5일장-현풍백년도깨비시장,2.0,0.0,2.0
40,7,제주,순환형코스,1.9500000000000002,0.0,1.9500000000000002
40,122,시흥,테마형 수시코스,1.85,0.0,1.85
40,14,대구,테마-방방곡곡(팔공산),1.8,0.0,1.8
40,112,정선,와와정선 2층 투어버스,1.2000000000000002,0.0,1.2000000000000002
40,156,세종,역사산책투어,1.17,0.0,1.17
40,15,대구,도심순환코스(12개 정류장),1.0,0.0,1.0
40,129,인천,노을야경투어,1.0,0.0,1.0
40,131,인천,교동도투어,1.0,0.0,1.0
40,135,인천,바다노선,1.0,0.0,1.0
40,183,포항,퐝랜드마크B코스,1.0,0.0,1.0
40,130,인천,석모도투어,0.95,0.0,0.95
40,184,포항,퐝랜드마크A코스,0.95,0.0,0.95
40,185,포항,씨(SEA)하게 보는 포항코스,0.95,0.0,0.95
40,159,세종,봄꽃파닭B투어,0.9366666666666666,0.0,0.9366666666666666
40,160,세종,봄꽃파닭A투어,0.9366666666666666,0.0,0.9366666666666666
40,120,파주,2026 파주시티투어 당일코스(수요일),0.8866666666666667,0.0,0.8866666666666667
40,181,김해,김해에반해,0.8771428571428572,0.0,0.8771428571428572
40,179,김해,역사에반해,0.8533333333333334,0.0,0.8533333333333334
40,133,인천,청라투어,0.85,0.0,0.85
40,267,공주,반일코스,0.8300000000000001,0.0,0.8300000000000001
40,11,대구,테마-방방곡곡(사시사철),0.8,0.0,0.8
40,12,대구,테마-방방곡곡(군위군 돋보기),0.8,0.0,0.8
40,13,대구,테마-방방곡곡(낙동강),0.8,0.0,0.8
40,229,대전,대청호코스,0.8,0.0,0.8
40,180,김해,자연에반해,0.77,0.0,0.77
40,74,천안,화요일,0.7325,0.0,0.7325
40,262,공주,봄·여름·가을 코스,0.7033333333333334,0.0,0.7033333333333334
40,138,군산,(박물관 출발) 고군산코스,0.6866666666666666,0.0,0.6866666666666666
40,173,춘천,수요일,0.6866666666666666,0.0,0.6866666666666666
40,166,태안,광역코스,0.67,0.0,0.67
40,178,김해,문화에반해,0.6599999999999999,0.0,0.6599999999999999
40,235,홍천,홍천시티투어,0.6533333333333333,0.0,0.6533333333333333
40,188,서천,푸른빛코스,0.645,0.0,0.645
40,227,대전,"광역투어(첫주, 일)",0.6387499999999999,0.0,0.6387499999999999
40,46,합천,합천광역시티투어 누비고,0.6366666666666667,0.0,0.6366666666666667
40,42,화성,역사와 하루1,0.63,0.0,0.63
40,61,익산,세계유산코스,0.62,0.0,0.62
40,116,파주,2026 파주시티투어 당일코스(일요일),0.62,0.0,0.62
40,119,파주,2026 파주시티투어 당일코스(목요일),0.62,0.0,0.62
40,223,대전,"광역투어(셋째주, 일)",0.5985714285714285,0.0,0.5985714285714285
40,263,공주,가을코스2,0.5755555555555556,0.0,0.5755555555555556
40,236,화천,화천시티투어(백암산케이블카),0.5700000000000001,0.0,0.5700000000000001
40,254,경산,"소원성취코스,삼성현명품투어코스",0.5628571428571428,0.0,0.5628571428571428
40,126,대구,도동코스,0.5575,0.0,0.5575
40,177,경기광주,광주시티투어,0.5557142857142857,0.0,0.5557142857142857
40,127,대구,송해코스,0.54,0.0,0.54
40,241,순천,(테마투어)생태투어,0.54,0.0,0.54
40,81,연천,역사자연코스,0.5342857142857143,0.0,0.5342857142857143
40,265,공주,여름코스,0.53,0.0,0.53
40,96,양산,양산시 가을 시티투어 (역사문화코스),0.5116666666666666,0.000294392523364486,0.5119610591900311
40,162,세종,세종관광명소B투어,0.5075000000000001,0.0,0.5075000000000001
40,47,밀양,삼랑진권 투어,0.495,0.0,0.495
40,144,안산,안산 시내권코스(토요일),0.495,0.0,0.495
40,258,양주,왕실축제,0.495,0.0,0.495
40,108,부여,부여테마여행,0.4936842105263158,0.0,0.4936842105263158
40,249,대전,"광역투어(다섯째주, 토)",0.48875,0.0,0.48875
40,222,아산,아산도심핫플코스,0.4866666666666667,0.0,0.4866666666666667
40,175,춘천,월요일,0.48250000000000004,0.0,0.48250000000000004
40,195,완주,완주힐링로드시티투어 2코스,0.4755555555555555,0.0,0.4755555555555555
40,72,천안,토요일,0.47000000000000003,0.0,0.47000000000000003
40,73,천안,목요일,0.47000000000000003,0.0,0.47000000000000003
40,161,세종,천안연계투어,0.47000000000000003,0.0,0.47000000000000003
40,86,평택,"문화유산코스 /관광코스 ※무장애코스 월2회 정기운영(3~6월,9~11월)",0.4642307692307692,0.0,0.4642307692307692
40,186,서천,동백코스(익산-군산 광역),0.45333333333333337,0.0,0.45333333333333337
40,225,대전,"광역투어(둘째주, 일)",0.45333333333333337,0.0,0.45333333333333337
40,64,홍성,"전통시장코스(홍성) 1,6일 운영",0.45000000000000007,0.0,0.45000000000000007
40,237,화천,화천시티투어(평화누리호),0.45000000000000007,0.0,0.45000000000000007
40,252,안성,안성시티투어,0.45000000000000007,0.0,0.45000000000000007
40,203,양주,박물관투어,0.44857142857142857,0.0,0.44857142857142857
40,167,태안,남부코스,0.445,0.0,0.445
40,264,공주,가을코스,0.43500000000000005,0.0,0.43500000000000005
40,43,화성,자연과 하루,0.4325,0.0,0.4325
40,157,세종,행복투어A,0.43000000000000005,0.0,0.43000000000000005
40,240,순천,(테마투어)성곽투어,0.43000000000000005,0.0,0.43000000000000005
40,216,대전,역사문화(효월드),0.42714285714285716,0.0,0.42714285714285716
40,255,울산,장생포 대왕암 코스,0.42714285714285716,0.0,0.42714285714285716
40,30,목포,목포랑시티투어,0.4241666666666667,0.0,0.4241666666666667
40,163,세종,세종관광명소A투어,0.42000000000000004,0.0,0.42000000000000004
40,214,대전,힐링(만인산),0.42000000000000004,0.0,0.42000000000000004
40,238,순천,(테마투어)산사투어,0.42000000000000004,0.0,0.42000000000000004
40,243,나주,정기코스,0.42000000000000004,0.0,0.42000000000000004
40,253,대전,언택트세이프?,0.42000000000000004,0.0,0.42000000000000004
40,9,대구,테마-전통5일장-군위전통시장,0.42,0.0,0.42
40,145,안산,안산 시내권코스(목요일),0.42,0.0,0.42
40,190,영광,"영광쉼,투어",0.42,0.0,0.42
40,224,대전,"광역투어(셋째주, 토)",0.41285714285714287,0.0,0.41285714285714287
40,189,서천,보랏빛코스,0.4057142857142857,0.0,0.4057142857142857
40,197,평창,북부권 코스,0.40125,0.0,0.40125
40,17,해남,해남시티투어,0.4,0.0,0.4
40,40,화성,모두와 하루(무장애 여행),0.4,0.0,0.4
40,58,익산,순환형2,0.395,0.0,0.395
40,59,익산,순환형1,0.395,0.0,0.395
40,204,양주,역사투어,0.395,0.0,0.395
40,187,서천,금빛코스,0.39142857142857146,0.0,0.39142857142857146
40,123,시흥,테마형 정기코스,0.39,0.0,0.39
40,124,시흥,순환형 2층버스,0.39,0.0,0.39
40,48,밀양,영남알프스권 투어 1,0.38250000000000006,0.0,0.38250000000000006
40,155,세종,정원투어,0.38,0.0,0.38
40,217,대전,대덕특구탐방,0.38,0.0,0.38
40,221,아산,休캉스 코스,0.38,0.0,0.38
40,245,아산,역사기행 코스,0.38,0.0,0.38
40,193,완주,완주힐링로드 시티투어(코레일연계 익산역),0.37909090909090915,0.0,0.37909090909090915
40,51,사천,오감체험투어,0.3783333333333333,0.0,0.3783333333333333
40,107,예산,예산군 버스투어,0.3783333333333333,0.0,0.3783333333333333
40,272,서울,EG투어버스 E코스,0.3783333333333333,0.0,0.3783333333333333
40,266,공주,봄코스,0.37357142857142855,0.0,0.37357142857142855
40,117,파주,2026 파주시티투어 당일코스(토요일),0.37,0.0,0.37
40,257,양주,천일홍축제,0.37,0.0,0.37
40,109,부여,롯데리조트부여와 함께하는 부여 감성야행,0.3616666666666667,0.0,0.3616666666666667
40,67,홍성,역사·문화 코스,0.35333333333333333,0.0,0.35333333333333333
40,97,양산,2025 6월 시티투어,0.35333333333333333,0.0,0.35333333333333333
40,158,세종,역사문화투어,0.35333333333333333,0.0,0.35333333333333333
40,172,춘천,목요일,0.35333333333333333,0.0,0.35333333333333333
40,248,대전,"광역투어(다섯째주, 일)",0.35125000000000006,0.0,0.35125000000000006
40,194,완주,완주힐링로드 시티투어(서울권역),0.3491666666666667,0.0,0.3491666666666667
40,18,광양,광양역사코스,0.34777777777777774,0.0,0.34777777777777774
40,19,광양,광양힐링코스,0.34777777777777774,0.0,0.34777777777777774
40,205,양주,기본코스,0.34777777777777774,0.0,0.34777777777777774
40,65,홍성,"전통시장코스(광천) 4,9일 운영",0.345,0.0,0.345
40,274,서울,EG투어버스 C코스,0.345,0.0,0.345
40,247,대전,언택트세이프(A),0.34,0.0,0.34
40,270,서울,EG투어버스 G코스,0.34,0.0,0.34
40,196,완주,완주힐링로드시티투어 1코스,0.3392307692307693,0.0,0.3392307692307693
40,121,파주,2026 파주시티투어 당일코스(화요일),0.33666666666666667,0.0,0.33666666666666667
40,115,파주,2026 파주시티투어 1박2일코스(토요일~일요일),0.32833333333333337,0.0,0.32833333333333337
40,128,대구,현풍코스,0.3271428571428572,0.0,0.3271428571428572
40,233,서천,광역코스,0.3271428571428571,0.0,0.3271428571428571
40,234,서천,힐링코스,0.3271428571428571,0.0,0.3271428571428571
40,142,제천,시티투어,0.32000000000000006,0.0,0.32000000000000006
40,89,청주,청주시티투어_정기투어_트레킹 투어(토),0.32,0.0,0.32
40,201,양주,자연친화코스1,0.32,0.0,0.32
40,169,춘천,일요일,0.31500000000000006,0.0,0.31500000000000006
40,170,춘천,토요일,0.31500000000000006,0.0,0.31500000000000006
40,104,안동,하회마을테마,0.3109090909090909,0.0,0.3109090909090909
40,102,안동,봉정사&만휴정테마,0.3063636363636364,0.0,0.3063636363636364
40,68,서산,C코스,0.3057142857142857,0.0,0.3057142857142857
40,202,양주,서울우유견학코스,0.3057142857142857,0.0,0.3057142857142857
40,66,홍성,남당항 코스,0.30333333333333334,0.0,0.30333333333333334
40,199,완도,해양치유시티투어,0.30214285714285716,0.0,0.30214285714285716
40,94,여주,시티투어,0.3018181818181818,0.0,0.3018181818181818
40,69,서산,B코스,0.2985714285714286,0.0,0.2985714285714286
40,153,세종,행복투어B,0.2866666666666667,0.0,0.2866666666666667
40,242,순천,(기획투어)나이트가든투어,0.2866666666666667,0.0,0.2866666666666667
40,90,청주,청주시티투어_정기투어_힐링로드 투어(토),0.28428571428571425,0.0,0.28428571428571425
40,256,울산,태화강 국가정원 코스,0.2838888888888889,0.0,0.2838888888888889
40,174,춘천,화요일,0.28250000000000003,0.0,0.28250000000000003
40,143,동해,관광문화코스,0.2783333333333333,0.0,0.2783333333333333
40,139,군산,(익산역 출발) 고군산시간여행코스,0.27,0.0,0.27
40,176,창원,창원시티투어,0.26999999999999996,0.0,0.26999999999999996
40,53,사천,바다투어,0.26285714285714284,0.0,0.26285714285714284
40,137,임실,명소탐방 임실 시티투어,0.26,0.0,0.26
40,192,삼척,종일코스,0.26,0.0,0.26
40,277,서울,EG투어버스 J코스,0.25,0.0,0.25
40,279,서울,EG투어버스 H코스,0.25,0.0,0.25
40,22,여수,2층야간코스,0.24857142857142853,0.0,0.24857142857142853
40,250,대전,"광역투어(넷재주, 일)",0.24857142857142853,0.0,0.24857142857142853
40,3,부산,오렌지라인,0.24692307692307694,0.0,0.24692307692307694
40,34,화성,테마와 하루(농어촌 체험),0.245,0.0,0.245
40,35,화성,소소한 하루,0.245,0.0,0.245
40,25,여수,이순신문화유적코스,0.2422222222222222,0.0,0.2422222222222222
40,56,영주,선비 코스,0.23500000000000001,0.0,0.23500000000000001
40,103,안동,도산서원&예끼마을테마,0.23500000000000001,0.0,0.23500000000000001
40,212,대전,야경,0.23249999999999998,0.0,0.23249999999999998
40,5,부산,레드라인,0.23153846153846155,0.0,0.23153846153846155
40,50,사천,우주항공산업투어,0.23111111111111107,0.0,0.23111111111111107
40,38,화성,바다와 하루,0.23,0.0,0.23
40,239,순천,(테마투어)세계유산투어,0.23,0.0,0.23
40,268,서울,EG투어버스 B코스,0.23,0.0,0.23
40,52,사천,이순신승전길투어,0.22624999999999998,0.0,0.22624999999999998
40,78,원주,원주시티투어(순환형),0.22333333333333333,0.0,0.22333333333333333
40,154,세종,야경투어,0.22,0.0,0.22
40,168,태안,북부코스,0.22,0.0,0.22
40,244,아산,예술맛집 코스,0.22,0.0,0.22
40,106,안동,주간도심테마,0.21999999999999997,0.0,0.21999999999999997
40,232,서천,전라권코스,0.21166666666666664,0.0,0.21166666666666664
40,98,양산,봄꽃체험코스,0.21,0.0,0.21
40,230,대전,남부코스,0.21,0.0,0.21
40,39,화성,열차와 하루,0.2033333333333333,0.0,0.2033333333333333
40,8,대구,테마(야경 4~10월),0.2,0.0,0.2
40,54,사천,별빛투어,0.19727272727272727,0.0,0.19727272727272727
40,99,봉화,송이축제 문화유적탐방버스,0.19,0.0,0.19
40,100,봉화,은어축제 문화유적탐방버스,0.19,0.0,0.19
40,213,대전,힐링(장태산),0.19,0.0,0.19
40,269,서울,EG투어버스 A코스,0.19,0.0,0.19
40,208,양구,방산나들이코스,0.18666666666666665,0.0,0.18666666666666665
40,226,대전,"광역투어(둘째주, 토)",0.18666666666666665,0.0,0.18666666666666665
40,62,익산,익산숨은보석찾기코스,0.18428571428571425,0.0,0.18428571428571425
40,218,대전,생태교육,0.18,0.0,0.18
40,278,서울,EG투어버스 I코스,0.18,0.0,0.18
40,79,연천,연천명소코스,0.17833333333333332,0.0,0.17833333333333332
40,95,양산,양산시 가을 시티투어 (자연관광코스),0.17833333333333332,0.0,0.17833333333333332
40,113,가평,가평순환버스B코스,0.17833333333333332,0.0,0.17833333333333332
40,207,양구,힐링산책코스,0.17833333333333332,0.0,0.17833333333333332
40,70,서산,A코스,0.16999999999999998,0.0,0.16999999999999998
40,77,태백,황지자유시장 코스,0.16374999999999998,0.0,0.16374999999999998
40,210,곡성,읍권 순환버스,0.16374999999999998,0.0,0.16374999999999998
40,260,서천,문화코스,0.1633333333333333,0.0,0.1633333333333333
40,0,부산,동부산테마노선,0.16285714285714284,0.0,0.16285714285714284
40,26,여수,다크투어리즘코스,0.16285714285714284,0.0,0.16285714285714284
40,140,군산,고군산시간여행코스,0.16285714285714284,0.0,0.16285714285714284
40,63,홍성,죽도코스,0.16166666666666665,0.0,0.16166666666666665
40,80,연천,안보자연코스,0.16166666666666665,0.0,0.16166666666666665
40,206,양구,해안DMZ트래킹 코스,0.16166666666666665,0.0,0.16166666666666665
40,220,아산,인생네컷 코스,0.16166666666666665,0.0,0.16166666666666665
40,147,안산,대부도 해변코스(일반형 2코스),0.15333333333333332,0.0,0.15333333333333332
40,148,안산,대부도 해변코스(일반형 1코스),0.15333333333333332,0.0,0.15333333333333332
40,215,대전,역사문화(동춘당),0.15333333333333332,0.0,0.15333333333333332
40,87,의정부,의정부포레스트:오감이 깨어나는 숲 속 여행,0.15,0.0,0.15
40,110,정선,아리랑열차 연계형 시티투어2,0.15,0.0,0.15
40,111,정선,아리랑열차 연계형 시티투어 1,0.15,0.0,0.15
40,136,인천,인천레트로노선,0.15,0.0,0.15
40,182,포항,퐝순환코스,0.15,0.0,0.15
40,76,태백,통리장 코스,0.145,0.0,0.145
40,91,청주,청주시티투어_정기투어_초정힐링 투어(토),0.145,0.0,0.145
40,251,대전,"광역투어(넷재주, 토)",0.145,0.0,0.145
40,27,여수,제2코스,0.14307692307692307,0.0,0.14307692307692307
40,1,부산,서부산생태투어,0.13874999999999998,0.0,0.13874999999999998
40,20,광양,야경코스,0.13874999999999998,0.0,0.13874999999999998
40,24,여수,야경코스,0.13428571428571426,0.0,0.13428571428571426
40,105,안동,야간도심테마,0.13428571428571426,0.0,0.13428571428571426
40,92,청주,청주시티투어_정기투어_청남대 투어(수토일),0.1311111111111111,0.0,0.1311111111111111
40,171,춘천,금요일,0.12625,0.0,0.12625
40,191,평창,남부권 코스,0.12625,0.0,0.12625
40,151,안산,대부도 뱃길코스(일반형 2코스),0.12555555555555556,0.0,0.12555555555555556
40,49,밀양,시내권 투어 1,0.12000000000000001,0.0,0.12000000000000001
40,228,대전,"광역투어(첫주, 토)",0.12000000000000001,0.0,0.12000000000000001
40,57,영주,물돌이 코스,0.115,0.0,0.115
40,114,가평,가평순환버스A코스,0.11444444444444445,0.0,0.11444444444444445
40,152,안산,대부도 뱃길코스(일반형 1코스),0.10888888888888888,0.0,0.10888888888888888
40,23,여수,2층주간코스,0.10500000000000001,0.0,0.10500000000000001
40,21,여수,야간테마코스(시간을달리는버스커),0.09272727272727273,0.0,0.09272727272727273
40,4,부산,그린라인,0.08923076923076924,0.0,0.08923076923076924
40,71,천안,일요일,0.0825,0.0,0.0825
40,200,진도,진도시티투어,0.06642857142857143,0.0,0.06642857142857143
40,41,화성,역사와 하루2,0.06,0.0,0.06
40,101,청도,시티투어,0.06,0.0,0.06
40,32,화성,테마와 하루(문화예술 체험),0.05333333333333333,0.0,0.05333333333333333
40,275,서울,EG투어버스 L코스,0.05333333333333333,0.0,0.05333333333333333
40,33,화성,테마와 하루(목장 체험),0.05,0.0,0.05
40,146,안산,대부도 해변코스(체험형 1코스),0.05,0.0,0.05
40,28,여수,제1코스,0.04857142857142857,0.0,0.04857142857142857
40,85,이천,농촌체험코스(남부),0.045,0.0,0.045
40,149,안산,대부도 뱃길코스(체험형 2코스),0.045,0.0,0.045
40,150,안산,대부도 뱃길코스(체험형 1코스),0.045,0.0,0.045
40,6,제주,야간코스(7월말~8월말 운영),0.041428571428571426,0.0,0.041428571428571426
40,84,이천,농촌체험코스(중부),0.04000000000000001,0.0,0.04000000000000001
40,209,곡성,압록권역 순환버스,0.04000000000000001,0.0,0.04000000000000001
40,276,서울,EG투어버스 K 코스,0.04000000000000001,0.0,0.04000000000000001
40,45,화성,테마와 하루(지역축제 체험),0.03666666666666667,0.0,0.03666666666666667
40,83,이천,농촌체험코스(북부),0.03666666666666667,0.0,0.03666666666666667
40,82,이천,승마체험코스,0.0325,0.0,0.0325
40,31,화성,테마와 하루(해양생태 체험),0.030000000000000002,0.0,0.030000000000000002
40,246,대전,언택트세이프(B),0.030000000000000002,0.0,0.030000000000000002
40,271,서울,EG투어버스 F코스,0.030000000000000002,0.0,0.030000000000000002
40,93,여주,꽃섬투어,0.025555555555555557,0.0,0.025555555555555557
40,2,부산,야경투어,0.02,0.0,0.02
40,29,목포,별빛물결시티투어,0.02,0.0,0.02
40,75,충주,충주시티투어,0.02,0.0,0.02
40,118,파주,2026 파주시티투어 당일코스(금요일),0.02,0.0,0.02
40,164,화순,화순적벽 버스투어(적벽 셔틀버스),0.02,0.0,0.02
40,165,화순,화순적벽 버스투어(적벽투어),0.02,0.0,0.02
40,211,대전,가족여행,0.02,0.0,0.02
40,219,대전,다크투어,0.02,0.0,0.02
40,273,서울,EG투어버스 D코스,0.02,0.0,0.02
40,16,대구,테마(야경 11~3월),0.0,0.0,0.0
40,36,화성,별과 하루,0.0,0.0,0.0
40,37,화성,노을과 하루,0.0,0.0,0.0
40,44,화성,섬과 하루,0.0,0.0,0.0
40,55,영주,특별운영,0.0,0.0,0.0
40,60,익산,맞춤형코스,0.0,0.0,0.0
40,88,청주,청주시티투어_수시투어,0.0,0.0,0.0
40,125,부천,정규코스. 특별코스,0.0,0.0,0.0
40,132,인천,선재영흥투어,0.0,0.0,0.0
40,134,인천,무의도투어,0.0,0.0,0.0
40,141,제천,제천관광택시,0.0,0.0,0.0
40,198,공주,축제코스,0.0,0.0,0.0
40,231,태안,북부코스남부코스,0.0,0.0,0.0
40,259,단양,단양군시티투어,0.0,0.0,0.0
40,261,부여,백제문화단지-부소산성-궁남지-정림사지-백제문화단지,0.0,0.0,0.0
50,10,대구,테마-전통5일장-현풍백년도깨비시장,2.0,0.0,2.0
50,7,제주,순환형코스,1.9500000000000002,0.0,1.9500000000000002
50,122,시흥,테마형 수시코스,1.85,0.0,1.85
50,14,대구,테마-방방곡곡(팔공산),1.8,0.0,1.8
50,112,정선,와와정선 2층 투어버스,1.2000000000000002,0.0,1.2000000000000002
50,156,세종,역사산책투어,1.17,0.0,1.17
50,15,대구,도심순환코스(12개 정류장),1.0,0.0,1.0
50,129,인천,노을야경투어,1.0,0.0,1.0
50,131,인천,교동도투어,1.0,0.0,1.0
50,135,인천,바다노선,1.0,0.0,1.0
50,183,포항,퐝랜드마크B코스,1.0,0.0,1.0
50,130,인천,석모도투어,0.95,0.0,0.95
50,184,포항,퐝랜드마크A코스,0.95,0.0,0.95
50,185,포항,씨(SEA)하게 보는 포항코스,0.95,0.0,0.95
50,159,세종,봄꽃파닭B투어,0.9366666666666666,0.0,0.9366666666666666
50,160,세종,봄꽃파닭A투어,0.9366666666666666,0.0,0.9366666666666666
50,120,파주,2026 파주시티투어 당일코스(수요일),0.8866666666666667,0.0,0.8866666666666667
50,181,김해,김해에반해,0.8771428571428572,0.0,0.8771428571428572
50,179,김해,역사에반해,0.8533333333333334,0.0,0.8533333333333334
50,133,인천,청라투어,0.85,0.0,0.85
50,267,공주,반일코스,0.8300000000000001,0.0,0.8300000000000001
50,11,대구,테마-방방곡곡(사시사철),0.8,0.0,0.8
50,12,대구,테마-방방곡곡(군위군 돋보기),0.8,0.0,0.8
50,13,대구,테마-방방곡곡(낙동강),0.8,0.0,0.8
50,229,대전,대청호코스,0.8,0.0,0.8
50,180,김해,자연에반해,0.77,0.0,0.77
50,74,천안,화요일,0.7325,0.0,0.7325
50,262,공주,봄·여름·가을 코스,0.7033333333333334,0.0,0.7033333333333334
50,138,군산,(박물관 출발) 고군산코스,0.6866666666666666,0.0,0.6866666666666666
50,173,춘천,수요일,0.6866666666666666,0.0,0.6866666666666666
50,166,태안,광역코스,0.67,0.0,0.67
50,178,김해,문화에반해,0.6599999999999999,0.0,0.6599999999999999
50,235,홍천,홍천시티투어,0.6533333333333333,0.0,0.6533333333333333
50,188,서천,푸른빛코스,0.645,0.0,0.645
50,227,대전,"광역투어(첫주, 일)",0.6387499999999999,0.0,0.6387499999999999
50,46,합천,합천광역시티투어 누비고,0.6366666666666667,0.0,0.6366666666666667
50,42,화성,역사와 하루1,0.63,0.0,0.63
50,61,익산,세계유산코스,0.62,0.0,0.62
50,116,파주,2026 파주시티투어 당일코스(일요일),0.62,0.0,0.62
50,119,파주,2026 파주시티투어 당일코스(목요일),0.62,0.0,0.62
50,223,대전,"광역투어(셋째주, 일)",0.5985714285714285,0.0,0.5985714285714285
50,263,공주,가을코스2,0.5755555555555556,0.0,0.5755555555555556
50,236,화천,화천시티투어(백암산케이블카),0.5700000000000001,0.0,0.5700000000000001
50,254,경산,"소원성취코스,삼성현명품투어코스",0.5628571428571428,0.0,0.5628571428571428
50,126,대구,도동코스,0.5575,0.0,0.5575
50,177,경기광주,광주시티투어,0.5557142857142857,0.0003383458646616541,0.5560526315789474
50,127,대구,송해코스,0.54,0.0,0.54
50,241,순천,(테마투어)생태투어,0.54,0.0,0.54
50,81,연천,역사자연코스,0.5342857142857143,0.0,0.5342857142857143
50,265,공주,여름코스,0.53,0.0,0.53
50,96,양산,양산시 가을 시티투어 (역사문화코스),0.5116666666666666,0.0008092105263157895,0.5124758771929824
50,162,세종,세종관광명소B투어,0.5075000000000001,0.0,0.5075000000000001
50,47,밀양,삼랑진권 투어,0.495,0.0,0.495
50,144,안산,안산 시내권코스(토요일),0.495,0.0,0.495
50,258,양주,왕실축제,0.495,0.0,0.495
50,108,부여,부여테마여행,0.4936842105263158,0.0,0.4936842105263158
50,249,대전,"광역투어(다섯째주, 토)",0.48875,0.0,0.48875
50,222,아산,아산도심핫플코스,0.4866666666666667,0.0,0.4866666666666667
50,175,춘천,월요일,0.48250000000000004,0.0,0.48250000000000004
50,195,완주,완주힐링로드시티투어 2코스,0.4755555555555555,0.0,0.4755555555555555
50,72,천안,토요일,0.47000000000000003,0.0,0.47000000000000003
50,73,천안,목요일,0.47000000000000003,0.0,0.47000000000000003
50,161,세종,천안연계투어,0.47000000000000003,0.0,0.47000000000000003
50,86,평택,"문화유산코스 /관광코스 ※무장애코스 월2회 정기운영(3~6월,9~11월)",0.4642307692307692,0.0,0.4642307692307692
50,186,서천,동백코스(익산-군산 광역),0.45333333333333337,0.0,0.45333333333333337
50,225,대전,"광역투어(둘째주, 일)",0.45333333333333337,0.0,0.45333333333333337
50,64,홍성,"전통시장코스(홍성) 1,6일 운영",0.45000000000000007,0.0,0.45000000000000007
50,237,화천,화천시티투어(평화누리호),0.45000000000000007,0.0,0.45000000000000007
50,252,안성,안성시티투어,0.45000000000000007,0.0,0.45000000000000007
50,203,양주,박물관투어,0.44857142857142857,0.0,0.44857142857142857
50,167,태안,남부코스,0.445,0.0,0.445
50,264,공주,가을코스,0.43500000000000005,0.0,0.43500000000000005
50,43,화성,자연과 하루,0.4325,0.0,0.4325
50,157,세종,행복투어A,0.43000000000000005,0.0,0.43000000000000005
50,240,순천,(테마투어)성곽투어,0.43000000000000005,0.0,0.43000000000000005
50,216,대전,역사문화(효월드),0.42714285714285716,0.0,0.42714285714285716
50,255,울산,장생포 대왕암 코스,0.42714285714285716,0.0,0.42714285714285716
50,30,목포,목포랑시티투어,0.4241666666666667,0.0,0.4241666666666667
50,163,세종,세종관광명소A투어,0.42000000000000004,0.0,0.42000000000000004
50,214,대전,힐링(만인산),0.42000000000000004,0.0,0.42000000000000004
50,238,순천,(테마투어)산사투어,0.42000000000000004,0.0,0.42000000000000004
50,243,나주,정기코스,0.42000000000000004,0.0,0.42000000000000004
50,253,대전,언택트세이프?,0.42000000000000004,0.0,0.42000000000000004
50,9,대구,테마-전통5일장-군위전통시장,0.42,0.0,0.42
50,145,안산,안산 시내권코스(목요일),0.42,0.0,0.42
50,190,영광,"영광쉼,투어",0.42,0.0,0.42
50,224,대전,"광역투어(셋째주, 토)",0.41285714285714287,0.0,0.41285714285714287
50,189,서천,보랏빛코스,0.4057142857142857,0.0,0.4057142857142857
50,197,평창,북부권 코스,0.40125,0.0,0.40125
50,17,해남,해남시티투어,0.4,0.0,0.4
50,40,화성,모두와 하루(무장애 여행),0.4,0.0,0.4
50,58,익산,순환형2,0.395,0.0,0.395
50,59,익산,순환형1,0.395,0.0,0.395
50,204,양주,역사투어,0.395,0.0,0.395
50,187,서천,금빛코스,0.39142857142857146,0.0,0.39142857142857146
50,123,시흥,테마형 정기코스,0.39,0.0,0.39
50,124,시흥,순환형 2층버스,0.39,0.0,0.39
50,48,밀양,영남알프스권 투어 1,0.38250000000000006,0.0,0.38250000000000006
50,155,세종,정원투어,0.38,0.0,0.38
50,217,대전,대덕특구탐방,0.38,0.0,0.38
50,221,아산,休캉스 코스,0.38,0.0,0.38
50,245,아산,역사기행 코스,0.38,0.0,0.38
50,193,완주,완주힐링로드 시티투어(코레일연계 익산역),0.37909090909090915,0.0,0.37909090909090915
50,51,사천,오감체험투어,0.3783333333333333,0.0,0.3783333333333333
50,107,예산,예산군 버스투어,0.3783333333333333,0.0,0.3783333333333333
50,272,서울,EG투어버스 E코스,0.3783333333333333,0.0,0.3783333333333333
50,266,공주,봄코스,0.37357142857142855,0.0,0.37357142857142855
50,117,파주,2026 파주시티투어 당일코스(토요일),0.37,0.0,0.37
50,257,양주,천일홍축제,0.37,0.0,0.37
50,109,부여,롯데리조트부여와 함께하는 부여 감성야행,0.3616666666666667,0.0,0.3616666666666667
50,67,홍성,역사·문화 코스,0.35333333333333333,0.0,0.35333333333333333
50,97,양산,2025 6월 시티투어,0.35333333333333333,0.0,0.35333333333333333
50,158,세종,역사문화투어,0.35333333333333333,0.0,0.35333333333333333
50,172,춘천,목요일,0.35333333333333333,0.0,0.35333333333333333
50,248,대전,"광역투어(다섯째주, 일)",0.35125000000000006,0.0,0.35125000000000006
50,194,완주,완주힐링로드 시티투어(서울권역),0.3491666666666667,0.0,0.3491666666666667
50,18,광양,광양역사코스,0.34777777777777774,0.0,0.34777777777777774
50,19,광양,광양힐링코스,0.34777777777777774,0.0,0.34777777777777774
50,205,양주,기본코스,0.34777777777777774,0.0,0.34777777777777774
50,65,홍성,"전통시장코스(광천) 4,9일 운영",0.345,0.0,0.345
50,274,서울,EG투어버스 C코스,0.345,0.0,0.345
50,247,대전,언택트세이프(A),0.34,0.0,0.34
50,270,서울,EG투어버스 G코스,0.34,0.0,0.34
50,196,완주,완주힐링로드시티투어 1코스,0.3392307692307693,0.0,0.3392307692307693
50,121,파주,2026 파주시티투어 당일코스(화요일),0.33666666666666667,0.0,0.33666666666666667
50,115,파주,2026 파주시티투어 1박2일코스(토요일~일요일),0.32833333333333337,0.0,0.32833333333333337
50,128,대구,현풍코스,0.3271428571428572,0.0,0.3271428571428572
50,233,서천,광역코스,0.3271428571428571,0.0,0.3271428571428571
50,234,서천,힐링코스,0.3271428571428571,0.0,0.3271428571428571
50,142,제천,시티투어,0.32000000000000006,0.0,0.32000000000000006
50,89,청주,청주시티투어_정기투어_트레킹 투어(토),0.32,0.0,0.32
50,201,양주,자연친화코스1,0.32,0.0,0.32
50,169,춘천,일요일,0.31500000000000006,0.0,0.31500000000000006
50,170,춘천,토요일,0.31500000000000006,0.0,0.31500000000000006
50,104,안동,하회마을테마,0.3109090909090909,0.0,0.3109090909090909
50,102,안동,봉정사&만휴정테마,0.3063636363636364,0.0,0.3063636363636364
50,68,서산,C코스,0.3057142857142857,0.0,0.3057142857142857
50,202,양주,서울우유견학코스,0.3057142857142857,0.0,0.3057142857142857
50,66,홍성,남당항 코스,0.30333333333333334,0.0,0.30333333333333334
50,199,완도,해양치유시티투어,0.30214285714285716,0.0,0.30214285714285716
50,94,여주,시티투어,0.3018181818181818,0.0,0.3018181818181818
50,69,서산,B코스,0.2985714285714286,0.0,0.2985714285714286
50,153,세종,행복투어B,0.2866666666666667,0.0,0.2866666666666667
50,242,순천,(기획투어)나이트가든투어,0.2866666666666667,0.0,0.2866666666666667
50,90,청주,청주시티투어_정기투어_힐링로드 투어(토),0.28428571428571425,0.0,0.28428571428571425
50,256,울산,태화강 국가정원 코스,0.2838888888888889,0.0,0.2838888888888889
50,174,춘천,화요일,0.28250000000000003,0.0,0.28250000000000003
50,143,동해,관광문화코스,0.2783333333333333,0.0,0.2783333333333333
50,139,군산,(익산역 출발) 고군산시간여행코스,0.27,0.0,0.27
50,176,창원,창원시티투어,0.26999999999999996,0.0,0.26999999999999996
50,53,사천,바다투어,0.26285714285714284,0.0,0.26285714285714284
50,137,임실,명소탐방 임실 시티투어,0.26,0.0,0.26
50,192,삼척,종일코스,0.26,0.0,0.26
50,277,서울,EG투어버스 J코스,0.25,0.0,0.25
50,279,서울,EG투어버스 H코스,0.25,0.0,0.25
50,22,여수,2층야간코스,0.24857142857142853,0.0,0.24857142857142853
50,250,대전,"광역투어(넷재주, 일)",0.24857142857142853,0.0,0.24857142857142853
50,3,부산,오렌지라인,0.24692307692307694,0.0,0.24692307692307694
50,34,화성,테마와 하루(농어촌 체험),0.245,0.0,0.245
50,35,화성,소소한 하루,0.245,0.0,0.245
50,25,여수,이순신문화유적코스,0.2422222222222222,0.0,0.2422222222222222
50,56,영주,선비 코스,0.23500000000000001,0.0,0.23500000000000001
50,103,안동,도산서원&예끼마을테마,0.23500000000000001,0.0,0.23500000000000001
50,212,대전,야경,0.23249999999999998,0.0,0.23249999999999998
50,5,부산,레드라인,0.23153846153846155,0.0001897773279352227,0.23172823886639676
50,50,사천,우주항공산업투어,0.23111111111111107,0.0,0.23111111111111107
50,38,화성,바다와 하루,0.23,0.0,0.23
50,239,순천,(테마투어)세계유산투어,0.23,0.0,0.23
50,268,서울,EG투어버스 B코스,0.23,0.0,0.23
50,52,사천,이순신승전길투어,0.22624999999999998,0.0,0.22624999999999998
50,78,원주,원주시티투어(순환형),0.22333333333333333,0.0,0.22333333333333333
50,154,세종,야경투어,0.22,0.0,0.22
50,168,태안,북부코스,0.22,0.0,0.22
50,244,아산,예술맛집 코스,0.22,0.0,0.22
50,106,안동,주간도심테마,0.21999999999999997,0.0,0.21999999999999997
50,232,서천,전라권코스,0.21166666666666664,0.0,0.21166666666666664
50,98,양산,봄꽃체험코스,0.21,0.0,0.21
50,230,대전,남부코스,0.21,0.0,0.21
50,39,화성,열차와 하루,0.2033333333333333,0.0,0.2033333333333333
50,8,대구,테마(야경 4~10월),0.2,0.0,0.2
50,54,사천,별빛투어,0.19727272727272727,0.0,0.19727272727272727
50,99,봉화,송이축제 문화유적탐방버스,0.19,0.0,0.19
50,100,봉화,은어축제 문화유적탐방버스,0.19,0.0,0.19
50,213,대전,힐링(장태산),0.19,0.0,0.19
50,269,서울,EG투어버스 A코스,0.19,0.0,0.19
50,208,양구,방산나들이코스,0.18666666666666665,0.0,0.18666666666666665
50,226,대전,"광역투어(둘째주, 토)",0.18666666666666665,0.0,0.18666666666666665
50,62,익산,익산숨은보석찾기코스,0.18428571428571425,0.0,0.18428571428571425
50,218,대전,생태교육,0.18,0.0,0.18
50,278,서울,EG투어버스 I코스,0.18,0.0,0.18
50,79,연천,연천명소코스,0.17833333333333332,0.0,0.17833333333333332
50,95,양산,양산시 가을 시티투어 (자연관광코스),0.17833333333333332,0.0,0.17833333333333332
50,113,가평,가평순환버스B코스,0.17833333333333332,0.0,0.17833333333333332
50,207,양구,힐링산책코스,0.17833333333333332,0.0,0.17833333333333332
50,70,서산,A코스,0.16999999999999998,0.0,0.16999999999999998
50,77,태백,황지자유시장 코스,0.16374999999999998,0.0,0.16374999999999998
50,210,곡성,읍권 순환버스,0.16374999999999998,0.0,0.16374999999999998
50,260,서천,문화코스,0.1633333333333333,0.0,0.1633333333333333
50,0,부산,동부산테마노선,0.16285714285714284,0.0,0.16285714285714284
50,26,여수,다크투어리즘코스,0.16285714285714284,0.0,0.16285714285714284
50,140,군산,고군산시간여행코스,0.16285714285714284,0.0,0.16285714285714284
50,63,홍성,죽도코스,0.16166666666666665,0.0,0.16166666666666665
50,80,연천,안보자연코스,0.16166666666666665,0.0,0.16166666666666665
50,206,양구,해안DMZ트래킹 코스,0.16166666666666665,0.0,0.16166666666666665
50,220,아산,인생네컷 코스,0.16166666666666665,0.0,0.16166666666666665
50,147,안산,대부도 해변코스(일반형 2코스),0.15333333333333332,0.0,0.15333333333333332
50,148,안산,대부도 해변코스(일반형 1코스),0.15333333333333332,0.0,0.15333333333333332
50,215,대전,역사문화(동춘당),0.15333333333333332,0.0,0.15333333333333332
50,87,의정부,의정부포레스트:오감이 깨어나는 숲 속 여행,0.15,0.0,0.15
50,110,정선,아리랑열차 연계형 시티투어2,0.15,0.0,0.15
50,111,정선,아리랑열차 연계형 시티투어 1,0.15,0.0,0.15
50,136,인천,인천레트로노선,0.15,0.0,0.15
50,182,포항,퐝순환코스,0.15,0.0,0.15
50,76,태백,통리장 코스,0.145,0.0,0.145
50,91,청주,청주시티투어_정기투어_초정힐링 투어(토),0.145,0.0,0.145
50,251,대전,"광역투어(넷재주, 토)",0.145,0.0,0.145
50,27,여수,제2코스,0.14307692307692307,0.0,0.14307692307692307
50,1,부산,서부산생태투어,0.13874999999999998,0.0,0.13874999999999998
50,20,광양,야경코스,0.13874999999999998,0.0,0.13874999999999998
50,24,여수,야경코스,0.13428571428571426,0.0,0.13428571428571426
50,105,안동,야간도심테마,0.13428571428571426,0.0,0.13428571428571426
50,92,청주,청주시티투어_정기투어_청남대 투어(수토일),0.1311111111111111,0.0,0.1311111111111111
50,171,춘천,금요일,0.12625,0.0,0.12625
50,191,평창,남부권 코스,0.12625,0.0,0.12625
50,151,안산,대부도 뱃길코스(일반형 2코스),0.12555555555555556,0.0,0.12555555555555556
50,49,밀양,시내권 투어 1,0.12000000000000001,0.0,0.12000000000000001
50,228,대전,"광역투어(첫주, 토)",0.12000000000000001,0.0,0.12000000000000001
50,57,영주,물돌이 코스,0.115,0.0,0.115
50,114,가평,가평순환버스A코스,0.11444444444444445,0.0,0.11444444444444445
50,152,안산,대부도 뱃길코스(일반형 1코스),0.10888888888888888,0.0,0.10888888888888888
50,23,여수,2층주간코스,0.10500000000000001,0.0,0.10500000000000001
50,21,여수,야간테마코스(시간을달리는버스커),0.09272727272727273,0.0,0.09272727272727273
50,4,부산,그린라인,0.08923076923076924,0.0,0.08923076923076924
50,71,천안,일요일,0.0825,0.0,0.0825
50,200,진도,진도시티투어,0.06642857142857143,0.0,0.06642857142857143
50,41,화성,역사와 하루2,0.06,0.0,0.06
50,101,청도,시티투어,0.06,0.0,0.06
50,32,화성,테마와 하루(문화예술 체험),0.05333333333333333,0.0,0.05333333333333333
50,275,서울,EG투어버스 L코스,0.05333333333333333,0.0,0.05333333333333333
50,33,화성,테마와 하루(목장 체험),0.05,0.0,0.05
50,146,안산,대부도 해변코스(체험형 1코스),0.05,0.0,0.05
50,28,여수,제1코스,0.04857142857142857,0.0,0.04857142857142857
50,85,이천,농촌체험코스(남부),0.045,0.0,0.045
50,149,안산,대부도 뱃길코스(체험형 2코스),0.045,0.0,0.045
50,150,안산,대부도 뱃길코스(체험형 1코스),0.045,0.0,0.045
50,6,제주,야간코스(7월말~8월말 운영),0.041428571428571426,0.0,0.041428571428571426
50,84,이천,농촌체험코스(중부),0.04000000000000001,0.0,0.04000000000000001
50,209,곡성,압록권역 순환버스,0.04000000000000001,0.0,0.04000000000000001
50,276,서울,EG투어버스 K 코스,0.04000000000000001,0.0,0.04000000000000001
50,45,화성,테마와 하루(지역축제 체험),0.03666666666666667,0.0,0.03666666666666667
50,83,이천,농촌체험코스(북부),0.03666666666666667,0.0,0.03666666666666667
50,82,이천,승마체험코스,0.0325,0.0,0.0325
50,31,화성,테마와 하루(해양생태 체험),0.030000000000000002,0.0,0.030000000000000002
50,246,대전,언택트세이프(B),0.030000000000000002,0.0,0.030000000000000002
50,271,서울,EG투어버스 F코스,0.030000000000000002,0.0,0.030000000000000002
50,93,여주,꽃섬투어,0.025555555555555557,0.0,0.025555555555555557
50,2,부산,야경투어,0.02,0.0,0.02
50,29,목포,별빛물결시티투어,0.02,0.0,0.02
50,75,충주,충주시티투어,0.02,0.0,0.02
50,118,파주,2026 파주시티투어 당일코스(금요일),0.02,0.0,0.02
50,164,화순,화순적벽 버스투어(적벽 셔틀버스),0.02,0.0,0.02
50,165,화순,화순적벽 버스투어(적벽투어),0.02,0.0,0.02
50,211,대전,가족여행,0.02,0.0,0.02
50,219,대전,다크투어,0.02,0.0,0.02
50,273,서울,EG투어버스 D코스,0.02,0.0,0.02
50,16,대구,테마(야경 11~3월),0.0,0.0,0.0
50,36,화성,별과 하루,0.0,0.0,0.0
50,37,화성,노을과 하루,0.0,0.0,0.0
50,44,화성,섬과 하루,0.0,0.0,0.0
50,55,영주,특별운영,0.0,0.0,0.0
50,60,익산,맞춤형코스,0.0,0.0,0.0
50,88,청주,청주시티투어_수시투어,0.0,0.0,0.0
50,125,부천,정규코스. 특별코스,0.0,0.0,0.0
50,132,인천,선재영흥투어,0.0,0.0,0.0
50,134,인천,무의도투어,0.0,0.0,0.0
50,141,제천,제천관광택시,0.0,0.0,0.0
50,198,공주,축제코스,0.0,0.0,0.0
50,231,태안,북부코스남부코스,0.0,0.0,0.0
50,259,단양,단양군시티투어,0.0,0.0,0.0
50,261,부여,백제문화단지-부소산성-궁남지-정림사지-백제문화단지,0.0,0.0,0.0
60plus,10,대구,테마-전통5일장-현풍백년도깨비시장,2.0,0.0,2.0
60plus,7,제주,순환형코스,1.9500000000000002,0.0,1.9500000000000002
60plus,122,시흥,테마형 수시코스,1.85,0.0,1.85
60plus,14,대구,테마-방방곡곡(팔공산),1.8,0.0,1.8
60plus,112,정선,와와정선 2층 투어버스,1.2000000000000002,0.0,1.2000000000000002
60plus,156,세종,역사산책투어,1.17,0.0,1.17
60plus,15,대구,도심순환코스(12개 정류장),1.0,0.0,1.0
60plus,129,인천,노을야경투어,1.0,0.0,1.0
60plus,131,인천,교동도투어,1.0,0.0,1.0
60plus,135,인천,바다노선,1.0,0.0,1.0
60plus,183,포항,퐝랜드마크B코스,1.0,0.0,1.0
60plus,130,인천,석모도투어,0.95,0.0,0.95
60plus,184,포항,퐝랜드마크A코스,0.95,0.0,0.95
60plus,185,포항,씨(SEA)하게 보는 포항코스,0.95,0.0,0.95
60plus,159,세종,봄꽃파닭B투어,0.9366666666666666,0.0,0.9366666666666666
60plus,160,세종,봄꽃파닭A투어,0.9366666666666666,0.0,0.9366666666666666
60plus,120,파주,2026 파주시티투어 당일코스(수요일),0.8866666666666667,0.0,0.8866666666666667
60plus,181,김해,김해에반해,0.8771428571428572,0.0,0.8771428571428572
60plus,179,김해,역사에반해,0.8533333333333334,0.0,0.8533333333333334
60plus,133,인천,청라투어,0.85,0.0,0.85
60plus,267,공주,반일코스,0.8300000000000001,0.0,0.8300000000000001
60plus,11,대구,테마-방방곡곡(사시사철),0.8,0.0,0.8
60plus,12,대구,테마-방방곡곡(군위군 돋보기),0.8,0.0,0.8
60plus,13,대구,테마-방방곡곡(낙동강),0.8,0.0,0.8
60plus,229,대전,대청호코스,0.8,0.0,0.8
60plus,180,김해,자연에반해,0.77,0.0,0.77
60plus,74,천안,화요일,0.7325,0.0,0.7325
60plus,262,공주,봄·여름·가을 코스,0.7033333333333334,0.0,0.7033333333333334
60plus,138,군산,(박물관 출발) 고군산코스,0.6866666666666666,0.0,0.6866666666666666
60plus,173,춘천,수요일,0.6866666666666666,0.0,0.6866666666666666
60plus,166,태안,광역코스,0.67,0.0,0.67
60plus,178,김해,문화에반해,0.6599999999999999,0.0,0.6599999999999999
60plus,235,홍천,홍천시티투어,0.6533333333333333,0.0,0.6533333333333333
60plus,188,서천,푸른빛코스,0.645,0.0,0.645
60plus,227,대전,"광역투어(첫주, 일)",0.6387499999999999,0.0,0.6387499999999999
60plus,46,합천,합천광역시티투어 누비고,0.6366666666666667,0.0,0.6366666666666667
60plus,42,화성,역사와 하루1,0.63,0.0,0.63
60plus,61,익산,세계유산코스,0.62,0.0,0.62
60plus,116,파주,2026 파주시티투어 당일코스(일요일),0.62,0.0,0.62
60plus,119,파주,2026 파주시티투어 당일코스(목요일),0.62,0.0,0.62
60plus,223,대전,"광역투어(셋째주, 일)",0.5985714285714285,0.0,0.5985714285714285
60plus,263,공주,가을코스2,0.5755555555555556,0.0,0.5755555555555556
60plus,236,화천,화천시티투어(백암산케이블카),0.5700000000000001,0.0,0.5700000000000001
60plus,254,경산,"소원성취코스,삼성현명품투어코스",0.5628571428571428,0.0,0.5628571428571428
60plus,126,대구,도동코스,0.5575,0.0,0.5575
60plus,177,경기광주,광주시티투어,0.5557142857142857,0.0012272727272727272,0.5569415584415585
60plus,127,대구,송해코스,0.54,0.0,0.54
60plus,241,순천,(테마투어)생태투어,0.54,0.0,0.54
60plus,81,연천,역사자연코스,0.5342857142857143,0.0,0.5342857142857143
60plus,265,공주,여름코스,0.53,0.0,0.53
60plus,96,양산,양산시 가을 시티투어 (역사문화코스),0.5116666666666666,0.001281818181818182,0.5129484848484848
60plus,162,세종,세종관광명소B투어,0.5075000000000001,0.0,0.5075000000000001
60plus,47,밀양,삼랑진권 투어,0.495,0.0,0.495
60plus,144,안산,안산 시내권코스(토요일),0.495,0.0,0.495
60plus,258,양주,왕실축제,0.495,0.0,0.495
60plus,108,부여,부여테마여행,0.4936842105263158,0.0,0.4936842105263158
60plus,249,대전,"광역투어(다섯째주, 토)",0.48875,0.0,0.48875
60plus,222,아산,아산도심핫플코스,0.4866666666666667,0.0,0.4866666666666667
60plus,175,춘천,월요일,0.48250000000000004,0.0,0.48250000000000004
60plus,195,완주,완주힐링로드시티투어 2코스,0.4755555555555555,0.0,0.4755555555555555
60plus,72,천안,토요일,0.47000000000000003,0.0,0.47000000000000003
60plus,73,천안,목요일,0.47000000000000003,0.0,0.47000000000000003
60plus,161,세종,천안연계투어,0.47000000000000003,0.0,0.47000000000000003
60plus,86,평택,"문화유산코스 /관광코스 ※무장애코스 월2회 정기운영(3~6월,9~11월)",0.4642307692307692,0.0,0.4642307692307692
60plus,186,서천,동백코스(익산-군산 광역),0.45333333333333337,0.0,0.45333333333333337
60plus,225,대전,"광역투어(둘째주, 일)",0.45333333333333337,0.0,0.45333333333333337
60plus,64,홍성,"전통시장코스(홍성) 1,6일 운영",0.45000000000000007,0.0,0.45000000000000007
60plus,237,화천,화천시티투어(평화누리호),0.45000000000000007,0.0,0.45000000000000007
60plus,252,안성,안성시티투어,0.45000000000000007,0.0,0.45000000000000007
60plus,203,양주,박물관투어,0.44857142857142857,0.0,0.44857142857142857
60plus,167,태안,남부코스,0.445,0.0,0.445
60plus,264,공주,가을코스,0.43500000000000005,0.0,0.43500000000000005
60plus,43,화성,자연과 하루,0.4325,0.0,0.4325
60plus,157,세종,행복투어A,0.43000000000000005,0.0,0.43000000000000005
60plus,240,순천,(테마투어)성곽투어,0.43000000000000005,0.0,0.43000000000000005
60plus,216,대전,역사문화(효월드),0.42714285714285716,0.0,0.42714285714285716
60plus,255,울산,장생포 대왕암 코스,0.42714285714285716,0.0,0.42714285714285716
60plus,30,목포,목포랑시티투어,0.4241666666666667,0.0,0.4241666666666667
60plus,163,세종,세종관광명소A투어,0.42000000000000004,0.0,0.42000000000000004
60plus,214,대전,힐링(만인산),0.42000000000000004,0.0,0.42000000000000004
60plus,238,순천,(테마투어)산사투어,0.42000000000000004,0.0,0.42000000000000004
60plus,243,나주,정기코스,0.42000000000000004,0.0,0.42000000000000004
60plus,253,대전,언택트세이프?,0.42000000000000004,0.0,0.42000000000000004
60plus,9,대구,테마-전통5일장-군위전통시장,0.42,0.0,0.42
60plus,145,안산,안산 시내권코스(목요일),0.42,0.0,0.42
60plus,190,영광,"영광쉼,투어",0.42,0.0,0.42
60plus,224,대전,"광역투어(셋째주, 토)",0.41285714285714287,0.0,0.41285714285714287
60plus,189,서천,보랏빛코스,0.4057142857142857,0.0,0.4057142857142857
60plus,197,평창,북부권 코스,0.40125,0.0005454545454545454,0.40179545454545457
60plus,17,해남,해남시티투어,0.4,0.0,0.4
60plus,40,화성,모두와 하루(무장애 여행),0.4,0.0,0.4
60plus,58,익산,순환형2,0.395,0.0,0.395
60plus,59,익산,순환형1,0.395,0.0,0.395
60plus,204,양주,역사투어,0.395,0.0,0.395
60plus,187,서천,금빛코스,0.39142857142857146,0.0,0.39142857142857146
60plus,123,시흥,테마형 정기코스,0.39,0.0,0.39
60plus,124,시흥,순환형 2층버스,0.39,0.0,0.39
60plus,48,밀양,영남알프스권 투어 1,0.38250000000000006,0.0,0.38250000000000006
60plus,155,세종,정원투어,0.38,0.0,0.38
60plus,217,대전,대덕특구탐방,0.38,0.0,0.38
60plus,221,아산,休캉스 코스,0.38,0.0,0.38
60plus,245,아산,역사기행 코스,0.38,0.0,0.38
60plus,193,완주,완주힐링로드 시티투어(코레일연계 익산역),0.37909090909090915,0.0,0.37909090909090915
60plus,51,사천,오감체험투어,0.3783333333333333,0.0,0.3783333333333333
60plus,107,예산,예산군 버스투어,0.3783333333333333,0.0,0.3783333333333333
60plus,272,서울,EG투어버스 E코스,0.3783333333333333,0.0,0.3783333333333333
60plus,266,공주,봄코스,0.37357142857142855,0.0,0.37357142857142855
60plus,117,파주,2026 파주시티투어 당일코스(토요일),0.37,0.0,0.37
60plus,257,양주,천일홍축제,0.37,0.0,0.37
60plus,109,부여,롯데리조트부여와 함께하는 부여 감성야행,0.3616666666666667,0.0,0.3616666666666667
60plus,67,홍성,역사·문화 코스,0.35333333333333333,0.0,0.35333333333333333
60plus,97,양산,2025 6월 시티투어,0.35333333333333333,0.0,0.35333333333333333
60plus,158,세종,역사문화투어,0.35333333333333333,0.0,0.35333333333333333
60plus,172,춘천,목요일,0.35333333333333333,0.0,0.35333333333333333
60plus,248,대전,"광역투어(다섯째주, 일)",0.35125000000000006,0.0,0.35125000000000006
60plus,194,완주,완주힐링로드 시티투어(서울권역),0.3491666666666667,0.0,0.3491666666666667
60plus,18,광양,광양역사코스,0.34777777777777774,0.0,0.34777777777777774
60plus,19,광양,광양힐링코스,0.34777777777777774,0.0,0.34777777777777774
60plus,205,양주,기본코스,0.34777777777777774,0.0,0.34777777777777774
60plus,65,홍성,"전통시장코스(광천) 4,9일 운영",0.345,0.0,0.345
60plus,274,서울,EG투어버스 C코스,0.345,0.0,0.345
60plus,247,대전,언택트세이프(A),0.34,0.0,0.34
60plus,270,서울,EG투어버스 G코스,0.34,0.0,0.34
60plus,196,완주,완주힐링로드시티투어 1코스,0.3392307692307693,0.0,0.3392307692307693
60plus,121,파주,2026 파주시티투어 당일코스(화요일),0.33666666666666667,0.0,0.33666666666666667
60plus,115,파주,2026 파주시티투어 1박2일코스(토요일~일요일),0.32833333333333337,0.0,0.32833333333333337
60plus,128,대구,현풍코스,0.3271428571428572,0.0,0.3271428571428572
60plus,233,서천,광역코스,0.3271428571428571,0.0,0.3271428571428571
60plus,234,서천,힐링코스,0.3271428571428571,0.0,0.3271428571428571
60plus,142,제천,시티투어,0.32000000000000006,0.0,0.32000000000000006
60plus,89,청주,청주시티투어_정기투어_트레킹 투어(토),0.32,0.0,0.32
60plus,201,양주,자연친화코스1,0.32,0.0,0.32
60plus,169,춘천,일요일,0.31500000000000006,0.0,0.31500000000000006
60plus,170,춘천,토요일,0.31500000000000006,0.0,0.31500000000000006
60plus,104,안동,하회마을테마,0.3109090909090909,0.0,0.3109090909090909
60plus,102,안동,봉정사&만휴정테마,0.3063636363636364,0.0,0.3063636363636364
60plus,68,서산,C코스,0.3057142857142857,0.0,0.3057142857142857
60plus,202,양주,서울우유견학코스,0.3057142857142857,0.0,0.3057142857142857
60plus,66,홍성,남당항 코스,0.30333333333333334,0.0,0.30333333333333334
60plus,199,완도,해양치유시티투어,0.30214285714285716,0.0,0.30214285714285716
60plus,94,여주,시티투어,0.3018181818181818,0.0,0.3018181818181818
60plus,69,서산,B코스,0.2985714285714286,0.0,0.2985714285714286
60plus,153,세종,행복투어B,0.2866666666666667,0.0,0.2866666666666667
60plus,242,순천,(기획투어)나이트가든투어,0.2866666666666667,0.0,0.2866666666666667
60plus,90,청주,청주시티투어_정기투어_힐링로드 투어(토),0.28428571428571425,0.0,0.28428571428571425
60plus,256,울산,태화강 국가정원 코스,0.2838888888888889,0.0,0.2838888888888889
60plus,174,춘천,화요일,0.28250000000000003,0.0,0.28250000000000003
60plus,143,동해,관광문화코스,0.2783333333333333,0.0,0.2783333333333333
60plus,139,군산,(익산역 출발) 고군산시간여행코스,0.27,0.0,0.27
60plus,176,창원,창원시티투어,0.26999999999999996,0.0,0.26999999999999996
60plus,53,사천,바다투어,0.26285714285714284,0.0,0.26285714285714284
60plus,137,임실,명소탐방 임실 시티투어,0.26,0.0,0.26
60plus,192,삼척,종일코스,0.26,0.0,0.26
60plus,277,서울,EG투어버스 J코스,0.25,0.0,0.25
60plus,279,서울,EG투어버스 H코스,0.25,0.0,0.25
60plus,22,여수,2층야간코스,0.24857142857142853,0.0,0.24857142857142853
60plus,250,대전,"광역투어(넷재주, 일)",0.24857142857142853,0.0,0.24857142857142853
60plus,3,부산,오렌지라인,0.24692307692307694,0.0,0.24692307692307694
60plus,34,화성,테마와 하루(농어촌 체험),0.245,0.0,0.245
60plus,35,화성,소소한 하루,0.245,0.0,0.245
60plus,25,여수,이순신문화유적코스,0.2422222222222222,0.0,0.2422222222222222
60plus,56,영주,선비 코스,0.23500000000000001,0.0,0.23500000000000001
60plus,103,안동,도산서원&예끼마을테마,0.23500000000000001,0.0,0.23500000000000001
60plus,212,대전,야경,0.23249999999999998,0.0,0.23249999999999998
60plus,5,부산,레드라인,0.23153846153846155,0.0,0.23153846153846155
60plus,50,사천,우주항공산업투어,0.23111111111111107,0.0,0.23111111111111107
60plus,38,화성,바다와 하루,0.23,0.0,0.23
60plus,239,순천,(테마투어)세계유산투어,0.23,0.0,0.23
60plus,268,서울,EG투어버스 B코스,0.23,0.0,0.23
60plus,52,사천,이순신승전길투어,0.22624999999999998,0.0,0.22624999999999998
60plus,78,원주,원주시티투어(순환형),0.22333333333333333,0.0,0.22333333333333333
60plus,154,세종,야경투어,0.22,0.0,0.22
60plus,168,태안,북부코스,0.22,0.0,0.22
60plus,244,아산,예술맛집 코스,0.22,0.0,0.22
60plus,106,안동,주간도심테마,0.21999999999999997,0.0,0.21999999999999997
60plus,232,서천,전라권코스,0.21166666666666664,0.0,0.21166666666666664
60plus,98,양산,봄꽃체험코스,0.21,0.0,0.21
60plus,230,대전,남부코스,0.21,0.0,0.21
60plus,39,화성,열차와 하루,0.2033333333333333,0.0,0.2033333333333333
60plus,8,대구,테마(야경 4~10월),0.2,0.0,0.2
60plus,54,사천,별빛투어,0.19727272727272727,0.0,0.19727272727272727
60plus,99,봉화,송이축제 문화유적탐방버스,0.19,0.0,0.19
60plus,100,봉화,은어축제 문화유적탐방버스,0.19,0.0,0.19
60plus,213,대전,힐링(장태산),0.19,0.0,0.19
60plus,269,서울,EG투어버스 A코스,0.19,0.0,0.19
60plus,208,양구,방산나들이코스,0.18666666666666665,0.0,0.18666666666666665
60plus,226,대전,"광역투어(둘째주, 토)",0.18666666666666665,0.0,0.18666666666666665
60plus,62,익산,익산숨은보석찾기코스,0.18428571428571425,0.0,0.18428571428571425
60plus,218,대전,생태교육,0.18,0.0,0.18
60plus,278,서울,EG투어버스 I코스,0.18,0.0,0.18
60plus,79,연천,연천명소코스,0.17833333333333332,0.0,0.17833333333333332
60plus,95,양산,양산시 가을 시티투어 (자연관광코스),0.17833333333333332,0.0,0.17833333333333332
60plus,113,가평,가평순환버스B코스,0.17833333333333332,0.0,0.17833333333333332
60plus,207,양구,힐링산책코스,0.17833333333333332,0.0,0.17833333333333332
60plus,70,서산,A코스,0.16999999999999998,0.0,0.16999999999999998
60plus,77,태백,황지자유시장 코스,0.16374999999999998,0.0,0.16374999999999998
60plus,210,곡성,읍권 순환버스,0.16374999999999998,0.0,0.16374999999999998
60plus,260,서천,문화코스,0.1633333333333333,0.0,0.1633333333333333
60plus,0,부산,동부산테마노선,0.16285714285714284,0.0,0.16285714285714284
60plus,26,여수,다크투어리즘코스,0.16285714285714284,0.0,0.16285714285714284
60plus,140,군산,고군산시간여행코스,0.16285714285714284,0.0,0.16285714285714284
60plus,63,홍성,죽도코스,0.16166666666666665,0.0,0.16166666666666665
60plus,80,연천,안보자연코스,0.16166666666666665,0.0,0.16166666666666665
60plus,206,양구,해안DMZ트래킹 코스,0.16166666666666665,0.0,0.16166666666666665
60plus,220,아산,인생네컷 코스,0.16166666666666665,0.0,0.16166666666666665
60plus,147,안산,대부도 해변코스(일반형 2코스),0.15333333333333332,0.0,0.15333333333333332
60plus,148,안산,대부도 해변코스(일반형 1코스),0.15333333333333332,0.0,0.15333333333333332
60plus,215,대전,역사문화(동춘당),0.15333333333333332,0.0,0.15333333333333332
60plus,87,의정부,의정부포레스트:오감이 깨어나는 숲 속 여행,0.15,0.0,0.15
60plus,110,정선,아리랑열차 연계형 시티투어2,0.15,0.0,0.15
60plus,111,정선,아리랑열차 연계형 시티투어 1,0.15,0.0,0.15
60plus,136,인천,인천레트로노선,0.15,0.0,0.15
60plus,182,포항,퐝순환코스,0.15,0.0,0.15
60plus,76,태백,통리장 코스,0.145,0.0,0.145
60plus,91,청주,청주시티투어_정기투어_초정힐링 투어(토),0.145,0.0,0.145
60plus,251,대전,"광역투어(넷재주, 토)",0.145,0.0,0.145
60plus,27,여수,제2코스,0.14307692307692307,0.0,0.14307692307692307
60plus,1,부산,서부산생태투어,0.13874999999999998,0.0,0.13874999999999998
60plus,20,광양,야경코스,0.13874999999999998,0.0,0.13874999999999998
60plus,24,여수,야경코스,0.13428571428571426,0.0,0.13428571428571426
60plus,105,안동,야간도심테마,0.13428571428571426,0.0,0.13428571428571426
60plus,92,청주,청주시티투어_정기투어_청남대 투어(수토일),0.1311111111111111,0.0,0.1311111111111111
60plus,171,춘천,금요일,0.12625,0.0,0.12625
60plus,191,평창,남부권 코스,0.12625,0.0,0.12625
60plus,151,안산,대부도 뱃길코스(일반형 2코스),0.12555555555555556,0.0,0.12555555555555556
60plus,49,밀양,시내권 투어 1,0.12000000000000001,0.0,0.12000000000000001
60plus,228,대전,"광역투어(첫주, 토)",0.12000000000000001,0.0,0.12000000000000001
60plus,57,영주,물돌이 코스,0.115,0.0,0.115
60plus,114,가평,가평순환버스A코스,0.11444444444444445,0.0,0.11444444444444445
60plus,152,안산,대부도 뱃길코스(일반형 1코스),0.10888888888888888,0.0,0.10888888888888888
60plus,23,여수,2층주간코스,0.10500000000000001,0.0,0.10500000000000001
60plus,21,여수,야간테마코스(시간을달리는버스커),0.09272727272727273,0.0,0.09272727272727273
60plus,4,부산,그린라인,0.08923076923076924,0.0,0.08923076923076924
60plus,71,천안,일요일,0.0825,0.0,0.0825
60plus,200,진도,진도시티투어,0.06642857142857143,0.0,0.06642857142857143
60plus,41,화성,역사와 하루2,0.06,0.0,0.06
60plus,101,청도,시티투어,0.06,0.0,0.06
60plus,32,화성,테마와 하루(문화예술 체험),0.05333333333333333,0.0,0.05333333333333333
60plus,275,서울,EG투어버스 L코스,0.05333333333333333,0.0,0.05333333333333333
60plus,33,화성,테마와 하루(목장 체험),0.05,0.0,0.05
60plus,146,안산,대부도 해변코스(체험형 1코스),0.05,0.0,0.05
60plus,28,여수,제1코스,0.04857142857142857,0.0,0.04857142857142857
60plus,85,이천,농촌체험코스(남부),0.045,0.0,0.045
60plus,149,안산,대부도 뱃길코스(체험형 2코스),0.045,0.0,0.045
60plus,150,안산,대부도 뱃길코스(체험형 1코스),0.045,0.0,0.045
60plus,6,제주,야간코스(7월말~8월말 운영),0.041428571428571426,0.0,0.041428571428571426
60plus,84,이천,농촌체험코스(중부),0.04000000000000001,0.0,0.04000000000000001
60plus,209,곡성,압록권역 순환버스,0.04000000000000001,0.0,0.04000000000000001
60plus,276,서울,EG투어버스 K 코스,0.04000000000000001,0.0,0.04000000000000001
60plus,45,화성,테마와 하루(지역축제 체험),0.03666666666666667,0.0,0.03666666666666667
60plus,83,이천,농촌체험코스(북부),0.03666666666666667,0.0,0.03666666666666667
60plus,82,이천,승마체험코스,0.0325,0.0,0.0325
60plus,31,화성,테마와 하루(해양생태 체험),0.030000000000000002,0.0,0.030000000000000002
60plus,246,대전,언택트세이프(B),0.030000000000000002,0.0,0.030000000000000002
60plus,271,서울,EG투어버스 F코스,0.030000000000000002,0.0,0.030000000000000002
60plus,93,여주,꽃섬투어,0.025555555555555557,0.0,0.025555555555555557
60plus,2,부산,야경투어,0.02,0.0,0.02
60plus,29,목포,별빛물결시티투어,0.02,0.0,0.02
60plus,75,충주,충주시티투어,0.02,0.0,0.02
60plus,118,파주,2026 파주시티투어 당일코스(금요일),0.02,0.0,0.02
60plus,164,화순,화순적벽 버스투어(적벽 셔틀버스),0.02,0.0,0.02
60plus,165,화순,화순적벽 버스투어(적벽투어),0.02,0.0,0.02
60plus,211,대전,가족여행,0.02,0.0,0.02
60plus,219,대전,다크투어,0.02,0.0,0.02
60plus,273,서울,EG투어버스 D코스,0.02,0.0,0.02
60plus,16,대구,테마(야경 11~3월),0.0,0.0,0.0
60plus,36,화성,별과 하루,0.0,0.0,0.0
60plus,37,화성,노을과 하루,0.0,0.0,0.0
60plus,44,화성,섬과 하루,0.0,0.0,0.0
60plus,55,영주,특별운영,0.0,0.0,0.0
60plus,60,익산,맞춤형코스,0.0,0.0,0.0
60plus,88,청주,청주시티투어_수시투어,0.0,0.0,0.0
60plus,125,부천,정규코스. 특별코스,0.0,0.0,0.0
60plus,132,인천,선재영흥투어,0.0,0.0,0.0
60plus,134,인천,무의도투어,0.0,0.0,0.0
60plus,141,제천,제천관광택시,0.0,0.0,0.0
60plus,198,공주,축제코스,0.0,0.0,0.0
60plus,231,태안,북부코스남부코스,0.0,0.0,0.0
60plus,259,단양,단양군시티투어,0.0,0.0,0.0
60plus,261,부여,백제문화단지-부소산성-궁남지-정림사지-백제문화단지,0.0,0.0,0.0
