지역,관광지,언급 수,언급한 장소
부산,당감시장,7,ro292 부전마켓타운 / ro442 더베이101 / ro750 개금골목시장 / ro843 국립부산국악원 / ro844 장림골목시장
부여,구드래선착장,7,ro196 사랑나무돈까스 / ro222 정림사지5층석탑 / ro253 정림사지박물관 / ro265 장원막국수 / ro316 낙화암
울릉,거북바위,7,ro377 울릉도태양식당 따개비칼국수 본점 / ro412 저동항 / ro460 카페울라 / ro487 학포항 / ro490 사동항(울릉도)
해남,4est수목원,7,ro63 땅끝전망대 / ro152 해남소망식당 본점 / ro158 송호해수욕장 / ro184 해남고구마빵 피낭시에 / ro278 우수영국민관광지
군산,국립신시도자연휴양림,6,ro202 몽돌해변 / ro236 한일옥 / ro255 옥돌해변 / ro303 빈해원 / ro322 고군산군도
서울,대림중앙시장,6,ro49 YTN서울타워 / ro50 동대문종합시장 / ro743 대림시장 / ro833 노룬산골목시장 / ro834 구로리어린이공원
서울,도선사,6,ro77 토속촌삼계탕 / ro369 화계사 / ro438 4.19학생혁명기념탑 / ro586 더숲아카데미하우스 / ro783 가나돈까스의집
인천,강화고려궁지,6,ro12 강화풍물시장 / ro13 동막해변 / ro16 조양방직 / ro35 전등사 / ro42 강화제적봉 평화전망대
고창,고창고인돌군,5,ro259 동호해수욕장 / ro285 구시포해수욕장 / ro328 상하농원 / ro431 석정휴스파 / ro509 넓은들 학원농장
서울,영등포공원,5,ro17 코엑스 / ro77 토속촌삼계탕 / ro160 전쟁기념관 / ro745 보라매공원 / ro834 구로리어린이공원
태백,메이힐스리조트,5,ro133 몽토랑 / ro190 용연동굴 / ro191 황지공원 황지연못 / ro297 원조태성실비식당 / ro397 365세이프타운
강릉,BTS버스정류장,4,ro1 주문진수산시장 / ro24 강릉카페거리 / ro46 사근진해변 / ro60 동화가든
거제,거제관광모노레일,4,ro88 정글돔풀빌라앤글램핑 / ro103 거제씨월드 / ro130 하면옥 본점 / ro150 온더선셋
담양,백양사,4,ro569 담양온천 / ro732 담양관방제림 / ro811 한재골 / ro815 담양호
대구,국립대구기상과학관,4,ro230 리안 / ro270 대구간송미술관 / ro350 대구미술관 / ro401 국립대구과학관
대구,대구아쿠아리움,4,ro230 리안 / ro270 대구간송미술관 / ro401 국립대구과학관 / ro853 홍구원 가창점
대전,대전시립미술관,4,ro391 한국조폐공사 화폐박물관 / ro612 대전컨벤션센터 / ro690 대전컨벤션센터 제2전시장 / ro697 대전시립박물관
부산,한국신발관,4,ro177 동백섬 / ro685 남천리녹차팥빙수 / ro754 장림포구 / ro963 부산광역시교육청 학생안전체험관
서울,중곡제일시장,4,ro28 가락동 농수산물도매시장 / ro372 암사종합시장 / ro663 우림시장 / ro833 노룬산골목시장
수원,매탄공원,4,ro472 수원화성 팔달문 / ro543 권선종합시장 / ro767 신라갈비 / ro789 나혜석거리
수원,못골종합시장,4,ro400 수원화성 장안문 / ro616 구매탄시장 / ro618 화서시장 / ro788 해우재문화센터
여주,금은모래강변공원,4,ro432 한강6경바위늪경 강천섬 / ro504 여주곤충박물관 / ro575 한강문화관 / ro728 여주시립 폰박물관
울산,등억온천지구,4,ro172 자수정동굴나라 / ro183 언양기와집불고기 / ro338 언양진미불고기 / ro364 언양알프스시장
울진,기성망양해수욕장,4,ro142 망양정해수욕장 / ro145 울진항 / ro147 구산해수욕장 / ro385 울산회식당
인제,곰배령(산림청_진동리구간),4,ro389 옛날원대막국수 / ro511 국립방태산자연휴양림 / ro580 방동약수 / ro832 하추자연휴양림
인천,모래내종합시장,4,ro314 소래포구종합어시장 / ro405 남촌농산물도매시장 / ro553 송도컨벤시아 / ro554 구월동로데오거리
정선,가리왕산자연휴양림,4,ro57 강원랜드카지노리조트복지관 / ro296 회동집 / ro346 정선레일바이크 / ro475 로미지안가든
정선,고한야한구공탄시장,4,ro57 강원랜드카지노리조트복지관 / ro243 강원네이처로드 5코스 만항재드라이브길 / ro346 정선레일바이크 / ro474 강원랜드
정읍,국립전북기상과학관,4,ro423 서현사지 / ro533 양자강 / ro645 정읍시립박물관 / ro820 정읍국가유산미디어아트관 1894달하루
정읍,내장산케이블카,4,ro645 정읍시립박물관 / ro680 대일정 / ro723 내장사 / ro820 정읍국가유산미디어아트관 1894달하루
창녕,합천박물관,4,ro529 대중분식당 / ro563 창녕박물관 / ro715 창녕교동과송현동고분군 / ro808 무심사
철원,DMZ생태평화공원방문자센터,4,ro247 노동당사 / ro248 고석정국민관광지 / ro455 리버포레스트카페&해오름가든 / ro478 철원역사문화공원
충주,석종사,4,ro375 게으른악어 / ro674 원조중앙탑막국수 충주단월점 / ro694 계명산자연휴양림 / ro696 충주자유시장
통영,나폴리농원,4,ro78 수륙해수욕장 / ro95 동피랑전복마을 / ro137 스카이라인 루지 통영 / ro246 통영달아공원 달아전망대
거제,가조도,3,ro88 정글돔풀빌라앤글램핑 / ro135 흥남해수욕장 / ro150 온더선셋
거제,거제숲소리공원,3,ro56 저구항 / ro104 조선해양문화관 / ro130 하면옥 본점
거창,해인사,3,ro359 거창산림레포츠파크 / ro459 도감어가 / ro886 오도산전망대
경주,경주김유신장군묘,3,ro117 분황사 / ro118 경주중앙시장 / ro166 경주 감은사지동서삼층석탑
공주,갑사,3,ro110 대한불교조계종 동학사 / ro164 곰골식당 / ro180 부자떡집
남양주,남양주시립박물관,3,ro182 팔당초계국수 본점 / ro205 빛터널공원 / ro326 정약용유적지 생가
남양주,능내역/폐역,3,ro205 빛터널공원 / ro304 기와집순두부 조안본점 / ro651 다산생태공원
논산,강경근대거리,3,ro201 논산선샤인랜드 / ro216 반월소바 / ro267 강경해물칼국수
논산,신원사,3,ro203 명재고택 / ro286 충곡서원 / ro422 탑정호수변생태공원
대구,반야월종합시장,3,ro269 코오롱야외음악당 / ro313 이월드 / ro872 수성아트피아
무주,머루와인동굴,3,ro778 무심원 / ro779 메가MGC커피 무주군청점 / ro831 무주반디랜드 무주곤충박물관
보령,무량사,3,ro123 보령석탄박물관 / ro143 성주산자연휴양림 / ro144 대천해수욕장 스카이바이크
부산,KT&G상상마당/부산,3,ro4 광안리해수욕장 / ro306 냉수탕가든 / ro541 춘하추동밀면 서면본점
부산,가야공원,3,ro306 냉수탕가든 / ro748 태종사 / ro750 개금골목시장
부산,국립달음산자연휴양림,3,ro72 기장시장 / ro345 탄티 / ro920 수영팔도상가시장
부산,기장해녀촌,3,ro226 해운대달맞이길 / ro345 탄티 / ro444 아홉산숲
부산,롯데월드 어드벤처 부산,3,ro305 해운대가야밀면 / ro442 더베이101 / ro687 리초야 밀락더마켓점
부안,개암사,3,ro185 슬지제빵소 / ro224 고사포해수욕장 / ro237 변산명인바지락죽
서울,롯데월드아쿠아리움,3,ro437 한성백제박물관 / ro441 청와대 사랑채 / ro783 가나돈까스의집
서울,서울경동약령시장,3,ro839 청량리 청과물 도매시장 / ro924 청계천박물관 / ro974 홍릉시험림
서천,유구색동수국정원,3,ro67 춘장대해수욕장 / ro100 서천특화시장임시상설시장 / ro173 장항스카이워크
속초,The-K설악산가족호텔,3,ro3 청초수물회 속초본점 / ro9 동명항 / ro61 외옹치해수욕장
수원,매산시장,3,ro347 지동시장 / ro617 북수원온천 / ro618 화서시장
순천,낙안민속자연휴양림,3,ro274 낙안읍성민속마을 김소아가옥 / ro406 순천조례호수공원 / ro798 호남호국기념관
아산,광덕사,3,ro287 온양온천시장 / ro418 강당골 / ro495 모나밸리
양평,어비계곡,3,ro116 스타벅스 더양평DT점 / ro366 사나사계곡 / ro115 옥천냉면황해식당 본점
원주,국립백운산자연휴양림,3,ro227 미로예술 원주중앙시장 / ro449 원주자유시장번영회 영선반 / ro594 오크밸리리조트 빌리지센터
인천,갑곶돈대,3,ro16 조양방직 / ro22 교동대룡시장 / ro42 강화제적봉 평화전망대
인천,소래습지생태공원,3,ro232 황해 해물칼국수 본점 / ro556 모래내시장 / ro874 남동소래아트홀
인천,신흥시장,3,ro299 롱비치커피앤브래드 / ro625 신기시장 / ro627 인스파이어 아레나
전주,전주역사박물관,3,ro273 국립전주박물관 / ro793 전주자연생태관 / ro795 한국전통문화전당
제주,9.81파크,3,ro15 서귀포매일올레시장 / ro111 성이시돌목장 / ro149 아르떼뮤지엄 제주
제주,곽지해수욕장,3,ro59 판포포구 / ro112 금능해수욕장 / ro149 아르떼뮤지엄 제주
제천,삼탄유원지,3,ro168 제천중앙시장 / ro308 송계계곡 / ro395 박달재자연휴양림
제천,충주호유람선장회나루선착장,3,ro310 청풍문화유산단지 / ro374 청풍황금떡갈비 / ro395 박달재자연휴양림
진주,강주연못,3,ro162 송기원 진주냉면 본점 / ro483 초전공원 / ro484 지수승산부자마을
진주,경상남도수목원,3,ro234 진주냉면산홍 본점 / ro351 진주실크박물관 / ro483 초전공원
창원,대광사,3,ro425 대산파크골프장 / ro568 삼밀사 / ro892 성흥사
창원,속천항,3,ro176 창원NC파크 / ro327 반송시장 / ro361 마금산원탕보양온천
창원,진해내수면환경생태공원,3,ro637 안민고개 만남전망대 / ro722 진해루해변공원 / ro890 진해보타닉뮤지엄
충주,삼탄유원지,3,ro392 악어봉 / ro546 충주탄금공원(구 세계무술공원) / ro691 수주팔봉
평창,아우라지,3,ro31 월정사 / ro229 평창한우마을 대관령 / ro399 청옥산 전망대
포천,고모저수지,3,ro435 예술정원1999 자연예술테마파크 / ro658 천보산자연휴양림 / ro726 도마치계곡
함양,대봉산자연휴양림,3,ro491 함양대봉산휴양밸리 대봉스카이랜드 / ro507 용추계곡 / ro652 지리산함양시장
해남,고산윤선도유적지,3,ro152 해남소망식당 본점 / ro184 해남고구마빵 피낭시에 / ro288 땅끝국민관광지
홍성,궁리항,3,ro290 홍성스카이타워 / ro368 남당항 해양분수공원 / ro782 비츠
가평,꿈의동산,2,ro463 설악막국수 춘천닭갈비 별관 / ro650 가평군어린이음악놀이터
가평,남이섬,2,ro382 델씨엘로 / ro429 가평베고니아새정원
가평,대원사,2,ro650 가평군어린이음악놀이터 / ro729 명지계곡
강릉,논골담길,2,ro32 정동진 해변 / ro46 사근진해변
강릉,망상해수욕장,2,ro5 안목해변 / ro32 정동진 해변
거제,거제맹종죽테마파크,2,ro56 저구항 / ro103 거제씨월드
거창,거창근대의료박물관,2,ro654 거창전통시장 / ro921 거창사과테마파크
거창,농월정,2,ro611 허브팜민들레울 / ro654 거창전통시장
거창,오도산자연휴양림,2,ro564 백두산천지온천 / ro886 오도산전망대
거창,용추사,2,ro611 허브팜민들레울 / ro900 거창항노화힐링랜드
경기광주,용인중앙시장,2,ro572 중대물빛공원 / ro938 곤지암호국스포츠타운
경주,강동워터파크,2,ro118 경주중앙시장 / ro161 맷돌순두부
고령,대가야생활촌,2,ro904 우륵박물관 / ro942 소리체험관
공주,낙화암,2,ro198 무령왕릉 / ro360 공주 무령왕릉과 왕릉원
김해,불모산노을전망대,2,ro500 장유사 / ro525 팥고방
남원,교룡산성,2,ro281 서도역영상촬영장 / ro320 피오리움
남해,구미동해수욕장,2,ro194 남해전통시장 / ro415 사촌해수욕장
남해,남해탈공연박물관,2,ro179 남해전복물회 / ro415 사촌해수욕장
담양,담양곤충박물관,2,ro628 딜라이트 담양 / ro733 플레이펫
당진,만대항,2,ro45 한진포구 / ro426 도비도항
동해,노봉해변,2,ro89 어달해변 / ro212 황정숙막국수
목포,고하도선착장,2,ro71 목포북항 / ro193 고하도전망대
무주,라제통문,2,ro778 무심원 / ro831 무주반디랜드 무주곤충박물관
문경,상주자전거박물관,2,ro777 대흥정육점 / ro901 문경야구장
밀양,우포늪,2,ro258 얼음골 / ro433 선샤인밀양테마파크
밀양,해인사,2,ro379 밀양돌짬뽕 / ro566 용두산달팽이전망대
보령,꽃지해수욕장,2,ro39 원산도해수욕장 / ro114 바이더오
보령,꽃지해안공원,2,ro39 원산도해수욕장 / ro153 원산도명가식당
보성,낙안민속자연휴양림,2,ro139 율포해수욕장 / ro480 벌교시장
보성,대원사,2,ro464 청광도예원 / ro922 보성열화정
부산,곰내연밭,2,ro756 신평소공원 / ro757 충렬사
부산,부산공동어시장,2,ro518 피아크 / ro968 다대포항
부산,서면1번가,2,ro126 청사포방파제 / ro784 오르디
부산,학리방파제,2,ro518 피아크 / ro786 이흥용과자점 두실점
부안,장자도,2,ro155 국립새만금간척박물관 / ro237 변산명인바지락죽
부안,장자도여객터미널,2,ro252 소노벨변산 오션플레이 / ro256 격포항 수산시장
사천,강주연못,2,ro82 남일대해수욕장 / ro113 하주옥 진주냉면
사천,경상남도수목원,2,ro355 항공우주박물관 / ro408 백천사
사천,국립진주박물관,2,ro79 삼천포항 / ro355 항공우주박물관
산청,초전공원,2,ro249 수선사 / ro410 남사예담촌
삼척,동쪽바다중앙시장,2,ro11 삼척해변 / ro14 삼척중앙시장
상주,상주국제승마장,2,ro655 장각폭포 / ro943 낙동강 역사이야기관
서울,가리봉시장,2,ro512 영등포전통시장 / ro950 대신시장
서울,겸재정선미술관,2,ro751 강서별빛우주과학관 / ro753 서울물재생체험관
서울,고척근린공원,2,ro662 신창시장 / ro958 서울시립 서서울미술관
서울,구룡사,2,ro470 임병주 산동칼국수 / ro588 블루스퀘어
서울,남구로시장,2,ro515 금남시장 / ro743 대림시장
서울,뚝도청춘시장,2,ro589 마장축산물시장 / ro747 용산용문시장
서울,마천중앙시장,2,ro367 독립문영천시장 / ro749 명일전통시장 청춘마켓
서울,서울광나루안전체험관,2,ro585 서울상상나라 / ro910 영화사
서울,신성종합시장,2,ro515 금남시장 / ro952 상계중앙시장
서울,정릉시장,2,ro863 어머니대성집 / ro958 서울시립 서서울미술관
서울,타임스퀘어,2,ro583 퐁피두센터 한화 / ro683 서일순대국 별관
서울,푸른수목원,2,ro160 전쟁기념관 / ro538 감나무집기사식당
서천,무량사,2,ro53 홍원항 / ro283 마량포구
수원,국토지리정보원/국립지도박물관,2,ro787 경기아트센터 / ro788 해우재문화센터
수원,방죽공원,2,ro472 수원화성 팔달문 / ro865 영흥수목원
수원,수원광교박물관,2,ro695 수원박물관 / ro927 아쿠아플라넷 광교
순천,성산공원,2,ro274 낙안읍성민속마을 김소아가옥 / ro555 아랫장
아산,당림미술관,2,ro419 궁평저수지 맨발황톳길 / ro495 모나밸리
안동,경상북도산림과학박물관,2,ro277 안동시립박물관 / ro485 안동소주전통음식박물관
안동,낙강물길공원/공사중(2028년12월31일개장예정),2,ro262 안동 간고등어 일직식당 직영점 예미정 / ro558 안동호 선성수상길
양산,미타암,2,ro502 홍룡사 / ro725 극락암
양평,유명산자연휴양림,2,ro116 스타벅스 더양평DT점 / ro115 옥천냉면황해식당 본점
여수,GS칼텍스예울마루,2,ro85 꽃돌게장1번가 / ro192 국동항
여수,교동시장,2,ro51 여수예술랜드 / ro68 여수낭만포차거리
여수,녹테마레,2,ro51 여수예술랜드 / ro85 꽃돌게장1번가
여주,목아박물관,2,ro506 국가유산청 궁능유적본부 세종대왕유적관리소 / ro653 여주박물관
영덕,보경사,2,ro65 축산항 / ro211 나비산기사식당
영덕,월포해수욕장,2,ro44 영덕해맞이공원 / ro48 대진해수욕장
영월,타임캡슐공원,2,ro84 영월소금빵 / ro271 김삿갓계곡
예산,세계꽃식물원,2,ro537 백설농부 / ro584 윤봉길의사기념관
예산,유구색동수국정원,2,ro233 소복갈비 / ro325 예당호 모노레일
용인,광교호수공원,2,ro672 호수앉기 / ro928 기흥레스피아호수공원 반려동물놀이터
용인,구매탄시장,2,ro672 호수앉기 / ro693 기흥호수공원
용인,동백호수공원,2,ro773 수지외식타운 / ro936 용인시박물관
용인,로만바스,2,ro600 어로프슬라이스피스 / ro773 수지외식타운
용인,만골근린공원,2,ro499 경기도어린이박물관 / ro772 고기리막국수
용인,문아트그라운드뮤지엄,2,ro477 호암미술관 / ro501 삼성화재 모빌리티뮤지엄
울산,덕신소공원,2,ro364 언양알프스시장 / ro424 남창옹기종기시장
이천,용인곤충테마파크,2,ro165 경춘당Bakery&Brunch카페 / ro339 강민주의들밥 이천본점
익산,무녀도,2,ro266 한일식당 / ro893 북부시장
인천,늘솔길공원,2,ro314 소래포구종합어시장 / ro855 늘솜당
인천,늘솔길공원양떼목장,2,ro553 송도컨벤시아 / ro855 늘솜당
인천,북성포구,2,ro708 화도진공원 / ro934 드림파크야생화단지
인천,월미바다역,2,ro629 인천도시역사관 / ro706 인천광역시립박물관
인천,월미짱랜드,2,ro22 교동대룡시장 / ro856 스타벅스 인천용현DT점
인천,인천항연안여객터미널,2,ro12 강화풍물시장 / ro482 롱비치파크
제주,노루생태관찰원,2,ro87 스타벅스 더제주송당파크R점 / ro261 한라산둘레길 사려니숲길
제천,미륵대원지,2,ro308 송계계곡 / ro374 청풍황금떡갈비
제천,악어봉,2,ro309 청풍호관광 모노레일 / ro310 청풍문화유산단지
진주,노을공원,2,ro218 진주남강유등전시관 / ro354 철도문화공원
창녕,관룡사,2,ro734 창녕영산만년교 / ro808 무심사
창녕,산토끼노래동산,2,ro905 창녕우포곤충나라 / ro906 화왕산자연휴양림
창녕,합천옥전고분군,2,ro563 창녕박물관 / ro715 창녕교동과송현동고분군
창원,마산로봇랜드,2,ro545 명서전통시장 / ro719 창원국제사격장
창원,주기철목사기념관,2,ro427 가음정 전통시장 / ro640 불모산노을전망대
청송,객주문학관,2,ro714 대전사 / ro859 바우
청주,서문시장,2,ro852 쫄쫄호떡 중앙공원본점 / ro870 청주북부시장
태백,고한야한구공탄시장,2,ro190 용연동굴 / ro191 황지공원 황지연못
태백,정선레일바이크,2,ro133 몽토랑 / ro189 태백석탄박물관
태백,정암사,2,ro396 태백고원자연휴양림 / ro404 구와우마을
태백,하이원리조트,2,ro189 태백석탄박물관 / ro297 원조태성실비식당
태안,구매항,2,ro18 안면도수산시장 / ro23 백사장항
태안,국립해양유산연구소/국립태안해양유물전시관,2,ro26 몽산포해수욕장 / ro76 덕수식당
태안,기지포해수욕장,2,ro26 몽산포해수욕장 / ro43 삼봉해수욕장캠핑장
태안,무량사,2,ro52 안면도영목항전망대 / ro75 딴뚝통나무집식당
통영,가조도,2,ro2 통영중앙전통시장 / ro55 서호시장
파주,미메시스아트뮤지엄,2,ro383 심학산도토리국수 본점 / ro445 심학산 약천사
평창,가리왕산자연휴양림,2,ro393 청옥산 육백마지기농장 / ro394 장전계곡
포천,현등사,2,ro571 국립운악산자연휴양림 / ro724 제일유황온천
하동,금오산전망대,2,ro885 하동 코리아짚와이어 / ro307 더로드101 하동
하동,노량항,2,ro307 더로드101 하동 / ro806 하동공설시장
함안,촉석루,2,ro96 함안연꽃테마파크 / ro598 대구식당
함양,벽송사,2,ro681 카페오도재 / ro775 나무달쉼터
홍성,오서산자연휴양림,2,ro744 용봉산자연휴양림 / ro812 광천전통시장
화순,사직공원전망타워,2,ro413 개미산 전망대 / ro565 동구리호수공원
가평,K26잠수풀,1,ro463 설악막국수 춘천닭갈비 별관
가평,가평별빛정원,1,ro729 명지계곡
가평,강씨봉자연휴양림,1,ro382 델씨엘로
가평,강촌레일파크/가평역,1,ro429 가평베고니아새정원
강릉,4est수목원,1,ro824 무위사
강릉,강남축구공원,1,ro47 강문해변
강릉,경포대,1,ro33 주문진해변
강릉,고산윤선도유적지,1,ro824 무위사
강릉,어달해변,1,ro5 안목해변
강릉,정선레일바이크,1,ro47 강문해변
강릉,통리탄탄파크,1,ro24 강릉카페거리
강릉,해랑전망대,1,ro1 주문진수산시장
거제,구영해수욕장,1,ro105 지세포항
거창,대봉산자연휴양림,1,ro459 도감어가
거창,상림공원,1,ro359 거창산림레포츠파크
거창,해인사성보박물관,1,ro564 백두산천지온천
경기광주,강하생활체육공원,1,ro899 율봄식물원
경기광주,구둔역/폐역,1,ro727 팔당전망대
경기광주,다산정약용유적지,1,ro727 팔당전망대
경기광주,닻미술관,1,ro827 경기도자박물관
경기광주,미호박물관,1,ro572 중대물빛공원
경기광주,정몽주선생묘,1,ro898 경안천습지생태공원
고령,상주박물관,1,ro904 우륵박물관
고성,갈모봉자연휴양림,1,ro770 카페도어스
고성,강구안,1,ro596 군령포 하모자연산횟집
고성,강주연못,1,ro275 그레이스정원
고성,거제자연예술랜드,1,ro596 군령포 하모자연산횟집
고성,고성생태학습관,1,ro740 고성탈박물관
고성,국립김해박물관,1,ro254 고성박물관
고성,국립산악박물관,1,ro8 바다정원펜션
고성,금호리조트/설악,1,ro8 바다정원펜션
고성,남일대해수욕장,1,ro830 맥전포항
고성,당포항,1,ro403 고성시장
고성,바람흔적미술관,1,ro770 카페도어스
고성,상리연꽃공원,1,ro830 맥전포항
고성,서피랑공원,1,ro275 그레이스정원
고성,진주농산물도매시장,1,ro403 고성시장
고성,합천박물관,1,ro254 고성박물관
고성(강원),구곡폭포,1,ro140 송지호관망타워
고성(강원),금호리조트/설악,1,ro6 송지호해수욕장
고성(강원),김유정문학촌,1,ro34 화진포해변
고성(강원),대포항,1,ro58 거진항
고성(강원),등대해변,1,ro6 송지호해수욕장
고성(강원),매바위인공폭포,1,ro159 하늬라벤더팜
고성(강원),백담사,1,ro159 하늬라벤더팜
고성(강원),베니키아호텔산과바다/대포항,1,ro98 건봉사
고성(강원),설악산자생식물원,1,ro140 송지호관망타워
고성(강원),속초항,1,ro34 화진포해변
고성(강원),신흥사,1,ro98 건봉사
고성(강원),장사항,1,ro58 거진항
고양,고양대덕생태공원,1,ro966 행주산성 역사공원
고양,고양생태공원,1,ro828 현대 모터스튜디오 고양
고양,고양어린이박물관,1,ro605 배다골베이커리 포레
고양,미호박물관,1,ro505 아쿠아플라넷 일산
고양,별내체육공원,1,ro238 일산칼국수 본점
고양,봉일천종합시장,1,ro669 원당시장
고양,운정건강공원,1,ro659 행주산성
고양,중미산자연휴양림,1,ro606 고자리냉면 본점
고창,고창운곡람사르습지자연생태공원,1,ro207 고창 세계유산 고인돌박물관
고창,내장사,1,ro431 석정휴스파
고창,내장산케이블카,1,ro285 구시포해수욕장
고창,동학농민혁명기념관,1,ro235 북경반점
고창,무성서원,1,ro235 북경반점
공주,고란사,1,ro122 유구색동수국정원
공주,국립부여박물관,1,ro198 무령왕릉
공주,궁남지,1,ro122 유구색동수국정원
공주,부여나성,1,ro164 곰골식당
공주,부여왕릉원,1,ro360 공주 무령왕릉과 왕릉원
구미,구미에코랜드,1,ro840 구미코
구미,금오랜드,1,ro781 한채쭈꾸미
구미,금오산케이블카,1,ro860 곤지곤지 남통점
구미,도리사,1,ro944 지산샛강생태공원
구미,동락공원,1,ro840 구미코
구미,박정희대통령생가,1,ro860 곤지곤지 남통점
구미,상주자전거박물관,1,ro944 지산샛강생태공원
군산,국립민속국악원,1,ro107 군산수산물종합센터
군산,국립전주박물관,1,ro107 군산수산물종합센터
군산,군산3.1운동100주년기념관,1,ro303 빈해원
군산,무녀도,1,ro202 몽돌해변
김해,경남도립미술관,1,ro644 김해시립김영원미술관
김해,경상남도수목원,1,ro525 팥고방
김해,본포수변생태공원,1,ro531 대청마루카페사계
김해,삼밀사,1,ro500 장유사
김해,우곡사,1,ro720 수안마을회관
김해,장미공원,1,ro720 수안마을회관
김해,주기철목사기념관,1,ro531 대청마루카페사계
김해,창원과학체험관,1,ro644 김해시립김영원미술관
남양주,광릉,1,ro326 정약용유적지 생가
남양주,남양주한강공원/삼패지구,1,ro651 다산생태공원
남양주,대성리국민관광지,1,ro822 천보사
남양주,물맑음수목원,1,ro821 몽골문화촌
남양주,불암사,1,ro822 천보사
남양주,쁘띠프랑스,1,ro182 팔당초계국수 본점
남양주,조무락계곡,1,ro821 몽골문화촌
남원,국립민속국악원,1,ro362 남원시립김병종미술관
남원,전주역사박물관,1,ro264 명문제과
남해,남해각,1,ro194 남해전통시장
남해,남해대교유람선,1,ro276 항도몽돌해수욕장
남해,남해상상양떼목장편백숲,1,ro197 물미해안전망대
남해,둔촌갯벌체험장,1,ro181 힙한식 (2026년 9월 이전예정)
남해,물건방조어부림,1,ro279 초전몽돌해변
논산,견훤왕릉,1,ro286 충곡서원
논산,마곡사,1,ro92 반야사
논산,미암사,1,ro267 강경해물칼국수
논산,박찬호기념관,1,ro92 반야사
논산,서동요오픈세트장,1,ro201 논산선샤인랜드
논산,충청남도역사박물관,1,ro203 명재고택
단양,다리안국민관광지,1,ro510 구인사
단양,말티재전망대,1,ro647 보발재전망대
단양,삼탄유원지,1,ro547 시루섬
단양,악어봉,1,ro295 카페산
담양,광주공원,1,ro215 베비에르밀팩토리
담양,광주패밀리랜드,1,ro815 담양호
담양,광주호호수생태원,1,ro569 담양온천
담양,담양명옥헌원림,1,ro732 담양관방제림
담양,대인시장,1,ro811 한재골
담양,목포북항,1,ro300 뚝방국수
담양,사직공원전망타워,1,ro628 딜라이트 담양
담양,소호요트마리나,1,ro300 뚝방국수
담양,순천만국제습지센터,1,ro215 베비에르밀팩토리
담양,홍길동테마파크,1,ro733 플레이펫
당진,개화예술공원,1,ro132 우렁이박사
당진,고대지구근린공원,1,ro668 한진포구 전망대
당진,광덕사,1,ro141 합덕제 수변공원
당진,남당항,1,ro426 도비도항
당진,마섬포구,1,ro668 한진포구 전망대
당진,모나밸리,1,ro86 로드1950카페
당진,무창포항,1,ro132 우렁이박사
당진,백리포해수욕장,1,ro86 로드1950카페
당진,병천시장,1,ro141 합덕제 수변공원
당진,부여나성,1,ro199 면천읍성
당진,외암리민속마을,1,ro199 면천읍성
당진,천안삼거리공원,1,ro45 한진포구
대구,국채보상운동기념공원,1,ro871 플레이월드 대구점
대구,나불지생태공원,1,ro623 수성시장
대구,달성공원,1,ro872 수성아트피아
대구,동구시장,1,ro350 대구미술관
대구,땅땅랜드치킨체험테마파크,1,ro871 플레이월드 대구점
대구,반야월연꽃단지,1,ro623 수성시장
대구,송라시장,1,ro269 코오롱야외음악당
대구,아르떼수성랜드,1,ro853 홍구원 가창점
대구,월광수변공원,1,ro854 오퐁드부아
대구,팔공산케이블카,1,ro313 이월드
대구,평화시장,1,ro620 수성유원지
대구,황금시장,1,ro854 오퐁드부아
대구,효목시장,1,ro527 신천궁전떡볶이
대전,대전곤충생태관,1,ro452 원조태평소국밥 본관
대전,대전목재문화체험장,1,ro612 대전컨벤션센터
대전,문창전통시장,1,ro613 중리전통시장
대전,보문산큰나무전망대,1,ro690 대전컨벤션센터 제2전시장
대전,천연기념물센터,1,ro697 대전시립박물관
동해,두타산성,1,ro217 감추해변
목포,교동시장,1,ro69 목포동부시장
무주,덕유산자연휴양림,1,ro635 백련사
무주,지리산허브밸리,1,ro635 백련사
문경,경천섬공원,1,ro901 문경야구장
문경,고모산성,1,ro631 문경에코월드
문경,봉정사,1,ro597 뉴욕제과
문경,소수서원,1,ro631 문경에코월드
문경,안동임청각,1,ro597 뉴욕제과
문경,통고산자연휴양림,1,ro777 대흥정육점
밀양,대산플라워랜드,1,ro643 금시당유원지
밀양,밀양아리랑대공원,1,ro379 밀양돌짬뽕
밀양,밀양아리랑시장,1,ro599 달리아커피 단장면
밀양,본포수변생태공원,1,ro643 금시당유원지
밀양,불모산노을전망대,1,ro599 달리아커피 단장면
밀양,신흥사,1,ro428 여여정사
밀양,창원향교,1,ro428 여여정사
밀양,통도사,1,ro258 얼음골
보령,기지포해수욕장,1,ro153 원산도명가식당
보령,달산포해수욕장,1,ro114 바이더오
보령,만수산자연휴양림,1,ro157 보령중앙시장
보령,미암사,1,ro123 보령석탄박물관
보령,바람아래해수욕장,1,ro144 대천해수욕장 스카이바이크
보령,방포해수욕장,1,ro157 보령중앙시장
보령,샛별해수욕장,1,ro143 성주산자연휴양림
보령,안면암,1,ro93 상화원
보령,장항스카이워크,1,ro93 상화원
보성,낭도항,1,ro480 벌교시장
보성,목포북항,1,ro139 율포해수욕장
보성,운주사,1,ro464 청광도예원
보성,율포해수녹차센터,1,ro922 보성열화정
보성,흥국사,1,ro704 주월산패러글라이딩장
보은,미동산수목원,1,ro868 속리산CC
보은,상당산성,1,ro675 일상화글램핑
보은,옥화자연휴양림,1,ro675 일상화글램핑
보은,청남대,1,ro698 말티재 전망대
봉화,경상북도산림과학박물관,1,ro677 비진숲커피
봉화,고산정,1,ro677 비진숲커피
봉화,국립산림치유원,1,ro461 봉화한약우프라자
봉화,권정생동화나라,1,ro881 국립청옥산자연휴양림
봉화,도산서원,1,ro626 청량사 유리보전
봉화,봉정사,1,ro626 청량사 유리보전
봉화,부석사,1,ro461 봉화한약우프라자
봉화,분천역산타마을,1,ro971 봉화은어축제
봉화,연미사,1,ro799 축서사
봉화,희방사,1,ro799 축서사
부산,APEC나루공원,1,ro762 F1963
부산,국립부산과학관,1,ro240 풍원장시골밥상집
부산,국립수산과학관,1,ro610 해운대기와집대구탕
부산,동래향교,1,ro785 동래밀면 본점
부산,동명불원,1,ro686 국제밀면 본점
부산,박태준기념관,1,ro260 태종대 전망대
부산,부산진성공원,1,ro923 대저생태공원
부산,부산진시장,1,ro920 수영팔도상가시장
부산,서동미로시장,1,ro591 서원시장
부산,성암사,1,ro443 삼광사
부산,송도해상케이블카,1,ro241 피아크 카페엔베이커리
부산,양정시장,1,ro592 민락회타운시장
부산,유엔평화기념관,1,ro592 민락회타운시장
부산,은진사,1,ro444 아홉산숲
부산,이동항,1,ro305 해운대가야밀면
부산,정관박물관,1,ro757 충렬사
부산,칠암항,1,ro786 이흥용과자점 두실점
부산,해광사,1,ro610 해운대기와집대구탕
부안,고창읍성,1,ro252 소노벨변산 오션플레이
부안,금강하구둑,1,ro124 격포해수욕장
부안,내장사,1,ro94 곰소항
부안,동호해수욕장,1,ro185 슬지제빵소
부안,몽돌해수욕장,1,ro124 격포해수욕장
부안,정읍사문화공원,1,ro94 곰소항
부안,춘향테마파크,1,ro155 국립새만금간척박물관
사천,덕원해수욕장,1,ro79 삼천포항
사천,독일마을,1,ro221 아라마루 아쿠아리움
사천,문수암,1,ro387 삼천포돌게장
사천,물건방조어부림,1,ro315 삼천포대교공원
사천,미조항,1,ro315 삼천포대교공원
사천,송정솔바람해변,1,ro221 아라마루 아쿠아리움
사천,진주시립이성자미술관,1,ro113 하주옥 진주냉면
사천,진주익룡발자국전시관,1,ro82 남일대해수욕장
사천,청곡사,1,ro408 백천사
산청,지안재,1,ro902 덕천서원
산청,진양호공원,1,ro710 정취암
산청,진주시립이성자미술관,1,ro486 대원사
산청,진주청동기문화박물관,1,ro410 남사예담촌
산청,촉석루,1,ro249 수선사
산청,칠선계곡,1,ro902 덕천서원
산청,합천영상테마파크,1,ro710 정취암
산청,합천호관광농원,1,ro486 대원사
삼척,갈남항,1,ro40 용화해변
삼척,노봉해변,1,ro10 맹방해수욕장
삼척,논골담길,1,ro10 맹방해수욕장
삼척,두타산/무릉계곡방면,1,ro73 부일막국수
삼척,두타산성,1,ro11 삼척해변
삼척,망상해수욕장,1,ro73 부일막국수
삼척,무릉계곡,1,ro14 삼척중앙시장
삼척,무릉별유천지,1,ro83 삼고정문
삼척,묵호항,1,ro41 삼척항
삼척,묵호항수변공원,1,ro41 삼척항
삼척,촛대바위,1,ro83 삼고정문
삼척,추암해변,1,ro40 용화해변
상주,상주곶감공원,1,ro903 경천섬공원
서산,갈음이해수욕장,1,ro602 진국집
서산,남당항,1,ro174 서산한우목장 웰빙산책로
서산,당진면천읍성,1,ro521 국립용현자연휴양림
서산,당진합덕제,1,ro448 용현계곡
서산,도비도항,1,ro430 서산중앙호수공원
서산,두여해수욕장,1,ro430 서산중앙호수공원
서산,마섬포구,1,ro448 용현계곡
서산,만대항,1,ro602 진국집
서산,무상사,1,ro670 보원사지 오층석탑
서산,솔뫼성지,1,ro521 국립용현자연휴양림
서산,신진항,1,ro603 냉면만허유
서산,안흥항,1,ro174 서산한우목장 웰빙산책로
서산,천리포항,1,ro257 대산항
서산,천리포해수욕장,1,ro257 대산항
서산,청산수목원,1,ro603 냉면만허유
서울,KBS온,1,ro291 여의도 한강공원 수영장
서울,KT&G상상마당/홍대,1,ro975 파리문화공원
서울,간송미술관,1,ro330 삼청각 유하정
서울,갑곶돈대,1,ro38 보문사
서울,강서농산물도매시장,1,ro294 수협 강서수산시장
서울,강서습지생태공원,1,ro753 서울물재생체험관
서울,강서한강공원,1,ro607 어나더사이드
서울,강화광성보,1,ro38 보문사
서울,개봉중앙시장,1,ro956 삼성동시장
서울,거리공원,1,ro208 양화한강공원
서울,경교장,1,ro373 대한민국역사박물관
서울,광희문,1,ro957 서울연극창작센터
서울,국가무형유산전수교육관,1,ro847 봉원사
서울,국립국악원,1,ro470 임병주 산동칼국수
서울,긴고랑공원,1,ro914 마곡실내배드민턴장
서울,달맞이근린공원,1,ro608 함경도찹쌀순대
서울,매헌시민의숲,1,ro590 도산근린공원
서울,매헌윤봉길의사기념관,1,ro666 서울스카이
서울,방이고분공원,1,ro371 잠실한강공원
서울,백련사,1,ro925 모래내시장 먹자골목
서울,법룡사,1,ro959 대성사
서울,보광사,1,ro369 화계사
서울,보신각,1,ro913 뚝도시장
서울,봉국사,1,ro329 마포농수산물시장
서울,살곶이체육공원,1,ro954 점프
서울,삼청공원,1,ro972 서울시립 남서울미술관
서울,서울백제어린이박물관,1,ro437 한성백제박물관
서울,서울옥션/강남센터,1,ro587 김창열화가의집
서울,송파책박물관,1,ro841 망원유수지체육공원
서울,송화벽화시장,1,ro916 서울함공원
서울,수유중앙시장,1,ro663 우림시장
서울,양재천근린공원,1,ro590 도산근린공원
서울,우리옛돌박물관,1,ro344 성북동면옥집
서울,일원에코파크,1,ro683 서일순대국 별관
서울,정릉,1,ro915 흥천사
서울,종이나라박물관,1,ro970 유한양행 윌로우하우스
서울,중부시장,1,ro956 삼성동시장
서울,탑골공원,1,ro689 서울물빛나루 1호 홍제천 카페폭포
서울,풍납전통시장,1,ro861 함경면옥
서울,한국은행 화폐박물관,1,ro373 대한민국역사박물관
서울,허준박물관,1,ro912 대한불교조계종 연화사
서울,홍원사,1,ro847 봉원사
서울,황학동벼룩시장,1,ro973 서울풍물시장
서천,낙화암,1,ro100 서천특화시장임시상설시장
서천,달산포해수욕장,1,ro67 춘장대해수욕장
서천,만대항,1,ro283 마량포구
서천,미암사,1,ro173 장항스카이워크
서천,밧개해수욕장,1,ro289 국립희리산해송자연휴양림
서천,백사장항,1,ro53 홍원항
서천,백사장해수욕장,1,ro289 국립희리산해송자연휴양림
서천,서동요오픈세트장,1,ro380 한우마을
세종,비암사,1,ro947 고복저수지
속초,국립산악박물관,1,ro21 만석닭강정 시장1호점
속초,동해무릉건강숲,1,ro3 청초수물회 속초본점
속초,마레몬스호텔,1,ro97 등대해수욕장
수원,경기도박물관,1,ro867 수원시립만석전시관
수원,수원시립미술관,1,ro867 수원시립만석전시관
순천,미평산림욕장,1,ro406 순천조례호수공원
순천,소호동동다리,1,ro798 호남호국기념관
순천,여수세계박람회장/해양공원,1,ro879 중앙시장
순천,진남종합시장,1,ro555 아랫장
시흥,광교산,1,ro939 연꽃테마파크
시흥,명성황후생가,1,ro939 연꽃테마파크
시흥,용인자연휴양림,1,ro929 오이도 빨강등대
시흥,화서문,1,ro929 오이도 빨강등대
아산,각원사,1,ro381 죽순산장
아산,갑사,1,ro420 파라다이스스파도고
아산,광덕산,1,ro418 강당골
아산,독립기념관,1,ro302 목화반점
아산,봉곡사,1,ro287 온양온천시장
아산,안면해수욕장,1,ro381 죽순산장
아산,천안삼거리공원,1,ro419 궁평저수지 맨발황톳길
아산,태학산자연휴양림,1,ro302 목화반점
안동,묵계서원,1,ro560 체화정
양산,가야진사,1,ro646 임경대
양산,능포항,1,ro548 내원사계곡
양산,황덕도,1,ro615 양산타워
양양,강릉솔향수목원,1,ro213 영광정메밀국수
양양,경포대,1,ro70 하조대전망대
양양,곰배령(산림청_진동리구간),1,ro186 낙산 바람꽃해녀마을
양양,광진해변,1,ro99 양양전통시장
양양,구곡폭포,1,ro99 양양전통시장
양양,금호리조트/설악,1,ro119 물치항
양양,대포항,1,ro119 물치항
양양,모래시계공원,1,ro7 낙산해수욕장
양양,방태산자연휴양림,1,ro186 낙산 바람꽃해녀마을
양양,설악산자생식물원,1,ro213 영광정메밀국수
양양,소돌해변,1,ro29 하조대해수욕장
양양,아들바위공원,1,ro70 하조대전망대
양양,연곡해변,1,ro29 하조대해수욕장
양양,영진항,1,ro136 수산항
양양,주문진항,1,ro136 수산항
양양,주문진해변,1,ro7 낙산해수욕장
양주,도라전망대,1,ro446 국립아세안자연휴양림
양주,마장호수,1,ro519 일영유원지
양주,보광사,1,ro519 일영유원지
양주,봉선사,1,ro823 대한불교조계종회암사
양주,서운동산,1,ro908 가나아트파크
양주,파주이이유적,1,ro446 국립아세안자연휴양림
양주,한국등잔박물관,1,ro340 장흥폭포수식당
양주,행주산성,1,ro340 장흥폭포수식당
양주,현등사,1,ro823 대한불교조계종회암사
양주,흥국사,1,ro450 헤세의정원
양평,가일미술관,1,ro648 양수리전통시장
양평,남양주시립박물관,1,ro225 황순원문학촌 소나기마을
양평,능내역/폐역,1,ro648 양수리전통시장
양평,왈츠와닥터만커피박물관,1,ro574 더마구
양평,유명산계곡,1,ro366 사나사계곡
양평,청평자연휴양림,1,ro503 양평군립미술관
양평,한강뮤지엄,1,ro503 양평군립미술관
양평,한국초콜릿연구소뮤지엄,1,ro225 황순원문학촌 소나기마을
여수,낭도항,1,ro192 국동항
여수,돌산항,1,ro138 무슬목해수욕장
여주,광릉,1,ro341 천서리막국수 본점
영덕,감포항,1,ro65 축산항
영덕,낙강물길공원/공사중(2028년12월31일개장예정),1,ro108 옥계계곡
영덕,대릉원,1,ro25 고래불해수욕장
영덕,등기산스카이워크,1,ro239 보움
영덕,삼정해변,1,ro109 동광어시장
영덕,송도해수욕장,1,ro44 영덕해맞이공원
영덕,안동시립박물관,1,ro25 고래불해수욕장
영덕,안동학가산온천,1,ro48 대진해수욕장
영덕,영일만항,1,ro109 동광어시장
영덕,주산지,1,ro239 보움
영덕,풍기인삼시장,1,ro108 옥계계곡
영덕,화진해수욕장,1,ro211 나비산기사식당
영월,병방치스카이워크,1,ro106 영월 고씨굴
영월,아우라지,1,ro271 김삿갓계곡
영월,철암탄광역사촌,1,ro151 박가네
영월,태백고생대자연사박물관,1,ro151 박가네
영월,하이원리조트,1,ro188 장릉
영월,화암동굴,1,ro84 영월소금빵
영월,화암약수야영장,1,ro106 영월 고씨굴
영월,황지연못,1,ro188 장릉
예산,광천토굴새우젓시장,1,ro325 예당호 모노레일
예산,낙화암,1,ro200 예당저수지
예산,당진면천읍성,1,ro537 백설농부
예산,마곡사,1,ro233 소복갈비
예산,마량포구,1,ro200 예당저수지
예산,맷돌포선착장,1,ro578 예당호 전망대
예산,서산버드랜드,1,ro584 윤봉길의사기념관
예산,아산스파비스,1,ro907 스플라스 스파&워터파크
예산,용봉사,1,ro850 충의사
예산,이응노의집,1,ro850 충의사
예산,희리산해송자연휴양림,1,ro578 예당호 전망대
완도,낭도항,1,ro64 신지명사십리해수욕장
완도,당목항,1,ro742 화흥포항 대합실
완도,동고리해수욕장,1,ro829 완도자연휴양림
완도,두륜산케이블카,1,ro384 유일정식당
완도,땅끝국민관광지,1,ro649 완도항 제3부두
완도,땅끝해양자연사박물관,1,ro573 완도청해진유적
완도,목포북항,1,ro64 신지명사십리해수욕장
완도,산양진항,1,ro742 화흥포항 대합실
완도,송호해수욕장,1,ro384 유일정식당
완도,신흥해수욕장,1,ro386 개성순두부
완주,국립전주박물관,1,ro622 전북특별자치도립미술관
완주,천양정,1,ro933 고산자연휴양림
완주,청연루,1,ro622 전북특별자치도립미술관
완주,풍패지관,1,ro933 고산자연휴양림
용인,국토지리정보원/국립지도박물관,1,ro544 용인농촌테마파크
용인,동도사,1,ro638 법륜사
용인,두창저수지,1,ro894 용담저수지
용인,반달공원,1,ro523 포레스트아웃팅스 용인점
용인,방죽공원,1,ro523 포레스트아웃팅스 용인점
용인,수원시립미술관,1,ro477 호암미술관
용인,영덕레스피아,1,ro600 어로프슬라이스피스
용인,영동시장,1,ro453 라임그라스
용인,화성행궁,1,ro453 라임그라스
울산,배내고개,1,ro421 영남알프스 복합웰컴센터
울산,배내골,1,ro498 작천정계곡
울진,고산정,1,ro335 산수옥
울진,구수곡자연휴양림,1,ro125 국립해양과학관
울진,보경사,1,ro30 후포항
울진,포항여객선터미널,1,ro30 후포항
울진,하회세계탈박물관,1,ro80 덕구온천스파월드
원주,간현관광지,1,ro594 오크밸리리조트 빌리지센터
원주,계방산오토캠핑장,1,ro187 까치둥지
원주,김삿갓문학관,1,ro593 오크밸리CC
원주,김유정역/폐역,1,ro156 구룡사
원주,동화마을수목원,1,ro593 오크밸리CC
원주,백룡동굴/천연기념물제260호,1,ro187 까치둥지
원주,법흥사,1,ro156 구룡사
원주,영월동강오토캠핑장,1,ro520 원주 강원감영
원주,허브나라농원,1,ro520 원주 강원감영
이천,가남체육공원,1,ro165 경춘당Bakery&Brunch카페
이천,곤지암도자공원,1,ro324 관고전통시장
이천,곤지암리조트,1,ro576 테르메덴
이천,금은모래캠핑장,1,ro818 비승대체력단련장
이천,신륵사,1,ro577 이천설봉온천랜드
이천,여주도자세상,1,ro324 관고전통시장
이천,여주온천,1,ro577 이천설봉온천랜드
이천,플라이스테이션코리아,1,ro818 비승대체력단련장
이천,한택식물원,1,ro339 강민주의들밥 이천본점
이천,화담숲,1,ro576 테르메덴
익산,서동공원,1,ro657 미륵사지석탑
익산,옥구향교,1,ro266 한일식당
익산,전주향교,1,ro701 백제왕궁박물관
인제,강촌유원지,1,ro301 고향집식당
인제,내린천계곡,1,ro511 국립방태산자연휴양림
인제,매바위인공폭포,1,ro660 십이선녀탕계곡
인제,소돌항,1,ro301 고향집식당
인제,연호리조트,1,ro559 백담계곡
인천,거잠포선착장,1,ro805 배미꾸미조각공원
인천,논현포대근린공원,1,ro878 남동물빛놀이터
인천,달빛축제공원/주공연장,1,ro481 솔찬공원
인천,동검선착장,1,ro713 수기해수욕장
인천,마이랜드,1,ro801 수봉공원
인천,만석부두,1,ro768 오목골즉석메밀우동
인천,삼목선착장,1,ro713 수기해수욕장
인천,송도코마린웨스트보트하우스,1,ro800 국립세계문자박물관
인천,송현근린공원,1,ro708 화도진공원
인천,연산군유배지,1,ro482 롱비치파크
인천,팔미도유람선,1,ro802 한국이민사박물관
임실,서도역/폐역,1,ro889 옥정호 붕어섬생태공원
임실,혼불문학관,1,ro889 옥정호 붕어섬생태공원
장성,광주시민의숲,1,ro721 홍길동테마파크
장성,광주양동시장,1,ro769 고려조삼계탕 본점
장성,봉암서원,1,ro682 알콩달콩
장성,풍암호수공원/공사중(2027년07월 오픈예정),1,ro769 고려조삼계탕 본점
장흥,김대중노벨평화상기념관,1,ro220 정남진장흥토요시장
장흥,낙안민속자연휴양림,1,ro220 정남진장흥토요시장
장흥,땅끝해양자연사박물관,1,ro707 정남진 장흥 물축제
장흥,송광사,1,ro935 보림사
장흥,쌍봉사,1,ro935 보림사
장흥,흥국사,1,ro707 정남진 장흥 물축제
전주,남원관광단지,1,ro552 전주월드컵경기장
전주,남원항공우주천문대,1,ro633 전주난장
전주,무녀도,1,ro551 한국도로공사 전주수목원
전주,진포해양테마공원,1,ro633 전주난장
전주,피향정,1,ro700 금성당
정선,도롱이연못,1,ro296 회동집
정선,두타산/무릉계곡방면,1,ro474 강원랜드
정선,몰운대,1,ro398 화암약수
정읍,동학농민혁명기념관,1,ro819 정읍피향정
정읍,옥구향교,1,ro423 서현사지
제주,강정천,1,ro210 법환포구
제주,강정포구,1,ro209 원앙폭포
제주,고스트타운,1,ro112 금능해수욕장
제주,관음사,1,ro66 제주동화마을
제주,궷물오름,1,ro111 성이시돌목장
제주,그리스신화박물관,1,ro178 제주아트서커스
제주,노형수퍼마켙,1,ro178 제주아트서커스
제주,사수항,1,ro134 숙성도 중문점
제천,고수동굴,1,ro175 제천경찰수련원
제천,구인사,1,ro175 제천경찰수련원
제천,사인암,1,ro168 제천중앙시장
제천,소선암자연휴양림,1,ro309 청풍호관광 모노레일
제천,중앙탑공원,1,ro331 산아래석갈비 본점
진안,광한루원,1,ro875 마이산
진안,내장산케이블카,1,ro716 마이산 탑사
진안,덕유산자연휴양림,1,ro877 운일암반일암계곡
진안,동국사,1,ro716 마이산 탑사
진안,전주역사박물관,1,ro875 마이산
진안,치명자산성지,1,ro877 운일암반일암계곡
진주,서피랑공원,1,ro162 송기원 진주냉면 본점
진주,응석사,1,ro409 진양호
진주,진주익룡발자국전시관,1,ro484 지수승산부자마을
진주,척포항,1,ro351 진주실크박물관
창녕,남지체육공원,1,ro734 창녕영산만년교
창녕,클레이아크미술관,1,ro774 도천진짜순대 본점
창녕,통도사자장암,1,ro774 도천진짜순대 본점
창녕,해양드라마세트장,1,ro529 대중분식당
창원,가조도,1,ro545 명서전통시장
창원,거제해수보양온천,1,ro167 용원어시장
창원,궁농항,1,ro167 용원어시장
창원,김영삼대통령생가,1,ro376 임진각식당
창원,대산플라워랜드,1,ro378 퍼시먼커피
창원,대장경테마파크,1,ro348 창원컨벤션센터
창원,도계부부시장,1,ro817 소계시장
창원,버드앤피쉬체험장,1,ro131 동부회센타
창원,불곡사,1,ro425 대산파크골프장
창원,산달도,1,ro334 투썸플레이스 창원귀산해변점
창원,섬이정원,1,ro414 신촌온천
창원,어구항,1,ro348 창원컨벤션센터
창원,옥계해수욕장,1,ro131 동부회센타
창원,웅천도요지전시관,1,ro640 불모산노을전망대
창원,장미공원,1,ro641 창원축구센터
창원,진주농산물도매시장,1,ro376 임진각식당
창원,해인사,1,ro361 마금산원탕보양온천
천안,부여왕릉원,1,ro37 뚜쥬루 빵돌가마점
천안,승천사,1,ro813 천안 성성호수공원
천안,유관순열사기념관,1,ro497 아름다운정원 화수목
천안,천안예술의전당,1,ro891 천안축구센터 본관동
철원,군탄공원,1,ro248 고석정국민관광지
청송,경상북도독립운동기념관,1,ro880 신촌약수터
청송,경주오릉,1,ro473 달기약수터
청송,백암온천,1,ro945 주왕산온천관광호텔 청송솔기온천
청송,안동시립박물관,1,ro457 원조신촌식당
청송,안동하회마을,1,ro473 달기약수터
청송,체화정,1,ro882 백석탄 포트홀
청송,하옥계곡,1,ro714 대전사
청송,환호공원,1,ro457 원조신촌식당
춘천,강촌유원지,1,ro488 의암호스카이워크
춘천,노동당사,1,ro36 통나무집닭갈비 본점
충주,말티재전망대,1,ro792 월악산 만수계곡자연관찰로분기점
충주,문의문화재단지,1,ro792 월악산 만수계곡자연관찰로분기점
태백,도롱이연못,1,ro396 태백고원자연휴양림
태백,매봉산바람의언덕,1,ro397 365세이프타운
태백,타임캡슐공원,1,ro404 구와우마을
태안,고남패총박물관,1,ro18 안면도수산시장
태안,곰섬해변,1,ro43 삼봉해수욕장캠핑장
태안,꽃지해안공원,1,ro27 안면암
태안,꾸지나무골해수욕장,1,ro76 덕수식당
태안,부여나성,1,ro52 안면도영목항전망대
태안,천안박물관,1,ro23 백사장항
통영,거제관광모노레일,1,ro2 통영중앙전통시장
통영,김영삼대통령생가,1,ro55 서호시장
통영,달아항,1,ro312 당포항
통영,미래사,1,ro137 스카이라인 루지 통영
통영,한화리조트/거제벨버디어,1,ro95 동피랑전복마을
파주,깊이울유원지,1,ro434 율곡수목원
파주,대교미디어센터,1,ro268 갈릴리농원 본관
파주,밤밭청개구리공원,1,ro516 뮤지엄헤이
파주,법륜사,1,ro204 보광사 대웅보전
파주,소울원,1,ro447 한국근현대사박물관
파주,열화당책박물관,1,ro447 한국근현대사박물관
파주,한국초콜릿연구소뮤지엄,1,ro383 심학산도토리국수 본점
평창,경포대,1,ro31 월정사
평창,구미정,1,ro394 장전계곡
평창,국립대관령자연휴양림,1,ro229 평창한우마을 대관령
평창,대관령하늘목장,1,ro206 광천선굴 어드벤처 테마파크
평창,대화전통시장,1,ro399 청옥산 전망대
평창,도직해변,1,ro702 흥정계곡
평창,병방치스카이워크,1,ro393 청옥산 육백마지기농장
평창,영진항,1,ro231 부일식당
평창,이효석문학의숲,1,ro702 흥정계곡
평창,파크로쉬리조트앤웰니스,1,ro231 부일식당
포천,강씨봉자연휴양림,1,ro726 도마치계곡
포천,고석정국민관광지,1,ro402 담터계곡
포천,나남수목원,1,ro435 예술정원1999 자연예술테마파크
포천,도피안사,1,ro402 담터계곡
포천,봉선사,1,ro724 제일유황온천
포천,에델바이스스위스테마파크,1,ro342 갈비1987
포천,조무락계곡,1,ro571 국립운악산자연휴양림
하동,구미동해수욕장,1,ro806 하동공설시장
하동,구재봉자연휴양림,1,ro522 스타웨이하동
하동,남해대교유람선,1,ro884 정금정
하동,이순신바다공원,1,ro885 하동 코리아짚와이어
하동,통영시 서호동 서피랑마을,1,ro353 동정호
하동,함양남계서원,1,ro353 동정호
함안,경상남도수목원,1,ro407 함안고려동유적지
함안,그레이스정원,1,ro579 악양둑방
함안,남지체육공원,1,ro579 악양둑방
함안,마산어시장,1,ro642 입곡군립공원
함안,소계시장,1,ro407 함안고려동유적지
함안,의림사,1,ro170 능가사
함안,창녕박물관,1,ro534 아라가야 함안점
함안,초전공원,1,ro96 함안연꽃테마파크
함안,합천박물관,1,ro195 함안말이산고분군
함안,호국사,1,ro170 능가사
함안,화방사,1,ro195 함안말이산고분군
함양,오도산자연휴양림,1,ro491 함양대봉산휴양밸리 대봉스카이랜드
함양,천하몽돌해수욕장,1,ro632 농월정
합천,연호사,1,ro678 적사부
합천,진주향교,1,ro595 금관식당
합천,함벽루,1,ro887 황계폭포
해남,국립해양유산연구소,1,ro278 우수영국민관광지
해남,세월호목포신항만거치,1,ro63 땅끝전망대
해남,여수봉황산자연휴양림,1,ro158 송호해수욕장
홍성,광천토굴새우젓시장,1,ro368 남당항 해양분수공원
홍성,금강신관공원,1,ro717 홍성전통시장
홍성,만수산자연휴양림,1,ro812 광천전통시장
홍성,무창포항,1,ro717 홍성전통시장
홍성,세계꽃식물원,1,ro782 비츠
홍성,속동전망대,1,ro744 용봉산자연휴양림
홍성,오천항,1,ro290 홍성스카이타워
화순,광주비엔날레전시관,1,ro413 개미산 전망대
화순,광주시민의숲,1,ro263 미네랄하우스
화순,국립아시아문화전당,1,ro263 미네랄하우스
화순,무등산편백자연휴양림,1,ro736 화순고인돌전통시장
화순,백아산자연휴양림,1,ro738 숲속유원지
화순,사직공원,1,ro562 남산공원
화순,송광사,1,ro358 만연사
화순,포충사,1,ro358 만연사
횡성,구룡사,1,ro926 횡성호수길축제
횡성,국립한국자생식물원,1,ro759 국립청태산자연휴양림
횡성,도래미시장,1,ro926 횡성호수길축제
횡성,태기산전망대,1,ro759 국립청태산자연휴양림
