datalab_id,20,30,40,50,60plus
3f73bffa7c6d98063eebe1ecd3305da6,0.9666666666666667,1.0,1.0,0.9333333333333333,0.0
aa6be6a4f5997ab91804f3b6be58e878,0.9,0.9666666666666667,0.9666666666666667,1.0,1.0
276874ccf43c6c5c48e4cfaf7841a223,0.7,0.9333333333333333,0.8666666666666667,0.9666666666666667,0.85
f4cb0345c02d72995cc67111ef093ead,0.5166666666666667,0.9,0.9333333333333333,0.4166666666666667,0.0
d6e7d2e0ef86a25cce60aac5332b28dc,0.0,0.5333333333333333,0.9,0.7166666666666667,0.26666666666666666
94b37da181384604e8bdf68b3217008e,1.0,0.8666666666666667,0.48333333333333334,0.0,0.0
a7a30e65493f93bc02b9eb6dafc15230,0.0,0.0,0.8166666666666667,0.7833333333333333,0.9333333333333333
e871c31f2d8767492bd2063733a23ec3,0.08333333333333333,0.5333333333333333,0.48333333333333334,0.7833333333333333,0.6
38a26a16270ce8f2cf503ba9650b6c94,0.9333333333333333,0.65,0.13333333333333333,0.6166666666666667,0.6666666666666666
b605a838036e13947e8dd11697cdd276,0.0,0.13333333333333333,0.7,0.85,0.6666666666666666
ede5898c7b76ed7fbd8ec451ec4dbf83,0.0,0.8333333333333334,0.7666666666666667,0.0,0.0
8cce89feb1f76fc7cb1078812e964a94,0.0,0.0,0.48333333333333334,0.9,0.7833333333333333
b9dc3865498d79141065bc74ea791de7,0.6333333333333333,0.8,0.4,0.0,0.0
0d584d8e5e5d47817494c2f73ef30908,0.8,0.7333333333333333,0.31666666666666665,0.0,0.0
511bb5c2dc7ee740a2df2fa25c4cd231,0.3333333333333333,0.43333333333333335,0.6,0.5666666666666667,0.1
817c4a3902258090a27aca081b01743f,0.5166666666666667,0.5333333333333333,0.6,0.4166666666666667,0.0
c42f4fdc51ef1e5b896e680979ec3ecc,0.7333333333333333,0.31666666666666665,0.0,0.5333333333333333,0.55
b9231d0c3387a56154e033c670363024,0.5666666666666667,0.0,0.31666666666666665,0.6166666666666667,0.35
6a4932d3f2787d25a04b758ba68e9db2,0.0,0.7666666666666667,0.7,0.0,0.0
72c38469b443dcd14b3a2c8a954e11de,0.0,0.0,0.05,0.85,0.9666666666666667
97c0a1427be208a8ca50e879baa895c4,0.0,0.65,0.21666666666666667,0.0,0.1
3c42855b11fcc918539180683df819a3,0.0,0.31666666666666665,0.6,0.0,0.0
84642c0e4bdc2f34c4ba1fca7c0937ae,0.0,0.5333333333333333,0.8166666666666667,0.0,0.0
9aaf6c471f653b9f7f48f1bf52c02fad,0.0,0.0,0.7,0.08333333333333333,0.0
664bcb8aaae12fcedf6b388e569532d8,0.0,0.4,0.13333333333333333,0.0,0.0
8ae23fba3b339ba52d411e548e8dcbbe,0.0,0.13333333333333333,0.05,0.2,0.0
c63b5b337225ae746ba52eb7f398aac1,0.8333333333333334,0.21666666666666667,0.0,0.0,0.0
d68c2c6af7cf6cb1092154f35a52c1c7,0.0,0.0,0.13333333333333333,0.48333333333333334,0.0
5deaf67168dab528b8659e4ccbacc3b2,0.0,0.31666666666666665,0.0,0.0,0.6666666666666666
8d94308013411d55408018a58c07cbb3,0.0,0.13333333333333333,0.0,0.08333333333333333,0.4166666666666667
eae638a0117eda42a27a586f77cc0cd3,0.8666666666666667,0.7,0.0,0.0,0.0
b2e840beb2fcb66bb33d988c822656ad,0.7666666666666667,0.05,0.0,0.0,0.0
bf44234f9b63729e0fe62962a5188523,0.6333333333333333,0.0,0.0,0.0,0.0
72dfb0b0526f0b49c2b9190b49887e87,0.6333333333333333,0.31666666666666665,0.0,0.0,0.0
1597d21403f63da1bb0539592597a525,0.4666666666666667,0.0,0.0,0.3,0.0
48b5bea0295c5fe3512af1398026226d,0.4166666666666667,0.0,0.0,0.0,0.0
5e600bdb00a78e59c75e74d05dd3caa0,0.4166666666666667,0.0,0.0,0.0,0.0
c081c885d5b5476d1207c3872ae6985c,0.3333333333333333,0.0,0.0,0.0,0.0
241a42aa4e1d329ae60189e9679e2866,0.3333333333333333,0.0,0.0,0.0,0.0
26128ba4320cb4a31dbb4a693a9f4f34,0.21666666666666667,0.0,0.0,0.0,0.0
70b3b798148b1dfbcd408b556514cc23,0.21666666666666667,0.0,0.0,0.0,0.0
0d39edb44207993a9bb92de2bfb03365,0.21666666666666667,0.21666666666666667,0.0,0.0,0.1
8f19cf8b3a92c6b0f45f06a9536c7b6c,0.21666666666666667,0.0,0.0,0.0,0.0
9d58042af96868b01de11722f6a2975f,0.08333333333333333,0.0,0.0,0.0,0.0
88222e7e5f8172698373086e65c1fad1,0.08333333333333333,0.0,0.0,0.2,0.0
9dac72fa7ebfaa2eca0d9f9e4e8ddcff,0.08333333333333333,0.0,0.0,0.0,0.0
ac50c8b01e74f605a64ac86543f58c2a,0.0,0.5333333333333333,0.0,0.0,0.0
292387c8ba7110adca0f8ccf867ecaa3,0.0,0.05,0.0,0.0,0.0
1332e6356160a74e4937405aae31a198,0.0,0.0,0.48333333333333334,0.0,0.0
6f86adae03cf1c59fd5964461f603f73,0.0,0.0,0.31666666666666665,0.0,0.0
c9be92f2483770779b3c963fe8946c29,0.0,0.0,0.31666666666666665,0.0,0.0
01dffbc242ba6dd5672bde92ac2b93b4,0.0,0.0,0.21666666666666667,0.0,0.0
6d162daa5d414b4c04f4dfd53017c652,0.0,0.0,0.0,0.7166666666666667,0.7333333333333333
fd1c176dd1547450fde2d49fdd201d97,0.0,0.0,0.0,0.6666666666666666,0.1
48316cd2819d17d5a464e3eb5fdc5b88,0.0,0.0,0.0,0.48333333333333334,0.0
2f22e7b6f8130dd4b52b664af487c401,0.0,0.0,0.0,0.36666666666666664,0.9
6a5c7672f1af7dc1878bc66abadf4726,0.0,0.0,0.0,0.3,0.0
04bdb27729c4b7841aabe7665b964ad2,0.0,0.0,0.0,0.3,0.0
975055552ce7abb4c1a82d967434850e,0.0,0.0,0.0,0.2,0.35
da534dc2b8e676a0e00a4e2be6d28f86,0.0,0.0,0.0,0.08333333333333333,0.2
e1a30f9e7254555ab8502aece514d7f5,0.0,0.0,0.0,0.08333333333333333,0.0
db7c316c379c8e5a2eadef8648aeaa9f,0.0,0.0,0.0,0.0,0.85
f7a7a4fbfde355e7e635e8bbb1e07b53,0.0,0.0,0.0,0.0,0.7833333333333333
3abbc4295f8f464f3e4527cbd7254c53,0.0,0.0,0.0,0.0,0.55
98208837d388bedf7689ff65b59cff90,0.0,0.0,0.0,0.0,0.48333333333333334
864b1d08573642d8a9cf9c5b22556a17,0.0,0.0,0.0,0.0,0.48333333333333334
fde3c07733ea24446563afd36ed34d7c,0.0,0.0,0.0,0.0,0.4166666666666667
776e7e89353e146a00645ecb2456c971,0.0,0.0,0.0,0.0,0.26666666666666666
d7e4f4a3f8e8e1fcb0e2a317ba7973f3,0.0,0.0,0.0,0.0,0.26666666666666666
61d37e87ec160394e32a41dd674a3b91,0.0,0.0,0.0,0.0,0.1
